mtllib asd2.mtl
v -0.8343810439 1.100000009e-05 -16.99435425
vn 0.230214715 0.7180145383 -0.6568533778
v -0.614914 1.801311016 -14.9484129
vn 0.230214715 0.7180145383 -0.6568533778
v 3.012686968 1.100000009e-05 -15.64603329
vn 0.230214715 0.7180145383 -0.6568533778
v -19.52742386 0.4935932159 56.31551361
vn 0.1204928234 0.9921861887 -0.03237324581
v -20.93025398 -0.3292782605 55.90298843
vn -0.4773651063 0.7499287724 0.4579622746
v -31.84114075 0.509155333 76.32904053
vn -0.4646202028 0.8809641004 0.08961229771
v -7.430465698 0.5742251873 79.06529236
vn -0.005115541629 0.9999598265 -0.007362347562
v -7.3049016 -0.5114063621 79.08149719
vn 0.001303973026 -0.9895143509 -0.1444288045
v -21.22788239 -1.471542001 56.01366043
vn -0.4611253738 -0.7466948032 0.4793853164
v -16.12798119 -0.0938007161 57.7648735
vn 0.2378903478 -0.8078095317 -0.5393069386
v -0.8565251827 0.02509770729 79.21606445
vn 0.1081247106 -0.9889332056 -0.10158813
v -22.23169327 0.1313459128 79.12515259
vn -0.1017419472 -0.9819284678 -0.1595777571
v -31.84114075 0.509155333 76.32904053
vn -0.2546704113 -0.9659945369 0.04469433427
v -22.23169327 0.1313459128 79.12515259
vn 0.09905086458 0.870911777 0.4813539386
v -9.173377037 -7.046012342e-06 93.05779266
vn -0.1666072756 0.9859747887 0.009783676825
v -6.451320648 0.3665916622 92.75746155
vn -0.003910842817 0.9998973012 0.01378779486
v -3.725562096 -1.293119021e-05 93.94499969
vn 0.1556705087 -0.9870088696 0.03975078091
v -6.442212105 -0.3678016365 92.75435638
vn -0.004155417904 -0.9999139309 0.012446451
v -0.4151591063 -0.2467062771 132.1957397
vn 0.03271596134 -0.6723256111 -0.7395322323
v -5.974337101 -0.670594275 102.3669357
vn -0.01203293912 0.9779646993 0.2084233314
v -5.974337101 -0.670594275 102.3669357
vn 0.05051746219 -0.9810595512 -0.1870029122
v -0.4151591063 -0.2467062771 132.1957397
vn -0.008808978833 0.6924418211 0.7214199305
v -9.173377037 -7.046012342e-06 93.05779266
vn -0.1661894619 -0.9860702157 0.006825746968
v -1.398270249 0.565556407 35.18375397
vn -0.03471461311 0.9992577434 0.01670030504
v -4.277619839 1.999999768e-06 36.47076797
vn -0.2727700174 0.9618933201 -0.01891321875
v -0.8525894284 -0.7128406167 37.99258423
vn 0.07890615612 -0.9967703819 -0.01492056251
v 1.818210959 -0.000467630307 35.6682663
vn 0.3211115599 -0.9467566013 0.02322218195
v -16.12798119 -0.0938007161 57.7648735
vn 0.1092802733 0.992759645 0.04986084998
v -0.8565251827 0.02509770729 79.21606445
vn 0.1274883896 0.9913293719 -0.03182362393
v -20.93025398 -0.3292782605 55.90298843
vn -0.7846336365 -0.008649856783 0.6198993921
v -3.725562096 -1.293119021e-05 93.94499969
vn 0.1547000706 0.9870396852 0.04266742244
v 1.818210959 -0.000467630307 35.6682663
vn 0.2713391185 0.9624313116 0.01005250867
v -4.277619839 1.999999768e-06 36.47076797
vn -0.3787547052 -0.9254924655 -0.002923595021
v 2.316138029 3.99999999e-06 19.99607086
vn 0.2976390123 0.9506861567 -0.08721752465
v -2.125041246 0.9966968894 20.80979347
vn -0.07141533494 0.9968382716 -0.03483307734
v 3.713960648 -0.006892765872 23.3257103
vn 0.3302394748 0.9438263178 0.0115676038
v 5.15769577 -1.392735703e-05 20.90430069
vn -0.001417401596 0.9994750619 -0.03236578405
v -1.34499836 -1.21672368 17.8552227
vn 0.03297916055 -0.99945122 0.003111483296
v -2.817847013 -1.205220819 20.82122612
vn -0.2306300551 -0.9728126526 -0.02110121958
v -5.794499397 -0.0006045022164 17.98241425
vn -0.3576200306 -0.9311970472 -0.07056887448
v -4.813796043 4.999999874e-06 16.38640594
vn -0.3520784676 -0.9358540773 0.01476083603
v -1.482127905 1.352354646 17.56393051
vn -0.001815817435 0.9980477095 0.06242990121
v 1.417377949 4.999999874e-06 17.373209
vn 0.2446549982 0.9668124318 0.07360462099
v 2.6028018 -0.02372093312 26.70046806
vn 0.399408102 -0.9112539291 0.1004461199
v -2.021378756 -1.389994144 25.06873322
vn -0.2069054395 -0.9782637358 0.01379064843
v -0.8663169742 -2.141736984 9.9763937
vn 0.1029616669 -0.9911404252 -0.08390188217
v -1.303305149 -2.725603104 13.87250996
vn 0.1096175909 -0.9915909171 0.06878582388
v -3.604049444 -1.202238441 14.10656261
vn -0.2624680698 -0.9644919038 0.0294261016
v -3.945719242 6.000000212e-06 10.22964668
vn -0.2919330001 -0.9379369617 -0.1872148365
v -0.8663169742 2.141757965 9.9763937
vn 0.1217971221 0.9909410477 -0.05657980219
v -3.945719242 6.000000212e-06 10.22964668
vn -0.2422744185 0.946044147 -0.2151825875
v -3.858578205 1.106624365 13.70837212
vn -0.2054920197 0.9783931375 0.02280006558
v -1.396022081 1.774556518 14.52161789
vn -0.05299855024 0.9960124493 0.07176601142
v 2.533760071 0.8623030186 13.79649353
vn 0.1792633682 0.9828489423 0.04327293858
v 2.855720043 6.000000212e-06 8.692508698
vn 0.4024779499 0.9053547978 -0.1354406327
v 2.069372892 9.000000318e-06 -4.102955341
vn 0.6801591516 -0.7324086428 -0.03100189194
v -0.3185290396 -2.431845903 -2.149620295
vn 0.04989370704 -0.9985989332 -0.01762985811
v -0.3744979799 -1.198377013 -10.85144329
vn 0.1415263861 -0.9894887209 -0.02970519662
v 1.340793014 9.999999747e-06 -10.83809757
vn 0.5261921287 -0.8474665284 0.07015968114
v -2.475357056 9.000000318e-06 -1.293535233
vn -0.7212516069 -0.6925960779 -0.01033443119
v -2.185076952 9.999999747e-06 -9.799817085
vn -0.6652225852 -0.7460074425 -0.03085231967
v -2.185076952 9.999999747e-06 -9.799817085
vn -0.6652235985 0.7460064888 -0.03085189871
v -2.475357056 9.000000318e-06 -1.293535233
vn -0.7212524414 0.6925951838 -0.01033432782
v -0.318533957 2.431864023 -2.149616718
vn 0.04989388585 0.9985989332 -0.01762959547
v -0.3744979799 1.198403001 -10.85144329
vn 0.2094044983 0.977786839 0.009088805877
v 2.069372892 9.000000318e-06 -4.102955341
vn 0.6801590919 0.732408762 -0.03100145236
v 1.340793014 9.999999747e-06 -10.83809757
vn 0.5718508363 0.8190254569 0.04673247412
v -0.6149150133 -1.801283956 -14.94839096
vn 0.2105309814 -0.9642238617 0.1610872
v 3.012686968 1.100000009e-05 -15.64603329
vn 0.4636220932 -0.8712423444 0.1612181067
v -3.190459728 1.100000009e-05 -12.75234127
vn -0.4750475883 -0.8656615019 0.157987237
v -3.190459728 1.100000009e-05 -12.75234127
vn -0.4750485718 0.8656609654 0.1579872072
v -0.614914 1.801311016 -14.9484129
vn 0.06599960476 0.9877382517 0.1414821595
v 3.012686968 1.100000009e-05 -15.64603329
vn 0.4982531369 0.8559709787 0.1380487829
v -4.963970661 -0.001536521129 23.92391586
vn -0.4988363087 -0.8603242636 0.1049025208
v -6.172144413 -0.007236405276 21.23285294
vn -0.3783397377 -0.9244962931 0.04653590918
v 3.713960648 -0.006892765872 23.3257103
vn 0.311599642 -0.9502102733 0.002479487564
v -4.963970661 -0.001536521129 23.92391586
vn -0.3956533372 0.9150599837 0.07825405151
v -1.87187624 1.297763467 25.00641441
vn -0.2173683792 0.975661993 -0.02889023349
v 2.6028018 -0.02372093312 26.70046806
vn 0.404885143 0.9062002301 0.1219393685
v -6.172144413 -0.007236405276 21.23285294
vn -0.2930979431 0.9548555613 0.04841913655
v -0.6149150133 -1.801283956 -14.94839096
vn 0.2302131206 -0.7180192471 -0.6568487287
v -0.8343810439 1.100000009e-05 -16.99435425
vn 0.2302131206 -0.7180192471 -0.6568487287
v 3.012686968 1.100000009e-05 -15.64603329
vn 0.2302131206 -0.7180192471 -0.6568487287
v -3.190459728 1.100000009e-05 -12.75234127
vn -0.7302898169 -0.549685359 -0.4056141376
v -0.8343810439 1.100000009e-05 -16.99435425
vn -0.7302898169 -0.549685359 -0.4056141376
v -0.6149150133 -1.801283956 -14.94839096
vn -0.7302898169 -0.549685359 -0.4056141376
v -3.190459728 1.100000009e-05 -12.75234127
vn -0.7302921414 0.5496812463 -0.405615449
v -0.614914 1.801311016 -14.9484129
vn -0.7302921414 0.5496812463 -0.405615449
v -0.8343810439 1.100000009e-05 -16.99435425
vn -0.7302921414 0.5496812463 -0.405615449
v 1.417377949 4.999999874e-06 17.373209
vn 0.264300853 -0.9521590471 0.1534217596
v 2.316138029 3.99999999e-06 19.99607086
vn 0.3118439913 -0.9477492571 -0.06726586074
v 5.15769577 -1.392735703e-05 20.90430069
vn -0.002823879477 -0.9993872046 -0.03488913178
v -4.813796043 4.999999874e-06 16.38640594
vn -0.249464497 0.9635813832 0.09632447362
v -5.794499397 -0.0006045022164 17.98241425
vn -0.2573754191 0.96558851 -0.03737348318
v -11.10419369 -0.03051753715 19.72026825
vn 0.01701798476 -0.998413682 -0.05367060751
v -9.502968788 -0.06357669085 20.8121624
vn 0.01712598093 -0.9985610843 -0.05081804469
v -22.18986511 -1.579603791 32.88690567
vn 0.09482631087 -0.9943323731 -0.04807436094
v -5.210522175 6.000000212e-06 11.60027122
vn -0.2566431463 0.9417092204 -0.2175272107
v -5.594682217 0.9094554186 14.29269886
vn -0.2353138179 0.9718260765 0.01347066928
v -5.314727306 -0.6873010397 14.01988983
vn -0.2681497037 -0.9630336165 -0.02573034726
v -5.210522175 6.000000212e-06 11.60027122
vn -0.2484644055 -0.9462798238 -0.206929788
v -5.656999111 4.993880339e-06 15.62441635
vn -0.292126745 -0.9318237305 0.2153287977
v -5.656999111 4.993880339e-06 15.62441635
vn -0.2335532904 0.9151777029 0.3284854293
v 2.855720043 6.000000212e-06 8.692508698
vn 0.4024765193 -0.9053553939 -0.1354409456
v -0.6246679425 -1.819668055 5.728309631
vn 0.5410468578 -0.8316959143 -0.1247006506
v 1.381039977 7.99999998e-06 5.442692757
vn 0.6222214699 -0.73015064 -0.2823481262
v -2.80190897 7.99999998e-06 4.876434803
vn -0.6236236095 -0.7786406875 -0.06937044114
v -0.6246679425 -1.819668055 5.728309631
vn -0.4015977681 -0.9157616496 -0.009990321472
v -3.415740728 7.99999998e-06 7.160302162
vn -0.5801061392 -0.8070670962 -0.1100886986
v -3.415740728 7.99999998e-06 7.160302162
vn -0.5801074505 0.8070662022 -0.1100884229
v -3.945719242 6.000000212e-06 10.22964668
vn -0.5736548901 0.8130860329 -0.09905133396
v -0.8663169742 2.141757965 9.9763937
vn -0.5756301284 0.8120033145 -0.0964396745
v -0.6246679425 1.819689989 5.728309631
vn -0.4015983343 0.9157614112 -0.009990529157
v -0.6246679425 1.819689989 5.728309631
vn 0.5410484076 0.8316949606 -0.1247003302
v 1.381039977 7.99999998e-06 5.442692757
vn 0.6222227216 0.7301497459 -0.2823477983
v 2.533760071 -0.8622919917 13.79649353
vn 0.2971039116 -0.9548281431 0.005695234053
v 15.42483616 -0.05937303603 27.23748779
vn 0.9990727901 0.04283799604 0.004297216889
v 15.17185402 0.5856972337 34.97946167
vn 0.9953685999 0.04061427712 0.08713139594
v 15.15440369 -1.177528024 35.80199814
vn 0.9940207005 0.04524663463 0.09937594086
v 3.371398926 4.999999874e-06 15.09216022
vn 0.1519857496 0.9441007376 0.2925305367
v 3.371398926 4.999999874e-06 15.09216022
vn 0.1403061002 -0.8576294184 0.4947585166
v 5.892058849 6.000000212e-06 9.671595573
vn 0.02181150578 -0.984775722 -0.1724559218
v 5.804403782 -0.8622919917 13.91629887
vn -0.03005281463 -0.9947010875 0.09831866622
v 5.892058849 6.000000212e-06 9.671595573
vn 0.02181144617 0.984775722 -0.1724557579
v 5.804403782 0.8623030186 13.91629887
vn -0.03005269542 0.9947010875 0.0983190164
v 5.773949146 4.999999874e-06 15.09043884
vn -0.1771560162 0.7954295278 0.5795753598
v 5.773949146 4.999999874e-06 15.09043884
vn -0.1771558821 -0.7954298854 0.5795749426
v 9.409807205 6.000000212e-06 13.08974171
vn 0.1969807595 -0.9764516354 -0.08798161894
v 8.901779175 -0.5874118209 15.7474699
vn -0.02097671293 -0.9939370751 0.1079308614
v 7.093831062 -0.862293005 14.99162865
vn 0.04100059718 -0.9987121224 0.02988382429
v 8.64861393 6.000000212e-06 8.806778908
vn 0.1251027733 -0.9854790568 -0.1148057207
v 9.409807205 6.000000212e-06 13.08974171
vn 0.1953160614 0.9777815342 -0.07612411678
v 8.64861393 6.000000212e-06 8.806778908
vn 0.1267345101 0.9856196046 -0.1117693782
v 7.093832016 0.8623030186 14.99162006
vn 0.04798439518 0.9982553124 0.03440600261
v 8.785634995 0.5317339301 15.53227711
vn 0.03489740565 0.9960110784 0.08212267607
v 6.744267941 4.999999874e-06 16.12312889
vn -0.1153296456 0.9427571893 0.3129024804
v 8.384561539 4.999999874e-06 16.42830467
vn -0.2647128999 0.926789999 0.2664344907
v 8.384561539 4.999999874e-06 16.42830467
vn -0.3255632222 -0.8801364303 0.3454973996
v 6.744267941 4.999999874e-06 16.12312889
vn -0.1440761983 -0.9336792827 0.3278490603
v 15.42483616 -0.05937303603 27.23748779
vn 0.1504459083 -0.9849233627 -0.08539295197
v 15.15440369 -1.177528024 35.80199814
vn -0.5684509277 -0.8170187473 -0.09666398913
v 12.6474247 -0.1593136191 21.97852707
vn -0.006457705051 -0.9993081093 -0.03662773594
v 12.8575058 -0.0003474370751 19.19989014
vn 0.1409819126 -0.9895710349 -0.02955141477
v 15.17185402 0.5856972337 34.97946167
vn -0.5828059912 0.8125816584 -0.006939643528
v 15.42483616 -0.05937303603 27.23748779
vn 0.1654301584 0.9850387573 -0.04828588292
v 12.8575058 -0.0003474370751 19.19989014
vn 0.2751090527 0.9542207718 -0.1173785776
v 11.59651852 0.3438325524 20.16160774
vn -0.1403813809 0.9870868921 0.07715240866
v 11.37973404 -1.048780322 47.49760056
vn -0.5840373039 0.8046907187 -0.1066453755
v 11.03006744 -0.00144981849 20.74629402
vn -0.2995480597 0.9472051263 0.1143388599
v 11.37973404 -1.048780322 47.49760056
vn -0.498233676 -0.8464561105 -0.1878171712
v 11.03006744 -0.00144981849 20.74629402
vn -0.1322043389 -0.9881567955 0.07789871097
v 1.381039977 7.99999998e-06 5.442692757
vn 0.7108676434 -0.7002991438 0.06517862529
v -2.80190897 7.99999998e-06 4.876434803
vn -0.6236248612 0.7786397338 -0.06937039644
v 1.381039977 7.99999998e-06 5.442692757
vn 0.710867703 0.7002991438 0.06517835706
v -7.303106308 6.000000212e-06 11.43404961
vn -0.2447846979 0.9562037587 -0.1604831517
v -7.155037403 -5.047369268e-05 15.529356
vn -0.2507543862 0.9226194024 0.2930796742
v -7.155037403 -5.047369268e-05 15.529356
vn -0.2239421159 -0.9584990144 0.1764356494
v -7.303106308 6.000000212e-06 11.43404961
vn -0.1462190598 -0.9832493067 -0.1088154018
v -11.22817039 0.00685200002 9.641336441
vn 0.002211196115 0.9999940395 -0.002642936073
v -8.206654549 6.000000212e-06 9.939626694
vn 0.002543882001 0.9999939799 -0.002363816369
v -8.315642357 6.000000212e-06 7.947097301
vn 0.001562003163 0.9999966025 -0.00208468549
v -12.82483101 7.000000096e-06 6.917566299
vn 0.00131040113 0.9999964833 -0.002315396909
v -0.8663169742 -2.141736984 9.9763937
vn -0.5756287575 -0.8120042086 -0.09644010663
v -3.945719242 6.000000212e-06 10.22964668
vn -0.5736532807 -0.8130871058 -0.09905211627
v -22.18986511 -1.579603791 32.88690567
vn -0.09482631087 0.9943323731 0.04807436094
v -9.502968788 -0.06357669085 20.8121624
vn -0.01712598465 0.9985610843 0.05081803724
v -11.10419369 -0.03051753715 19.72026825
vn -0.01701799221 0.998413682 0.05367061123
v -7.303106308 6.000000212e-06 11.43404961
vn 0.003186512738 0.9999902248 -0.003056565532
v -10.86190605 0.02599847503 15.27776814
vn 0.003163117217 0.9999885559 -0.003591134213
v -7.251176357 -0.002598536434 17.63867569
vn 0.008190963417 0.9999021292 0.01134340372
v -10.86190605 0.02599847503 15.27776814
vn 0.007784123067 0.9999696612 0.0002603604808
v -11.10419369 -0.03051753715 19.72026825
vn -0.000929318252 0.9996005893 0.02824595571
v -9.502968788 -0.06357669085 20.8121624
vn -0.002524550073 0.9995052218 0.03135223314
v -7.251176357 -0.002598536434 17.63867569
vn 0.005666013341 0.9999825358 0.001678543747
v -7.155037403 -5.047369268e-05 15.529356
vn 0.00610263925 0.9999811053 0.0007118621725
v -7.303106308 6.000000212e-06 11.43404961
vn 0.007346942555 0.9999729991 -0.0001480080973
v -10.86190605 0.02599847503 15.27776814
vn 0.007718744222 0.9999694824 0.001205992885
v -7.251176357 -0.002598536434 17.63867569
vn -0.007333542686 -0.9999400973 -0.008127356879
v -9.502968788 -0.06357669085 20.8121624
vn 0.002417099429 -0.9995177388 -0.03095948696
v -11.10419369 -0.03051753715 19.72026825
vn 0.0006485512131 -0.9996117949 -0.02785287425
v -10.86190605 0.02599847503 15.27776814
vn -0.006561036687 -0.9999781847 0.0007986119017
v -7.303106308 6.000000212e-06 11.43404961
vn -0.004375829361 -0.9999885559 0.001940001152
v -7.155037403 -5.047369268e-05 15.529356
vn -0.007073024753 -0.9999747276 -0.0006953816046
v -8.315642357 6.000000212e-06 7.947097301
vn -0.001585211139 -0.9999963641 0.002186639234
v -8.206654549 6.000000212e-06 9.939626694
vn -0.002817327622 -0.9999935031 0.002250072546
v -11.22817039 0.00685200002 9.641336441
vn -0.002360937186 -0.9999936223 0.00267222221
v -12.82483101 7.000000096e-06 6.917566299
vn -0.001303717843 -0.9999963045 0.002377474681
v 11.37973404 -1.048780322 47.49760056
vn 0.8952652812 -0.2761368155 0.3496406376
v 15.15440369 -1.177528024 35.80199814
vn 0.9764079452 0.04452992603 0.2112926245
v 15.17185402 0.5856972337 34.97946167
vn 0.9806574583 0.07218880951 0.1819332689
v -5.245882034 0.2642856538 69.10829926
vn 0.05158077925 0.9893907905 0.1358134598
v -5.242029667 0.2003875822 69.10797882
vn 0.04381228611 -0.9768573642 0.2093566507
v 0.6817481518 0.04018243775 46.40842819
vn 0.3128144145 0.9185497165 0.2416889817
v 0.68183887 0.001614882145 46.40839005
vn 0.2957909107 -0.9166783094 0.2687166631
v -1.753298521 0.7319363356 46.58989716
vn 0.1993965209 0.9196373224 0.3383905888
v -1.970359802 -0.6228569746 46.72296524
vn 0.1947680712 -0.9096573591 0.3668635488
v -11.86146736 -0.05983865634 68.47318268
vn -0.03119704686 -0.9994903207 -0.006767575163
v -10.09158611 0.5116080046 68.08463287
vn -0.05876741931 0.9819435477 -0.1798146367
v -4.611127377 0.5470823646 65.64460754
vn -0.05988619104 0.9974091649 -0.03985787928
v -7.030632973 -0.2849483788 66.80125427
vn -0.08598554879 -0.9936494827 -0.07257558405
v -3.357512474 -0.9901178479 45.97998047
vn -0.1572427452 -0.9869661331 0.0342425853
v -3.397001505 1.078997612 46.27552795
vn -0.1454665214 0.988520205 0.04083310068
v -4.633543491 -0.5936635137 46.31799316
vn -0.3824376464 -0.8964150548 -0.2240123153
v -4.471847534 0.6604700685 46.2901268
vn -0.3812529147 0.8885986805 -0.2550267577
v -5.237640381 0.1027366966 46.25087357
vn -0.4177883863 -0.7895904779 -0.4494438171
v -5.262953758 -0.06837859005 46.24914169
vn -0.4537246227 0.7497068048 -0.4817402363
v -4.871565342 -0.1898087263 78.56983185
vn 0.05477688089 -0.9681942463 -0.2441299707
v -5.130422592 -0.2314215153 64.3757782
vn -0.228328675 -0.973105669 -0.03051775508
v -6.067050457 0.05812918395 64.49778748
vn -0.2393193096 -0.9665305614 -0.09243863076
v -6.066804886 -0.05314084515 64.49786377
vn -0.2941218019 0.9413847923 -0.1651878208
v -18.09029198 0.4809305072 57.09856033
vn 0.2865999341 0.8335958719 -0.4722058475
v -19.99005699 -1.200381517 57.07648849
vn -0.1554019749 -0.9473770261 0.2798696756
v -14.77257061 -0.4988604784 57.25517273
vn 0.02049713396 0.8595641851 -0.5106165409
v -20.02675819 0.6705049872 55.88056183
vn -0.1133687422 0.951033473 0.2875463367
v -20.40108681 -0.3034196496 51.92698669
vn 0.8823363781 -0.08624248952 0.4626497328
v -20.44916534 -0.4076375961 51.92582703
vn 0.4762130082 -0.8407505155 0.2576038241
v -20.40863991 0.3749717176 52.013134
vn 0.8504049182 0.09104055911 0.5181921721
v -21.05833435 -0.7914300561 52.05550385
vn 0.1621428281 -0.9865927696 -0.01855753362
v -21.37741661 -1.390037537 51.73453903
vn -0.5696986318 -0.6776040792 -0.4650765955
v -2.845734119 -0.5912255049 47.1699791
vn 0.1531127393 -0.8635497093 0.4804564714
v -19.71443558 1.033746123 51.70614243
vn 0.4607838988 0.8463021517 0.2673030496
v -3.231356621 -0.5532802939 59.80815887
vn 0.09377775341 -0.9752246737 -0.2003561556
v -7.587472439 0.4351049066 47.91955948
vn -0.1204336062 0.9923057556 -0.02872423828
v -8.793977737 -0.110483475 48.71591949
vn 0.01073830295 -0.9837408066 0.1792728305
v -9.611741066 0.2931225896 48.49216461
vn 0.0112145897 0.974447608 0.224334687
v -6.121908665 -0.005163206719 60.49955368
vn -0.2806818783 -0.8706182837 0.4040315747
v -14.23613644 -0.1482073516 49.64845657
vn 0.1410524696 -0.8105803132 0.5683870316
v -13.95261669 -0.05055351555 49.66563034
vn 0.1181482449 0.3631186783 0.9242217541
v -1.750340581 0.01381349936 47.67772293
vn 0.2019647956 -0.856010735 0.4758737385
v -17.55270767 -1.089485765 49.48158264
vn -0.1597546637 -0.6009175181 -0.7831836343
v -20.64224243 -0.1833499372 51.28438187
vn -0.7911636233 -0.02687579207 -0.6110137701
v -20.7285862 -0.3205076754 51.2811203
vn -0.6613448262 0.5857838988 -0.4684871733
v 0.9647786021 0.02757539414 62.44657516
vn 0.1738581806 0.9847030044 0.0115464339
v 0.9649196267 -0.02793017402 62.44658661
vn 0.184230119 -0.9827575684 0.01571126282
v 0.6038136482 0.3668704033 40.21326828
vn 0.2660540938 0.9638683796 -0.0131513942
v 1.721310854 -0.02821004204 40.9733696
vn 0.3287260532 0.9444249868 -0.0007929642452
v 1.722696662 0.02090210095 40.97332001
vn 0.3335707486 -0.9427205324 -0.002924318193
v -0.9219351411 0.7895559072 41.71575546
vn 0.1041085422 0.9935177565 -0.04564956576
v -0.2329649329 -0.2682417631 61.78192139
vn 0.1651944518 -0.9858366847 -0.02892761305
v -0.4900232255 0.2947021723 62.24758911
vn 0.1504540443 0.9886108637 -0.003477456747
v -2.042003632 0.5141260624 62.76964951
vn 0.08164883405 0.9966183305 0.009241188876
v -1.894373059 -0.5369489789 61.73921585
vn 0.1232414246 -0.9922317863 -0.01696120948
v -1.911898017 0.5832241178 38.19371414
vn -0.06838893145 0.9972313046 -0.02920150384
v -2.795953751 -0.6398455501 40.48089981
vn -0.2436269969 -0.9690353274 -0.04020450264
v -2.997585773 0.711261332 41.75965881
vn -0.1992233247 0.9783238769 -0.05650175735
v 0.4927864969 -0.4533103406 41.4931488
vn 0.3000538647 -0.9538301826 -0.01325200964
v -3.871724129 -0.2641790211 41.79125595
vn -0.4434400499 -0.8956326842 -0.03468406573
v -3.884631634 0.2879090309 41.89930725
vn -0.4349736571 0.8990260363 -0.05049841478
v -0.8121065497 -0.9033610821 42.35953522
vn 0.1787551492 -0.9838485718 -0.009411297739
v -1.725524902 -1.027608871 41.53937149
vn -0.04597983137 -0.9976751804 -0.05029956996
v -4.383907795 0.06992212683 41.31990433
vn -0.4773897231 -0.8783559203 -0.02428891324
v -4.393331051 -0.04901204258 41.32017517
vn -0.4707788229 0.8816660047 -0.03213020787
v -2.882539749 0.615742743 60.42160034
vn 0.05155482888 0.9912945032 -0.1211500168
v -3.203821659 -0.7279205322 60.67625046
vn 0.04882606491 -0.9979678988 -0.04094016552
v -4.129193783 0.6412857175 60.01548386
vn -0.07730723917 0.9933255911 -0.0856032148
v -4.237259865 -0.755538106 60.55059052
vn -0.05273012072 -0.9985755682 -0.008144599386
v -6.629415035 0.1416648924 60.56214905
vn -0.1678609401 -0.8905676603 0.4227433205
v -6.664177895 0.0439228043 60.5322876
vn 0.1536101252 0.9564808607 -0.2480893284
v -5.118207932 0.3932621181 68.14891815
vn 0.04153062031 0.9936025143 0.105020225
v -11.45025158 -0.8937737942 58.72976685
vn -0.1020786092 -0.9882714748 0.1135754809
v -10.195508 -0.1242623702 48.90501785
vn 0.05502748117 -0.9672885537 0.2476385534
v -3.666508675 -0.2787626088 66.46985626
vn 0.03674815223 -0.9876461029 0.1523311138
v -4.717612743 0.3077581823 61.65650177
vn -0.3742539883 0.9247159958 0.06952868402
v -7.597280025 -0.06843298674 48.6009903
vn -0.01058127824 0.9178625941 0.3967571557
v -16.27514267 0.4918569326 57.72738266
vn 0.1897117645 0.9514400959 0.2424276173
v -18.76852417 -1.156980276 57.56150818
vn 0.2136086076 -0.9252169728 -0.3135998845
v -2.778141499 -0.9545770288 46.45938492
vn 0.08265435696 -0.9454851151 0.3150018752
v -2.612098455 1.044181347 46.34105301
vn 0.05668295175 0.9772349596 0.2044478208
v -14.29408455 0.7126322985 49.64881516
vn 0.0271683801 0.8359640837 0.5481112599
v -9.916981697 -0.09567976743 47.9692421
vn -0.0869204402 0.9557411671 -0.2810758948
v -0.6334207058 0.4908134043 46.40873718
vn 0.2820467651 0.923422575 0.2602697909
v -0.770526588 -0.3683453202 46.53463745
vn 0.2448731959 -0.9043337703 0.3495963216
v -31.7713089 0.5134031773 74.25733185
vn -0.4712373316 0.8700451851 -0.1447645426
v -20.68278885 -0.3227224648 54.57359695
vn 0.953876555 0.2674948573 -0.1362573355
v -20.69313812 -0.4031143785 54.57342911
vn 0.5136731267 -0.8497617841 -0.1185107455
v -20.6685276 -0.3140019774 53.24718475
vn 0.9614374042 0.1645400524 0.2203739136
v -20.67145348 -0.4096727967 53.24719238
vn 0.4771434963 -0.8745156527 0.08692797273
v -15.81047344 -0.6867608428 49.35416031
vn 0.05783082545 -0.9963662028 0.0625295639
v -20.46003723 -1.235721231 50.75148392
vn -0.2342318892 -0.8227819204 -0.5178468227
v -4.211952209 -0.02483640239 48.17484665
vn 0.1171331629 -0.8056246042 0.5807313323
v -18.90291595 -1.118026018 49.87249374
vn -0.2053840309 -0.6209728122 -0.7564457059
v 0.4099144638 0.02086398192 59.7140007
vn 0.1388552487 0.9810320735 -0.1352598667
v 0.4058216214 -0.02668276615 59.71331024
vn 0.1402331293 -0.9811190367 -0.1331921071
v -11.3692646 -0.5993545651 48.6325264
vn -0.04640846699 -0.9953957796 -0.08386591077
v -5.369982243 0.7259287834 47.77700806
vn -0.05352471769 0.9052482247 0.4214981794
v -5.361768246 0.5067836046 59.57375336
vn -0.1311547309 0.9913371205 -0.007009377237
v -21.91650963 -1.409734726 54.27952194
vn -0.7423126698 -0.6558711529 0.1371309906
v -20.61764336 0.9631029963 54.13554764
vn 0.6510332823 0.7586289048 0.02525516972
v -19.12919807 -0.2697116435 50.63882065
vn 0.5751728415 0.5040067434 0.6443240047
v -7.551520348 -0.4047653675 59.32958221
vn -0.06695264578 -0.9678190351 0.2425771952
v -19.16792107 -0.362927407 57.30912781
vn -0.1997689009 0.8921921253 0.4050747752
v -16.43525887 0.7611908317 49.95476913
vn -0.2362555861 0.9699001312 -0.05896678939
v -21.20061493 0.3053319156 54.42904282
vn -0.273699224 0.9489170313 0.1569877714
v -4.172510624 1.059113026 47.21169662
vn -0.09592406452 0.9712672234 0.2178039253
v -2.475899696 -0.05533199757 58.7510643
vn 0.1265810728 -0.9315770268 -0.3407953382
v -17.37485123 -1.178495169 58.06457901
vn 0.04438311607 -0.9984358549 0.03399925679
v -20.5716629 0.7080414295 55.03866196
vn 0.06091781706 0.9909579158 0.1195467412
v -6.986711502 -0.1682762057 57.98821259
vn -0.04062113911 0.952417016 -0.3020790815
v -7.626269341 -0.08800293505 48.59919739
vn -0.01895926334 -0.9599457383 0.2795437872
v -6.102822304 -0.4523777664 81.99954987
vn -0.07023131847 -0.9974532127 0.01243536454
v -4.179713726 -0.07006905228 58.38482285
vn 0.06638506055 0.9060222507 -0.417991221
v -21.82565117 -1.246856332 53.04846954
vn -0.679597795 -0.6964107752 -0.2305619419
v -5.815323353 -0.1575358063 58.09858322
vn 0.003333589993 0.9108063579 -0.412820369
v -21.01685333 -0.8824955225 55.75753021
vn 0.2540412545 -0.9644268751 -0.07310158014
v -20.68714523 0.7652743459 53.12550354
vn 0.4323049486 0.8793005943 0.1998572052
v -19.2160778 -0.3652199507 50.6362381
vn 0.2758233249 -0.9249439836 0.2615341842
v -11.07648277 -0.1555591673 49.06882095
vn 0.2062715888 0.7515997291 0.6265380383
v -20.22954559 -0.3323005736 55.90024567
vn 0.6018136144 0.7369788885 -0.3077052534
v -6.906357765 -0.5507414937 47.32335281
vn -0.1871552616 -0.8393190503 -0.5104081035
v -3.285401344 -0.001369108679 48.02526855
vn 0.1470761597 -0.815633297 0.5595631599
v -9.363314629 0.09414050728 58.65546036
vn -0.02234354056 0.992820859 -0.1175051108
v -11.83730125 0.6550361514 49.09495544
vn 0.1372347474 0.9677338004 0.2113242
v -2.554172516 -0.1941546053 83.23576355
vn 0.1366103142 -0.9902356863 0.02776615135
v -20.25443268 -0.3767538667 55.89961624
vn 0.4863683879 -0.7929857373 -0.3669052124
v -29.48340607 0.48549968 71.8049469
vn -0.1230896413 -0.9751726985 -0.1840844899
v -3.766457081 -0.3762987256 43.19525528
vn -0.5140344501 -0.8567839861 -0.04110707343
v -8.775481224 -0.5275776386 59.17437744
vn -0.03491135314 -0.9149566889 0.4020390809
v -5.281865597 0.2680129111 58.78331375
vn 0.006864906289 0.945471406 -0.325632751
v -4.248505116 -0.5132070184 59.28302383
vn 0.07936669886 -0.9724997878 -0.2189637423
v -21.6330471 -0.2378992289 53.67990112
vn -0.9975575805 -0.06979261339 -0.002804011805
v -21.67829895 -0.3255890906 53.677948
vn -0.6918922067 0.7219151258 0.01112586819
v -0.5407069921 0.08353286237 47.24346924
vn 0.2603884637 0.8856570721 0.3844598532
v -1.981561542 0.2826969326 59.52033234
vn 0.1101504117 0.962801218 -0.2467401773
v -2.429413795 -0.3433541656 59.49758911
vn 0.133934021 -0.9555994272 -0.2624717057
v -3.250945091 0.06616017222 48.02783966
vn 0.1618646085 0.7608260512 0.6284453273
v -7.357515335 -0.5227277279 48.01166916
vn -0.1073419526 -0.9931793213 0.04552567005
v -6.162960052 0.547464788 66.58337402
vn -0.1231279075 0.9827156663 -0.1382367015
v -5.167894363 -0.7553448081 60.16918564
vn -0.1486748457 -0.9878046513 0.04623611271
v -5.851104259 -0.1470891982 58.10175705
vn -0.0008121961728 -0.9667520523 -0.2557142973
v -6.772254467 0.1328938454 59.68768692
vn -0.08477546275 0.9931451082 0.08047330379
v -6.528966904 0.3904041648 58.85823059
vn -0.06853961945 0.9790304303 -0.1918377131
v -15.92406845 0.0350097008 49.19114685
vn -0.0989715308 -0.4634164572 -0.8805962801
v -16.23236465 -0.134141922 49.17949295
vn -0.1679553539 0.8349196315 -0.5241184831
v 0.7049859762 0.3859837949 43.6762352
vn 0.34176144 0.9391396046 0.03487057984
v -1.920833349 0.9990670085 43.08729935
vn -0.03959084675 0.9964637756 -0.07411159575
v -10.97336102 0.3223239481 79.21736145
vn -0.06272856146 0.9663636684 0.2494121641
v 1.680080771 -0.007830355316 43.62643051
vn 0.3562246263 0.9341193438 0.02291344292
v 1.680289626 0.00621916214 43.62636948
vn 0.379758358 -0.9247545004 0.02475270443
v -29.60760689 1.020440936 74.00645447
vn -0.01518910937 0.9989256263 -0.0437816605
v -4.902410507 -0.4220435917 61.43574905
vn -0.2831920981 -0.9455426335 0.1604724079
v -3.795227051 -0.5783951879 47.41702271
vn 0.07547259331 -0.890516758 0.448646605
v -6.463527679 0.7175763249 47.82695389
vn -0.1993351579 0.9787684679 -0.04772647098
v -12.52274227 0.7558138371 58.29572296
vn -0.04104594886 0.9894377589 0.1390255392
v -19.33575058 -0.3187662661 56.49232483
vn 0.3417879045 -0.8177713752 -0.4630669951
v -3.290614843 -0.6328181028 43.16577148
vn -0.4051043093 -0.9118311405 -0.0667418465
v -10.70859432 0.312158823 48.62682343
vn 0.03603735939 0.9991253614 -0.02121016197
v -17.39121246 0.3767173588 49.93647003
vn -0.1665707678 0.9471048713 -0.2743109763
v 0.7552347779 -0.3886553347 44.08764267
vn 0.3705479503 -0.9271090031 0.05624163896
v -2.531571627 -0.9520807266 43.27240372
vn -0.2276453376 -0.972061038 -0.0572273843
v -0.2278755307 0.7592759728 44.19384003
vn 0.3199980557 0.9458827972 0.05391684547
v -18.21039581 -0.2999488413 50.24708176
vn 0.2067082077 -0.9062738419 0.3686995804
v -1.806003809 -1.08458674 43.37919235
vn -0.01401538402 -0.9995862246 -0.0251187887
v -7.863339424 0.1025629267 58.96607971
vn -0.04792220891 0.9901635051 -0.1314520389
v -18.22632599 -0.3976327181 57.73735809
vn -0.2089482546 0.8099913597 0.5479549766
v -18.15775681 -0.338704437 57.73871613
vn -0.2426718473 -0.6273061037 0.739998281
v -0.1597432643 -0.7767626643 44.38128662
vn 0.3161693215 -0.944865346 0.08524332941
v -4.444941044 0.0878913179 43.74450302
vn -0.5390906334 -0.8393905163 -0.06931748241
v -4.458298683 -0.06279883534 43.74467468
vn -0.5433427691 0.836438477 -0.07175872475
v -2.524205923 0.9549983144 43.61001587
vn -0.1847289354 0.9808655381 -0.06146586686
v -3.266176224 0.7040220499 43.66020203
vn -0.3683012128 0.9264878035 -0.07729504257
v -1.697950363 1.092904091 44.20959091
vn 0.02681036666 0.9996338487 -0.00364972651
v -4.17357111 -0.3170301914 86.69008636
vn 0.09686607122 -0.9950379729 0.02272494324
v -0.9315079451 0.9860478044 44.25759125
vn 0.2155304551 0.9753357172 0.04761169851
v -3.798980713 -0.3962793946 44.19678497
vn -0.5237261057 -0.8436677456 -0.118049711
v -3.914176702 0.3376631737 43.93213272
vn -0.5187175274 0.8488249183 -0.1021192074
v -1.458245397 -1.039684057 44.2716713
vn 0.1263443828 -0.9905095696 0.0541094467
v -0.7362679839 -0.8940138817 44.22761154
vn 0.2345951647 -0.9681380987 0.08759956062
v -9.772640228 0.0654970482 47.96292496
vn -0.1570938677 -0.8289443254 -0.5368173122
v -9.916225433 -0.298247546 48.35865021
vn -0.05751686171 -0.9785699248 -0.1977188736
v -5.947686195 -0.6422388554 47.53825378
vn -0.167693004 -0.9842541218 -0.05588291585
v -17.28338242 0.09879530221 68.61824036
vn -0.01800816506 -0.9992177486 -0.03520862013
v -4.418543339 0.3932907283 63.35874176
vn -0.2204468846 0.9750471115 -0.02619676851
v -29.43208885 0.992251873 77.2036972
vn 0.02140282281 0.9997193217 0.01015624031
v -4.588519573 -0.40237993 62.32639694
vn -0.2853980958 -0.9550368786 0.080327712
v -4.206813812 -0.09819095582 58.38394547
vn 0.0947150141 -0.9289855361 -0.3577917516
v -2.974497557 0.506962359 65.50946045
vn 0.055873584 0.9974740148 0.04386101291
v -16.01652718 -0.2803004086 57.47156525
vn -0.03251349926 -0.8562708497 0.5155027509
v -3.45999217 -0.5533179641 63.44127655
vn -0.07418896258 -0.9961554408 0.04658635333
v -3.418290615 0.5388279557 63.27608871
vn -0.05834713951 0.9982962608 0.0003633740416
v -6.205842018 -0.1553118229 60.44419479
vn -0.05229547247 0.9676856399 0.2466773689
v -2.120856524 -0.02792912163 86.53104401
vn 0.138156414 -0.9900192618 0.02783291787
v -2.484717369 0.6280236244 63.68923187
vn 0.06115556881 0.9979586601 0.01839872636
v -2.473301649 -0.5683777928 63.74914169
vn 0.04557594657 -0.9974657893 0.05463371426
v -4.811451435 0.411308825 60.487957
vn -0.2898692191 0.9501337409 0.1149858609
v -9.95320034 -0.7339583635 58.80105972
vn -0.01992139965 -0.9543505907 0.2980236709
v -3.230797768 -0.6931841373 61.78961563
vn 0.008354441263 -0.9988782406 0.04660971835
v -3.017167091 0.5911146998 61.82759857
vn -0.005663211923 0.999968648 0.005532897078
v -14.12446117 -0.65095824 49.20986176
vn 0.0883103013 -0.9950147867 0.04633424431
v -12.5100956 -0.350571245 57.59520721
vn -0.132226631 -0.9842911363 0.1169915721
v -4.058302879 0.4968130887 62.4037056
vn -0.2050366402 0.978638649 0.01504542306
v -3.761053801 -0.581938386 62.51363373
vn -0.1181836203 -0.9905410409 0.06972175092
v -3.953891277 0.6133573651 61.31055069
vn -0.1595033109 0.9868310094 0.02689395286
v -4.070548534 -0.6657411456 61.60111237
vn -0.1323878467 -0.9883999825 0.07442425936
v -5.245586872 -0.7433153391 59.28013611
vn 0.008756409399 -0.9755643606 -0.2195391804
v -15.35826015 -1.144370914 58.66476059
vn 0.1753178239 -0.9832529426 0.04977313057
v -5.698744774 0.4700201452 85.58704376
vn -0.003495118348 0.9998912215 0.01432903018
v -8.806321144 -0.1136797071 48.72379303
vn 0.0340507254 0.8700732589 0.4917449057
v -12.82034016 -0.108802259 49.43950653
vn -0.01782470383 -0.9852361083 -0.1702707559
v -4.178009987 0.04343613237 48.18283081
vn 0.08446574956 0.7976084352 0.5972322226
v -12.58846188 -0.05491226539 58.93680191
vn -0.1133698896 -0.9770386219 0.1803963333
v -10.25047207 -0.1458016038 48.91427612
vn 0.1268079728 0.8083842397 0.574834466
v -17.16100311 -0.3192721009 58.03284836
vn -0.2369425595 -0.4576296806 0.8569908142
v 0.2481079847 0.4295537472 45.18132782
vn 0.3342225552 0.9313309193 0.1446306109
v 1.056904912 0.03077168204 61.05678177
vn 0.15753223 0.9858471751 -0.05734927207
v 1.056391001 -0.03297515959 61.05670166
vn 0.1640422195 -0.9849609733 -0.05424097553
v -18.67650795 0.1599201858 70.78393555
vn 0.004675754346 -0.9924435019 0.1226132289
v -31.77196121 0.5387743711 74.25673676
vn -0.2435118407 -0.9667590261 -0.07796765864
v -5.625368118 -0.2364758253 60.6697197
vn -0.2572651803 0.9468147159 0.1932782978
v 1.537805796 -0.008082604036 44.96627426
vn 0.3622390628 -0.9227986336 0.1312459409
v 1.537308693 0.009981109761 44.96628571
vn 0.342984736 0.9332696795 0.1066265926
v -16.85242653 -0.1726085544 49.33930969
vn -0.2760193944 0.7791010141 -0.5628631711
v -7.412885189 -0.3005198538 86.67010498
vn -0.1060065851 -0.9943591356 0.003535763593
v -12.476511 0.08246994019 58.4900856
vn 0.03568728641 0.9775127172 -0.2078348547
v -5.162923813 0.003707975149 48.32051849
vn 0.05092062056 0.7345558405 0.6766349077
v -15.4014082 0.6419242024 49.66403961
vn -0.07390484959 0.9878454208 0.1367463171
v -21.63964462 -1.341097832 55.11063766
vn -0.4629136622 -0.828448832 0.3152513802
v -2.200550079 -0.4810329974 64.59971619
vn 0.08236413449 -0.9912484288 0.1031633019
v -17.14021111 -0.2394878864 49.4462204
vn -0.3438965082 0.7671744227 -0.5414597392
v -3.343316317 -0.2837094367 59.01328278
vn 0.1206303164 -0.937253952 -0.3271137476
v -0.8964560628 0.2600705326 64.89186859
vn 0.1434115469 0.9885888696 0.04609984159
v -21.06382179 0.3699742854 52.70422363
vn -0.6396778822 0.7196106911 -0.2701344192
v -1.233452082 -0.405185461 63.98349762
vn 0.1401686519 -0.9880170822 0.0646141991
v -21.20726967 -0.6975651979 53.89015579
vn 0.09685502946 -0.9946433306 0.03610681742
v -7.471831799 0.2723712623 60.52593994
vn -0.1726714075 -0.891813159 0.4181553423
v -1.972973347 0.4477295876 64.63282776
vn 0.101100117 0.9937358499 0.04762153327
v -4.618739128 -0.9807983637 47.06733322
vn -0.1223969907 -0.9789768457 0.1631663889
v -5.631750584 0.5747169852 47.0219574
vn -0.2868959308 0.9331175685 -0.2167541832
v -4.372236252 -0.4152359962 63.31377029
vn -0.2086209357 -0.9775363207 0.02999994345
v -16.987257 -0.2690353692 49.92631149
vn 0.1611496657 -0.8807594776 0.4453016222
v -16.55654716 -0.5814137459 56.95685196
vn -0.04560319334 -0.8495490551 0.525534749
v -19.35719872 0.6733577251 51.1219101
vn 0.2429955304 0.9700237513 -0.002673751442
v -6.454689503 -0.06214157119 48.47028732
vn 0.01450860966 -0.913135767 0.4073973596
v -13.96296215 0.0679012835 48.86503601
vn 0.005178323481 -0.8390615582 -0.5440118909
v -2.703033447 1.006702304 44.96112823
vn -0.1527335197 0.9878467917 -0.02882991731
v -1.762406826 0.4992498755 60.32049942
vn 0.1341482252 0.9825672507 -0.1287085861
v -17.18872261 -0.3302825093 58.06579971
vn -0.009825303219 0.8296915293 0.5581356883
v 1.124535918 0.2082649767 42.19354248
vn 0.3377562463 0.9412330985 -0.001006513834
v -7.413226604 0.3014313281 86.67502594
vn -0.1045441851 0.9945135713 0.003642129945
v -10.83346844 -0.08353415132 48.19968414
vn -0.09675532579 0.8334773183 -0.5440165401
v -5.397397518 -0.03475643694 62.04019165
vn -0.3764089048 -0.9179086685 0.125538677
v -7.037622929 -0.1863625944 58.00109863
vn 0.002370732371 -0.9870432019 -0.1604370773
v -12.78139591 -0.08814322948 49.45049667
vn 0.2077350914 0.6296213269 0.7486141324
v -8.652766228 -0.5003935695 58.4784584
vn 0.03979950026 -0.9976268411 -0.05618410185
v -12.45749569 -0.3667209744 57.60541534
vn 0.03069877997 0.8881608248 -0.4585061967
v -10.98614883 -0.1202626899 49.06609726
vn 0.08209510148 -0.8965862393 0.4351936281
v -11.80675125 -0.1096883342 49.23981094
vn 0.02367890999 -0.974822998 0.2217192203
v -10.16545105 -0.2978143096 57.78303909
vn 0.04093628004 -0.97484833 -0.219077453
v -14.32545948 0.08415899426 68.14703369
vn -0.04664468765 0.9438874722 -0.3269567192
v -16.98156738 -0.5210934281 56.98620605
vn -0.05911769345 -0.841835022 0.5364875197
v -2.386173725 -0.5839509964 60.34220505
vn 0.1308958828 -0.9810888767 -0.1425866038
v -8.414833069 0.09480085969 59.85276794
vn -0.09926084429 -0.8346909881 0.5416993499
v -3.832160711 -0.2788679898 79.18669128
vn 0.09000736475 -0.979382515 -0.1808549762
v -5.064794064 -0.2120389491 63.08367157
vn -0.3109432757 -0.9503806829 0.009529813193
v -3.756415606 0.3747352362 82.35804749
vn 0.1017199382 0.9946424365 0.0184247978
v -6.52086544 -0.09671249241 46.9176445
vn -0.3183137476 0.8295181394 -0.4588856101
v -9.982307434 0.1000772491 67.1188736
vn -0.06288170069 -0.9849553704 -0.1609621197
v -16.17400169 -0.3314811885 57.45669556
vn 0.04221862555 0.8699320555 -0.491361171
v -1.794761181 -0.5375503898 63.12244797
vn 0.1104174256 -0.9934562445 0.02920173667
v -17.02744102 -0.2819683552 49.93089676
vn 0.07568704337 0.5312860608 0.8438048363
v -11.85951519 -0.1236742139 49.24801254
vn 0.2666665018 0.4963135421 0.8261730075
v -11.62026501 0.1011216938 58.36038208
vn 0.04715519026 0.9538337588 -0.2966101468
v -11.81723309 -0.07713578641 48.43266296
vn -0.04779117927 0.8791578412 -0.4741281569
v -5.193302631 0.2004913092 63.90720367
vn -0.2888231874 0.9524878263 -0.09668563306
v -7.382858276 0.08479420096 47.24201202
vn -0.2572545707 -0.5770825148 -0.7751102448
v -6.415332317 -0.03107583523 48.46974564
vn -0.03318244591 0.8826065063 0.46893996
v -4.183042049 0.3179934621 86.70121765
vn 0.09633212537 0.9950844049 0.02295901068
v -9.195644379 -0.03579773009 85.454216
vn -0.1435004473 -0.9896401167 0.004473459907
v -3.067009687 -0.4828879237 65.28162384
vn 0.02795319632 -0.99208498 0.1224175021
v -0.5463641286 0.01625374705 47.24327469
vn 0.2387831956 -0.8865442872 0.3962597549
v -7.226750374 0.2726267576 60.62458038
vn -0.1712201089 -0.9357854128 0.3082033992
v -4.922178268 0.2201991677 62.79801941
vn -0.3492883146 0.9361978173 -0.0391324088
v -1.262174249 -0.3778787851 60.48569107
vn 0.1524653286 -0.9791029096 -0.1345801204
v -2.363780022 -1.055064917 44.628479
vn -0.0994631201 -0.9949510098 -0.01340223011
v -18.69446373 -0.1683563888 49.96984482
vn -0.3836005032 -0.1066680178 -0.9173181653
v -1.195159912 0.0384965241 59.11321259
vn 0.1206756458 0.9628491402 -0.2415759563
v -18.82925034 -0.3214867413 49.95875931
vn -0.2345530689 0.8333178759 -0.5005658865
v -21.39739799 -0.2105849385 52.50167847
vn -0.9335026741 0.06006839126 -0.353503257
v -21.45699883 -0.3213271499 52.49915695
vn -0.7600004077 0.584138453 -0.2849238813
v -21.47817802 -0.2788296938 54.81579208
vn -0.9495587349 -0.1009458303 0.2968975306
v -21.50349236 -0.3260650933 54.81482315
vn -0.6439450383 0.7268865705 0.2386854887
v -8.593949318 -0.3506349325 48.03558731
vn -0.1253173202 -0.976049006 -0.1778312624
v -5.71327877 -0.4735115469 85.56948853
vn -0.007211784367 -0.9998728633 0.01422080304
v -3.151507378 -0.8308346272 44.60097122
vn -0.3465471864 -0.9326280355 -0.1005484536
v -16.58813286 -0.03241020441 49.34372711
vn -0.1344244033 -0.5217528343 -0.8424393535
v 0.3878559172 0.4810052812 42.22212219
vn 0.2864068151 0.9578205943 -0.02347050793
v -19.424366 -0.4218182564 56.47750854
vn 0.5468882918 0.419799149 -0.7243493199
v -27.78746605 0.7454760075 77.99729919
vn 0.09731312841 0.9951256514 0.01597247459
v -11.62066746 0.0757933557 48.42822647
vn -0.1631688178 -0.8459056616 -0.5077592731
v -0.5503453016 0.2555937767 60.55870056
vn 0.1465159208 0.9829136729 -0.1114173606
v -0.1551429033 -0.1991332769 60.46169281
vn 0.1497572809 -0.9822785854 -0.1127008721
v -9.196073532 0.04035724327 85.45414734
vn -0.1421283334 0.9898331761 0.005464896094
v -30.87148857 0.1676322073 76.83740234
vn -0.136263743 -0.9887706041 0.06135836616
v -8.364935875 0.07150404155 47.57564545
vn -0.2391389012 -0.7275789976 -0.6429941058
v -8.478193283 -0.09941469878 47.5785408
vn -0.1580144465 0.9184042811 -0.3627189398
v -5.19711113 -0.03328726813 48.31767273
vn 0.02055436932 -0.9039889574 0.4270614386
v -12.33543301 -0.152930215 78.27490997
vn -0.02003025822 -0.9951974154 -0.09581699222
v -6.238379478 -0.6649605632 59.46202087
vn -0.134860307 -0.9890995026 0.05911720172
v -18.00557137 -0.1827149689 49.72886276
vn -0.2940559685 -0.1249799803 -0.9475817084
v -21.4220047 -0.7006491423 52.03038025
vn -0.868691206 -0.08444665372 -0.4881027639
v -27.23373604 0.6658850312 77.35313416
vn 0.1004201546 0.9931094646 -0.06041028723
v -1.241289616 0.9281458855 45.35947037
vn 0.2052222639 0.9650159478 0.1631808877
v -14.24166107 -0.08842372894 48.85328293
vn -0.08998715132 0.8766095042 -0.4727135301
v 0.5024670362 -0.375628978 45.09244537
vn 0.3461115956 -0.9248161912 0.1578664929
v -16.9036541 -0.1023705602 49.45094681
vn -0.2603256702 -0.1759904176 -0.9493460655
v -3.115008593 0.6167477965 47.42937088
vn 0.1172489598 0.8880048394 0.444634825
v -1.730431199 0.4878772199 61.35160828
vn 0.1159944683 0.992574513 -0.03662087396
v -8.465748787 -0.2044249922 57.91148758
vn -0.01070466172 0.9638899565 -0.2660855651
v -5.594105721 -0.1378169656 60.6758728
vn -0.3229919076 -0.9109198451 0.2567124963
v -8.547423363 -0.2284127474 57.9139328
vn 0.06597042829 -0.9477638006 -0.3120764196
v -1.164592028 -0.8605332971 45.44150925
vn 0.2231127322 -0.9505311847 0.2161277086
v -4.171051025 -0.4529569149 64.17057037
vn -0.140672192 -0.9898340106 0.02097402513
v -0.5596517324 0.7656111121 45.18161392
vn 0.3007976115 0.9429177642 0.1429228634
v -0.277131021 -0.6083043814 45.38883591
vn 0.2848444879 -0.9350959659 0.2108532786
v -2.439835548 -0.00249132677 58.74650955
vn 0.09147488326 0.9305881858 -0.3544543982
v -1.225432515 -0.05835701898 59.10575867
vn 0.1373780668 -0.9665086269 -0.2167680264
v -30.58842659 0.3959029019 78.21385193
vn -0.09680191427 -0.9909501076 0.09299055487
v -1.957479954 1.067582488 45.45391846
vn 0.0862339586 0.9878714681 0.1291267127
v 1.700051308 -0.0196539294 42.2999115
vn 0.3547410965 0.9349607825 0.002655344782
v 1.700542688 0.0160852205 42.29984665
vn 0.3629250824 -0.9318091869 -0.004130081739
v -5.812084198 0.04415530711 63.3507843
vn -0.3123077452 -0.949567914 -0.0280121509
v -1.730686069 0.09552847594 47.67685318
vn 0.1991809458 0.8344049454 0.5139020681
v -19.9818573 -0.3359479308 56.82190704
vn -0.6325293779 -0.02126808092 0.7742443085
v -20.01501465 -0.3798492253 56.82096863
vn -0.3814646602 0.7793869376 0.4970319271
v -4.509608746 0.09293070436 44.96383667
vn -0.551871717 -0.7810026407 -0.2923567593
v -4.520181656 -0.06974866241 44.96392059
vn -0.5400075316 0.7984082103 -0.2663384378
v -3.691078186 0.6519396305 45.04528427
vn -0.4079216123 0.8984734416 -0.1623128504
v -29.48214531 0.4625597298 71.80526733
vn -0.160624817 0.9196815491 -0.3583091795
v -16.09348106 -0.3375883698 58.33039474
vn 0.08842711896 0.9520997405 0.2927229106
v -5.813726425 -0.08256747574 63.35280228
vn -0.3675817549 0.9246681333 -0.09936013073
v 0.4986934364 0.04693129286 65.31016541
vn 0.15205051 0.9878312945 0.03271114081
v -20.99695396 -0.03775846213 53.87522125
vn 0.9482956529 0.3172333539 0.009920046665
v -3.315913439 0.3217414021 59.30425644
vn 0.06755723059 0.9469182491 -0.3142957687
v -31.41065979 0.8638662696 73.74208832
vn -0.4108563066 0.8755275011 -0.2542611361
v -19.87417984 -0.1960826963 50.59268188
vn -0.5777708888 -0.1395426095 -0.804181993
v -7.375797749 0.3002521992 83.17002106
vn -0.1217166856 0.9924667478 0.01395740081
v -12.71602535 0.451220721 68.42662048
vn -0.06620299816 0.9753159285 -0.2106561959
v -1.993904829 -1.052281857 45.5060463
vn 0.08261913061 -0.9852035046 0.1501601934
v -0.09489647299 0.6869724393 43.0227356
vn 0.2822827399 0.9590349197 -0.023842711
v 0.08773382753 -0.6611306667 43.19395065
vn 0.3241440356 -0.945998013 0.004288280383
v 0.7256698608 -0.4022987783 43.0133934
vn 0.3655330837 -0.9307982922 -0.0003703880648
v -3.810786486 -0.5871070027 45.28628922
vn -0.4573734999 -0.8631711602 -0.2138809711
v -1.320293188 -0.02248356119 82.82349396
vn 0.144111678 -0.9893854856 0.01865893975
v -0.6229045391 0.8849880695 43.26107407
vn 0.2303091586 0.9726520181 -0.03009654209
v -14.15481663 -0.03055843525 58.0667038
vn -0.007212135941 0.8912783861 -0.4533991814
v -6.629097939 0.5275772214 78.72589874
vn 0.02427610569 0.9965025187 -0.07995855063
v -0.9540761709 -0.4005996585 62.81433868
vn 0.1569996029 -0.9874303937 0.01822869852
v -4.291658878 0.3045027256 59.0570755
vn 0.02645734511 0.959595561 -0.280136317
v -0.9522534609 -0.2256799191 65.00783539
vn 0.1329715252 -0.9839066267 0.1193581969
v -11.21623325 -0.06977298111 59.168293
vn -0.1322274655 -0.8511602283 0.5079784393
v -11.29584408 -0.1346507072 59.18333054
vn -0.01764269732 0.9919185042 0.1256437898
v -19.966465 -0.305726707 50.59448242
vn -0.4279478192 0.6907616854 -0.5828455687
v 1.077865839 -0.252746582 42.68433762
vn 0.3692016602 -0.9293277264 -0.006332723424
v -13.82820988 0.02146070823 58.10963058
vn -0.05768184364 -0.9327402115 0.3559051454
v -16.09134102 -0.2959449887 58.31179428
vn -0.1439013332 -0.4231207669 0.8945732117
v -10.06759071 -0.2689675391 57.79324341
vn 0.009881240316 0.9511464834 -0.3085818887
v -17.00568962 -0.5449188352 56.99427795
vn 0.05053336173 0.8622120023 -0.5040206909
v -1.157405734 1.002544045 43.25602722
vn 0.1122920886 0.9922993183 -0.05227376148
v -0.4268274605 -0.8655841351 43.48600006
vn 0.2732887566 -0.9618473649 0.01276494283
v -16.57155228 -0.5883235335 56.95591736
vn 0.0457059592 0.8663822412 -0.4972854257
v -6.448495865 0.1071571186 46.91850281
vn -0.2491858155 -0.7425129414 -0.6217563152
v -7.494684696 0.2009265721 60.52840042
vn 0.1391955167 0.9521484375 -0.2720991969
v -5.405509949 -0.1374958754 62.04373169
vn -0.4285602868 0.9030539989 0.0288030114
v -9.974947929 0.04591158777 67.11869812
vn -0.1058784425 0.9281544685 -0.3568179011
v -2.10500598 0.2082339674 68.0424881
vn 0.09092541784 0.9918113947 0.08968099207
v -4.704010963 -0.4700029194 83.36053467
vn 0.05969676003 -0.998072803 0.01694048382
v 0.498783499 -0.002055314137 65.31009674
vn 0.147261858 -0.9850492477 0.08939758688
v -6.937825203 0.06128856912 65.6943512
vn -0.1678218842 -0.9728618264 -0.1592972875
v -6.933536053 -0.01542570721 65.69443512
vn -0.2170572281 0.9381195903 -0.2698477507
v -12.95371819 0.7346084118 49.40468597
vn 0.05938953534 0.9878835082 0.1433843076
v -7.795222759 -0.5265491009 47.57172012
vn -0.2305944413 -0.8515991569 -0.4707494676
v -17.67588425 -0.3071064949 49.58546066
vn -0.2384867668 0.8128525019 -0.5314083695
v -29.43200302 0.2798526585 77.20370483
vn 0.03169407323 -0.9990029335 0.03144228086
v -15.53721142 -0.1656837761 49.81574249
vn 0.04892201349 0.5953820944 0.8019518852
v -17.49288177 -0.1669678539 49.59335709
vn -0.2130401284 -0.2071149051 -0.954838872
v -15.56091595 -0.1797914058 49.80819702
vn 0.07143015414 -0.8462315798 0.5280056
v -7.438492298 -0.1068990901 47.24320984
vn -0.2250430286 0.8979629278 -0.3781775534
v -23.56176949 0.8256288767 70.58405304
vn 0.04178316891 0.970159471 -0.2388405353
v -18.61682701 -0.302616477 56.88250732
vn 0.317851603 -0.7165294886 -0.6209314466
v -10.47369671 0.110714972 58.50088501
vn -0.002155213617 0.9929575324 -0.1184510291
v -18.83838272 -0.4204878509 56.78407669
vn 0.4445126355 0.197674796 -0.8736894131
v -19.45379829 0.1668421626 69.0554657
vn -0.02864022925 -0.9990795851 -0.03193375841
v -3.935660839 0.3795557916 79.18842316
vn 0.08940067142 0.9928582907 -0.0789931044
v -18.78650093 0.4740151763 50.52150726
vn 0.08881378919 0.9960346818 0.005194876343
v -4.437030792 0.4364453256 64.3011322
vn -0.157747075 0.9858079553 -0.05743235722
v -8.887522697 -0.01976854913 59.65280914
vn -0.03990414366 0.9991848469 0.00610867748
v -27.23390388 0.6082490683 77.35312653
vn 0.08568169922 -0.9918152094 -0.09466371685
v -4.696289062 0.4678645134 83.51133728
vn 0.06433427334 0.9977616072 0.01824417152
v -15.15548897 -0.1884469688 57.789608
vn 0.02540436387 0.8669915199 -0.4976748824
v -18.16452217 -0.3194720447 49.72268295
vn -0.2481978089 0.7249646783 -0.6425138712
v -16.7461586 -0.4255260527 57.17308426
vn -0.05405077711 -0.8452313542 0.53166008
v -5.268139839 0.4789335132 82.70974731
vn 0.005961748306 0.9998826981 0.01410867088
v -16.79168129 -0.4470776021 57.17051697
vn 0.04783721268 0.8640791774 -0.501077652
v -4.260845184 -0.4227656126 65.30070496
vn -0.07840072364 -0.9959244132 0.04458595812
v -14.55255032 -0.2953576744 58.62487411
vn -0.116809532 0.917016387 0.3813613653
v -15.09710217 -0.1401103735 57.77061462
vn -0.01803769171 -0.8746923208 0.4843428731
v -7.014010429 0.1909008175 60.75557327
vn 0.1836096942 0.912663579 -0.365147531
v -13.56781197 -0.1351331025 49.54644012
vn 0.09840878844 -0.9592023492 0.2650407255
v -13.34572506 -0.05674708635 49.56287766
vn 0.1404379755 0.5917176604 0.7938182354
v -7.006900787 0.2510826886 60.7357254
vn -0.1734490246 -0.9407361746 0.2914291322
v -14.86786747 -0.1487963796 49.74827194
vn 0.1271638274 -0.8198581934 0.5582668781
v -14.73211002 -0.09414414316 49.76436234
vn 0.08144308627 0.3690467477 0.9258355498
v -9.07907486 0.2600605488 77.00749969
vn 0.0126814954 0.9878168702 -0.1551033556
v -16.78444481 -0.06429611892 49.40617752
vn -0.20844087 -0.2488194257 -0.9458547831
v -5.474508762 0.2777148783 65.0304184
vn -0.2224764824 0.9610196948 -0.1641503572
v -17.06756973 -0.2006802261 49.40785599
vn -0.3382179141 0.7744104266 -0.5346934795
v -8.595580101 0.3828349411 48.19499207
vn -0.05260672048 0.9967740178 0.06061387435
v -11.20627785 0.432258755 77.6572113
vn -0.004788461607 0.9951666594 -0.09808353335
v -0.07368610054 -0.2048019469 63.26649857
vn 0.1755228341 -0.9838075042 0.03625713661
v -17.14256668 -0.1370699406 49.50996017
vn -0.2254385203 -0.1929730326 -0.9549549222
v -7.083495617 0.2773199081 69.63872528
vn 0.04374692217 0.9886712432 0.1435806006
v -13.81414223 0.06669580936 58.19139481
vn -0.01371137891 -0.9996664524 0.02188535407
v -14.52149963 -0.003852252383 58.06306076
vn -0.1294100732 0.9463664293 0.2960466444
v -18.29844284 -0.3780376017 57.06444931
vn 0.4177633822 0.2124317139 -0.8833722472
v -8.827934265 -0.2055777013 67.69187927
vn -0.05051068962 -0.9979159832 -0.04015403613
v -2.120856524 0.02791609801 86.53104401
vn 0.1379073262 0.9900184274 0.02907022834
v -16.17333031 -0.2510323226 49.8303566
vn 0.05000273883 0.2802875936 0.9586128592
v -19.44077301 0.1330117136 69.0537796
vn -0.05735669285 0.9451217651 -0.3216442168
v -17.72734642 -0.2213248014 57.2838707
vn 0.2632998526 -0.7340573072 -0.6259657145
v -30.95538521 1.10059309 76.71016693
vn -0.3179061115 0.9429130554 0.09925036877
v -16.06254196 -0.2081999332 49.82853317
vn 0.08544462919 -0.8400053382 0.5358080268
v -9.431214333 0.4827564359 68.81674957
vn -0.0006477977149 0.9998536706 0.01709533669
v -6.411732674 0.06490156054 60.45287323
vn -0.1773655862 -0.9056784511 0.3850817382
v -16.37518883 -0.2190563083 49.85453796
vn 0.1222649664 -0.820920229 0.5578003526
v -17.33140945 -0.2780067921 49.49795151
vn -0.3016018867 0.748981595 -0.5899685025
v -9.478691101 -0.02787651122 80.72000885
vn -0.1364602298 -0.9830760956 0.1222294495
v -6.453793049 -0.06013970077 60.47536087
vn 0.04929401726 0.9968004823 0.06292004138
v -6.292646885 -0.4455428421 83.58429718
vn -0.07994709164 -0.9967887998 0.004539456684
v -1.32030499 0.02240850404 82.82349396
vn 0.1441301256 0.9892404675 0.02509517409
v -26.39164162 0.9070865512 79.22232056
vn 0.03442561626 0.846042335 0.5320031047
v -15.77289867 -0.1819784641 49.82128525
vn 0.07173612714 -0.8464656472 0.5275887251
v -28.08418274 0.8361986279 74.50029755
vn 0.1237332895 0.9922952056 0.006352367345
v -15.13236809 -0.1196914166 49.79856491
vn 0.04377533123 0.3917326033 0.9190371633
v -3.390069246 0.5673804879 64.49232483
vn -0.0141819641 0.9998972416 0.002078913618
v -5.422497749 -0.5137146115 82.72992706
vn -0.01378084719 -0.9998618364 0.009297819808
v -15.23138714 -0.1639570296 49.78310394
vn 0.1006757468 -0.9062063098 0.4106757641
v -3.636529207 -0.3615289629 82.42370605
vn 0.1104119346 -0.9938018918 0.01292388421
v -19.40631866 -0.3128685653 50.23703766
vn -0.2172341347 0.8096151352 -0.5452822447
v -19.31600761 -0.1959564835 50.24568176
vn -0.4195003211 -0.3193073273 -0.8497424722
v -6.289288521 0.4402762055 83.65518951
vn -0.07369314134 0.9972603321 0.006411963142
v -16.52971649 -0.284902662 49.85655212
vn 0.02541957982 0.2746929526 0.9611959457
v -7.249840736 0.1881764978 60.61972046
vn 0.1809893399 0.9143675566 -0.3621807098
v -30.36907768 1.046043992 73.76000214
vn -0.1726978421 0.968231678 -0.1808392555
v -17.73616028 -0.1765270084 49.65470123
vn -0.2266897261 -0.3497319818 -0.9090100527
v -7.360788345 -0.3011321425 83.14683533
vn -0.1232725829 -0.9923045635 0.01164391078
v -16.37337112 -1.188984632 58.34337616
vn 0.05507486314 -0.9760776758 0.2103310227
v -10.51437759 0.01365461946 69.10578918
vn 0.001650630496 -0.9926480055 0.1210255027
v -30.58935547 0.4062846005 78.21392822
vn -0.4784555435 0.6175304651 0.6242887378
v -20.19852448 0.4292156696 51.40162277
vn -0.4383282363 0.7994145751 -0.4108584523
v -12.43835545 0.2666026056 70.56342316
vn 0.02110557072 -0.9872096777 0.1580239385
v -9.675403595 -0.01351998094 59.43869019
vn -0.07255420089 -0.7671213746 0.6373857856
v -2.727114677 -0.6043248773 62.72462463
vn 0.02737666108 -0.9986991286 0.04301885515
v -28.08407593 0.4359161258 74.50031281
vn 0.1301404983 -0.9913305044 0.01808961667
v -10.0413723 -0.0901664272 59.36802292
vn -0.02823510207 0.9947523475 0.09833912551
v -14.7009058 0.01616735384 58.05498123
vn 0.2438791096 -0.8273894191 -0.5059147477
v -15.33904171 -0.07889079303 57.94318771
vn -0.1019377038 0.9045051336 0.4141004682
v -2.604456425 0.1974420696 83.34140015
vn 0.1351767629 0.9904162884 0.02833414823
v -15.85603619 -0.2093391716 49.82616425
vn -0.002184596146 0.5915434957 0.8062701225
v -28.80374527 0.3330735564 74.31723785
vn 0.1163390726 -0.9931734204 0.008470248431
v -9.071080208 0.2414911836 77.00868225
vn 0.009050610475 -0.9378780127 -0.3468470871
v -7.882586956 0.115929395 60.13615417
vn 0.01572207734 0.9986647964 -0.04920786992
v -11.17567921 -0.0003893892863 77.69477844
vn -0.02148582786 -0.9740174413 -0.2254515886
v -18.47491264 -0.3216048777 49.82422638
vn -0.2644505501 0.7319139838 -0.6279870868
v -29.52380753 0.2471895516 74.13355255
vn 0.04733530432 -0.9987139702 -0.01815902255
v -13.62443829 0.08185470104 58.17615509
vn -0.06284451485 0.9950838685 -0.07654178888
v -12.89375401 -0.1613409519 58.96378708
vn -0.1189662144 0.9196308255 0.3743343055
v -5.486473083 -0.2732754946 65.56845093
vn -0.160275802 -0.9843020439 -0.07389958203
v -28.84565353 0.9366520047 74.25371552
vn 0.08417709172 0.9960389137 -0.02864816226
v -7.796090603 0.1895415783 60.20097351
vn -0.1414713562 -0.8767558336 0.4596575201
v -14.20298958 -0.2263510823 58.69110489
vn 0.09640084952 -0.9928660393 -0.07017073035
v -14.11993599 0.0197166577 58.09664917
vn -0.03648683801 -0.9611198306 0.2737104297
v -17.92529678 -0.305518806 49.65452576
vn -0.2311986685 0.719037354 -0.6553872824
v -18.34855843 -0.1801277399 49.83734512
vn -0.3268220723 -0.1112062335 -0.9385203719
v -18.98651505 -0.3194698691 56.67720795
vn 0.329906255 -0.7418190837 -0.5838375688
v -30.2434845 0.2183499187 73.95081329
vn -0.1039760262 -0.9913563728 -0.08000972867
v -11.7935524 0.4266784787 69.69226074
vn -0.0008872122271 0.9969052672 0.07860714942
v -8.186278343 -0.2017918378 81.44795227
vn -0.1346571147 -0.9892532825 0.05696799234
v -8.192376137 0.2029782236 81.44956207
vn -0.1318721473 0.9888709784 0.06887577474
v -26.98551941 0.6043605208 74.57498169
vn 0.1314980835 -0.9903309941 0.04419010505
v -26.98529434 0.6700553894 74.57499695
vn 0.1317314357 0.9905971885 0.03693212196
v -19.93004417 0.524204433 78.09477234
vn 0.06435108185 0.9823025465 0.1758994609
v -17.15772438 -0.1737221479 78.01602936
vn -0.06110630557 -0.9783251882 -0.197852999
v -5.623950005 0.2151644379 77.3067627
vn 0.05093998089 0.985378623 -0.1625856012
v -5.621394157 0.1787935942 77.30651855
vn 0.04000252858 -0.9565598965 -0.2887783051
v -9.20941925 -0.03505728021 81.65193176
vn -0.1495011747 -0.9880498648 0.03750826046
v -9.209739685 0.03735746443 81.65190887
vn -0.1485096812 0.9876502156 0.04991919175
v -7.401647568 0.3375375867 66.77577972
vn -0.1147761941 0.9688180685 -0.2195858806
v -19.96790314 0.3950996399 71.77371216
vn 0.01258448418 -0.9714636207 0.2368544489
v -30.64892769 1.108633995 77.82918549
vn -0.324668169 0.8855156898 0.3323440254
v -6.21930933 0.4451539814 82.00306702
vn -0.07988840342 0.9966544509 0.01725493185
v -8.463611603 0.2897151709 69.94558716
vn 0.0385000743 0.9885802269 0.1456945091
v -5.031998634 -0.3467657864 66.31044006
vn -0.03296054527 -0.9972749352 0.06600230187
v -9.234089851 -0.00106652861 68.87081146
vn 0.01330080722 -0.9883455634 0.15164496
v -2.756129503 0.2871312797 81.13809967
vn 0.1316223443 0.9911983609 0.01419213507
v -1.576254606 -0.1063159555 81.27571106
vn 0.1464251131 -0.9891909361 0.007812371477
v -15.65474987 0.07942745835 68.35418701
vn -0.03449170291 0.9097564816 -0.4137069881
v -29.2948246 1.045541048 78.60938263
vn -0.2177559584 0.8143104315 0.5380342603
v -17.44597054 0.04425364733 69.86572266
vn -0.00313054095 -0.9977638721 0.06676396728
v -13.92946625 -0.01831769571 79.10435486
vn -0.01165809296 -0.9976374507 0.06770274043
v -19.05361748 0.3647535741 71.58862305
vn 0.008916337043 -0.9834936261 0.1807230711
v -27.98289299 0.2996300757 79.22288513
vn 0.02221358009 -0.9930100441 -0.1159206182
v -3.036322117 0.2981474102 67.86712646
vn 0.07679351419 0.9917857647 0.1022925377
v -7.079222679 0.2356795222 69.63705444
vn 0.03543135896 -0.977966547 0.2057330757
v -10.74316883 -0.1660471261 68.26540375
vn -0.04476912692 -0.9975873828 -0.05305823684
v -9.453543663 0.2588878274 70.11421967
vn 0.02941021696 -0.9777751565 0.2075831145
v -2.746217966 0.3827453256 66.71392822
vn 0.08328535408 0.9932401776 0.08085443825
v -1.695940614 -0.02359984443 66.88837433
vn 0.08908770233 -0.9808416367 0.1732427329
v -13.93467808 0.006499279756 79.10464478
vn -0.07037179917 0.9534605742 0.2931905985
v -1.664448738 0.2685160339 66.79714203
vn 0.1096876264 0.9913974404 0.07141213864
v -0.6919469237 0.08767835051 67.06126404
vn 0.09345419705 -0.982870698 0.1588444263
v -0.69304353 0.1436527073 67.06151581
vn 0.1151380539 0.9913039804 0.06371580064
v -2.714808464 -0.05416622013 67.14932251
vn 0.07217688859 -0.9801502824 0.1846508831
v -2.126223326 -0.1966753453 80.89689636
vn 0.1385456622 -0.9902858734 -0.01179060247
v -1.575356722 0.1071597636 81.27481079
vn 0.1468536407 0.9889516234 0.02021495998
v 0.008798344061 0.164197892 63.67931747
vn 0.1629324257 0.9861786962 0.03007719666
v -2.768260717 -0.2865179181 81.13771057
vn 0.1320490837 -0.9912414551 -0.001838002354
v -24.95956993 0.2227237672 79.32585907
vn -0.02472769096 -0.9746848941 -0.2222112715
v -4.01047945 0.5154123902 66.47653198
vn 0.04638042673 0.9972221255 0.05828257278
v 0.8348271251 0.02432867885 63.83818436
vn 0.1656051278 0.9858164787 0.02721699513
v 0.835077405 -0.02460735105 63.83821106
vn 0.1730536073 -0.9836469293 0.04991159961
v -2.125184536 0.2003182322 80.89694977
vn 0.1396667361 0.9901399016 0.01077769976
v -31.4125309 0.4583804309 77.29708862
vn -0.5297637582 0.776468575 0.3412432373
v -31.4126091 0.4605252147 77.29716492
vn -0.2174618989 -0.9708982706 0.1003336906
v -4.435046196 0.192443192 77.49682617
vn 0.06545908004 0.9881855845 -0.1385796219
v -24.44986916 0.8458610773 78.69770813
vn 0.06224653125 0.9897276759 0.1287030429
v -1.126229167 0.3698502183 63.59410095
vn 0.1363408566 0.990247488 0.02865389735
v -4.014557838 0.4541272521 80.8199234
vn 0.0943004787 0.9955186844 0.007071733475
v -28.94195747 0.3255438805 79.06283569
vn 0.016899487 -0.9985262752 -0.05157157034
v -28.94640732 0.3512766957 79.06337738
vn -0.1822981834 0.6576470733 0.7309361696
v -4.295704365 -0.4667384923 80.95645142
vn 0.08567918092 -0.9962561727 -0.01151927747
v -28.33215141 0.4376240969 77.27848816
vn 0.1016639844 -0.9944810867 -0.02591882087
v -28.33204269 0.8362458944 77.27848816
vn 0.1373426765 0.9892918468 -0.04938234016
v -26.97688103 0.4112960398 70.88097382
vn -0.04193872586 -0.9956095815 -0.08368182182
v -7.259115219 0.3892551661 77.89919281
vn 0.03234871849 0.9890782237 -0.1437980384
v -2.167342424 -0.291466862 65.68729401
vn 0.09029729664 -0.9829775691 0.1600045562
v -2.379342794 0.2144421041 79.2108078
vn 0.1120320186 0.9920874834 -0.0566675514
v -2.481993914 -0.1036141515 79.09525299
vn 0.09445115179 -0.982870996 -0.158251822
v -5.585427284 0.5206955671 79.14886475
vn 0.04535871372 0.9964780211 -0.07052771002
v -5.543580532 -0.4309521019 79.16173553
vn 0.03445563838 -0.9831531644 -0.179506585
v -31.128582 0.4972860813 73.10758209
vn -0.5144822598 0.7904176116 -0.332487613
v -31.12902069 0.523329556 73.10665894
vn -0.20891276 -0.9713471532 -0.1133144572
v -31.96505356 0.5130079389 75.32582092
vn -0.4501489103 0.892940104 -0.00489609316
v -31.96583176 0.5383526683 75.32568359
vn -0.2540610731 -0.9666113853 -0.03339767456
v -3.455043554 0.1664145738 77.7063446
vn 0.07693205774 0.9904336929 -0.1145536155
v -9.552816391 -0.4046928585 78.67858887
vn -0.04523802176 -0.9956758022 -0.08113697171
v -9.818302155 0.3712024689 79.31383514
vn -0.09075258672 0.9740481377 0.2073503733
v -7.906982422 -0.187635079 78.15167999
vn 0.008051564917 -0.9642077088 -0.2650258839
v -8.116393089 0.002471931512 66.37810516
vn -0.1571542919 0.9255620241 -0.3444379568
v -15.5627718 0.4735173285 69.7538147
vn 0.02733192779 0.9995320439 0.01373386569
v -3.313091516 -0.5390817523 64.4315567
vn -0.02890519239 -0.9978246093 0.05924939364
v -0.9262025952 -0.01585370488 80.96961212
vn 0.1414662153 -0.9897834659 -0.01777591929
v -4.626992226 -0.2205046266 67.05819702
vn 0.03337130696 -0.98471421 0.1709511727
v -0.9261456728 0.015971696 80.96961975
vn 0.1450824589 0.9893780351 0.009064848535
v -4.877053738 -0.5153065324 80.9730072
vn 0.04478242621 -0.998808682 -0.01938408986
v -4.743221283 0.5016464591 81.0901413
vn 0.04867912084 0.9987471104 0.01160130184
v -22.60389328 0.7558216453 78.40233612
vn 0.07283642143 0.9799913168 0.1852345765
v -29.3291111 0.9889592528 75.66688538
vn 0.07390540838 0.9972643852 -0.001310535241
v -28.4432354 0.8992754817 72.80947876
vn 0.01445175335 0.9954819679 -0.09384452552
v -14.03970623 -0.1575916857 78.03248596
vn -0.007537620608 -0.9976333976 -0.06834359467
v -6.241743088 -0.4692845643 80.76972961
vn -0.05985379219 -0.998165071 0.009162887931
v -6.261404991 0.4701521099 80.7721405
vn -0.06666169316 0.996971786 0.04004416987
v -5.466403484 -0.52125597 80.94994354
vn -0.01751221158 -0.9998066425 0.008945194073
v -5.498275757 0.5224420428 80.98745728
vn -0.02368712611 0.9994831085 0.02173558995
v -5.373914242 -0.5252199173 79.96529388
vn 0.01169891562 -0.998221457 -0.0584557578
v -5.760108948 -0.2004371285 67.41615295
vn -0.004394686315 -0.9944453239 0.1051626056
v -3.362602472 0.3744178414 80.76038361
vn 0.1121796742 0.9936876297 0.0007824776694
v -3.502589941 -0.3870552778 80.75713348
vn 0.1130436882 -0.9932251573 -0.02692467719
v -9.627181053 0.5381717086 78.27223206
vn -0.0164970383 0.9998317361 -0.008018649183
v -6.637403965 0.406650573 68.59833527
vn 0.02969243377 0.9947823882 0.09760324657
v -15.84814644 0.2603164911 70.93132782
vn 0.01264119055 -0.9824908972 0.1858811975
v -29.20751762 0.2938144207 75.73745728
vn 0.09939032793 -0.994999826 0.009844405577
v -28.56755447 0.3474394679 72.85097504
vn 0.07130629569 -0.9974412322 -0.005136860069
v -29.51806068 0.2359979451 72.52326965
vn -0.05674304441 -0.9917161465 -0.1152360961
v -7.307291508 -0.3791787922 80.33874512
vn -0.09468150884 -0.9938127398 0.05806547031
v -7.333533287 0.3788253665 80.33919525
vn -0.0939373374 0.9915540814 0.08942166716
v -7.032073975 0.3569813669 81.39350891
vn -0.1126742959 0.9929333925 0.03725369647
v -1.119515538 0.2477376014 65.92932129
vn 0.1272515059 0.9904516339 0.05303431302
v -30.03862381 0.2144424766 76.28733063
vn -0.01100164279 -0.9998270273 0.01499657892
v -22.99347496 0.631793797 71.51531219
vn 0.08244308829 0.9951537251 0.05359280854
v -27.06930161 0.2531561255 71.71435547
vn -0.00474121049 -0.9998574257 0.01620562933
v -28.48277283 0.8780627847 75.87071228
vn 0.1350591481 0.9908344746 0.002463211305
v -30.37739563 0.1943991035 75.43972778
vn -0.03510130569 -0.9992321134 -0.01740958914
v -30.28145409 1.06471765 75.35823059
vn -0.07132143527 0.9974532127 0.0005854660994
v -5.410300732 0.5443392992 79.96735382
vn 0.008809502237 0.9999494553 0.004850168247
v -10.68091965 -0.02227454633 79.85498047
vn -0.08458094299 -0.9872653484 0.1347337663
v -8.544946671 0.1355188042 83.23492432
vn -0.1419623792 0.9897463918 0.01577363163
v -8.1447649 0.1975580007 84.19715118
vn -0.1390561163 0.9902842641 0.0007193607162
v -7.019634247 -0.3577108383 81.39507294
vn -0.1101497039 -0.9933602214 0.03320484236
v -6.414555073 -0.09613339603 78.090065
vn 0.03403037041 -0.9672119021 -0.2516804338
v -5.143336296 0.354681313 78.25474548
vn 0.06382539868 0.9890589714 -0.132998541
v -3.867838144 -0.02874132432 78.24017334
vn 0.07049491256 -0.969820261 -0.2334077507
v -8.056108475 -0.1298069954 68.15101624
vn 0.001391066005 -0.991915524 0.1268921494
v -7.750281811 -0.4164545238 79.71679688
vn -0.05840560049 -0.998090148 0.02011995949
v -25.40014839 0.605219841 72.90490723
vn 0.0826863125 0.9844873548 0.1547500044
v -6.737461567 -0.4994032383 79.72288513
vn -0.01662945934 -0.9972013831 -0.0728892684
v -4.139831066 -0.01042433456 67.83644104
vn 0.05526360869 -0.9791696668 0.1953781992
v -1.590171933 -0.108858116 80.16189575
vn 0.1278326362 -0.9901302457 -0.05745340511
v -25.62739944 0.6155988574 77.81896973
vn 0.007212040015 -0.9778965116 -0.2089649588
v -8.106641769 0.5161363482 78.28189087
vn 0.009862647392 0.9948813915 -0.1005670875
v -20.95152855 0.4250354767 77.39459991
vn 0.04987685382 0.996959269 -0.05987066403
v -28.16886139 0.971274972 78.79906464
vn -0.02417062595 0.9115253091 0.4105331004
v -27.93344879 0.4787307084 75.9080658
vn 0.1359533519 -0.9907138944 -0.001639948809
v -8.019363403 0.2487207353 77.0682373
vn 0.02950370871 0.9831776023 -0.1802535355
v -9.201313972 0.04052534327 83.55296326
vn -0.1462047547 0.989162147 0.01350777503
v -8.302674294 0.3882927597 69.24951935
vn 0.03093590029 0.9919712543 0.1226212457
v -2.841699123 -0.2743550539 80.07408905
vn 0.1185368225 -0.9898171425 -0.07881052792
v -2.836201668 0.3012242615 80.07726288
vn 0.1204168946 0.9924775362 -0.0220939368
v -11.39763355 0.5433493853 78.45072937
vn -0.04368437082 0.9905738831 0.1298268884
v -13.34325218 0.007268649992 69.26745605
vn 0.005800971296 -0.9982993007 0.0580075793
v -4.254960537 0.4600186944 80.01460266
vn 0.08018536121 0.996419549 -0.0268023815
v -24.66191483 0.2936482728 71.57884979
vn -0.01927557588 -0.9954698682 0.09310295433
v -26.42694855 0.5938701034 73.12384033
vn 0.06177610531 -0.9915741682 0.113861084
v -26.42656326 0.6587718725 73.12382507
vn 0.0966450125 0.9895043969 0.107427828
v -1.144753337 -0.1133429557 65.99758148
vn 0.1080159917 -0.9826014042 0.1510861367
v -27.10954857 0.6677502394 75.96406555
vn 0.1376151294 0.9904657006 -0.006307626609
v -27.10973167 0.6064171195 75.96405029
vn 0.1346364468 -0.9908487797 -0.009579695761
v -2.295223236 0.1962918639 81.93898773
vn 0.1398188472 0.9898125529 0.02686728723
v -2.103315115 0.1532649398 68.04183197
vn 0.07622111589 -0.9807754159 0.1796382517
v -6.803578377 0.515416801 79.73397827
vn -0.02726812474 0.9990817308 0.03304763138
v -27.71166229 0.4240142703 78.56433868
vn 0.04998848587 -0.9915652871 -0.1195800602
v -30.14174461 1.058919191 76.18836212
vn -0.07006453723 0.9974650741 -0.01242638472
v -18.46056747 0.3064728975 77.19314575
vn -0.0522708185 -0.9697847962 -0.2382964194
v -18.46477509 0.3533602655 77.19390869
vn 0.02198289335 0.999755621 -0.002335033147
v -5.241164207 0.5111169815 67.27307129
vn 0.00610154774 0.9994546771 0.03245122731
v -4.433418751 0.1520651728 77.49623871
vn 0.05180805922 -0.9632694125 -0.263491869
v -10.55894947 0.2622395754 70.2848053
vn 0.02565027215 -0.9794924855 0.1998412907
v -1.590607882 0.1282438487 80.16159058
vn 0.1371945292 0.9905167222 -0.007367363665
v -4.265852928 -0.42868644 79.89085388
vn 0.07645555586 -0.9909281135 -0.1105261892
v -7.277770519 0.5638623834 67.63607788
vn -0.02806208469 0.9974329472 -0.06587907672
v -2.137375116 0.0924693197 78.16376495
vn 0.08064866811 -0.9826301932 -0.1671338975
v -2.138187885 0.1140243709 78.16387939
vn 0.09872429073 0.991882503 -0.08014154434
v -8.820487022 -0.2844403386 79.78772736
vn -0.0998627618 -0.9916377664 0.08174355328
v -8.808117867 0.2977069318 79.81378937
vn -0.1024320945 0.9836739302 0.1479637176
v -4.873811722 -0.4836767316 81.95104218
vn 0.03248216957 -0.9994083643 0.01130775735
v -8.144510269 -0.194489941 84.1991806
vn -0.1405832916 -0.9900686145 0.0006708045839
v -30.76461601 1.036426663 74.58267975
vn -0.2376817316 0.9695586562 -0.05885027722
v -2.303193808 -0.1982378811 81.94217682
vn 0.1411671489 -0.9897269011 0.02263846435
v -6.92559433 0.05586501956 68.73923492
vn 0.03620811924 -0.9783149362 0.2039335221
v -13.2576828 0.1119134873 67.94936371
vn -0.030142406 -0.9975540042 -0.06306703389
v -16.47765732 0.02302775905 69.08486938
vn -0.01118361484 -0.999933064 0.002967874054
v -3.51725173 0.2567720413 78.41687775
vn 0.08273052424 0.990735054 -0.107702218
v -8.543227196 -0.1330276132 83.23416901
vn -0.1431688964 -0.9896152616 0.01281695906
v -27.46570969 0.5200564861 73.8431015
vn 0.1036762968 -0.9930691719 0.05536137149
v -10.68571472 0.027292585 79.85531616
vn -0.1084014401 0.9410523176 0.3204210401
v -11.2641573 -0.3729938865 57.70824051
vn -0.06876777858 -0.9817141891 -0.1775055677
v -3.316395998 0.1784459949 68.55115509
vn 0.06301501393 -0.9789053202 0.1943538636
v -10.32569313 0.2581509054 76.95320129
vn -0.003244347405 -0.9450756311 -0.3268355727
v -8.122490883 0.0856815204 66.37622833
vn -0.136339128 -0.970307529 -0.1997872442
v -26.8943634 0.4165402353 70.85109711
vn -0.1624770015 0.8060652018 -0.5690870881
v -30.85056496 0.2374693453 74.68012238
vn -0.1867394149 -0.9806878567 -0.05813499913
v -3.99206233 0.3785560131 67.72823334
vn 0.06219995767 0.992898941 0.1014045477
v -27.46572304 0.7529588938 73.84309387
vn 0.105293192 0.9937707186 0.03651086241
v -3.318630695 0.2370859534 68.55192566
vn 0.06967863441 0.9912942648 0.111716345
v -16.25470543 0.5315998197 68.92511749
vn -0.01036359463 0.9657109976 -0.2594126165
v -6.000195026 -0.3305418491 66.51350403
vn -0.09386795759 -0.9941930175 -0.05262123048
v -10.56432915 0.3011675775 70.28668213
vn 0.02154283412 0.9896867871 0.1416190863
v -0.03590511531 0.0974137634 66.17945862
vn 0.1343930811 0.9899715185 0.04352975637
v -19.43460083 -0.02048031613 78.24209595
vn -0.03381540254 -0.98993963 -0.1373901814
v -0.05232495442 -0.1436267346 64.35411072
vn 0.1637785137 -0.9838886857 0.07169177383
v -27.72077751 0.752137661 76.62127686
vn 0.1405930519 0.9898866415 -0.01892226748
v -0.03393622488 0.02708894759 66.18082428
vn 0.1184732839 -0.9845393896 0.1290202588
v -1.883588672 0.3666560948 65.68112946
vn 0.1124203354 0.9917869568 0.06099421903
v -3.45388031 0.1334323585 77.70598602
vn 0.0687931329 -0.9737222791 -0.2170999497
v -5.351364613 0.006911443546 68.21785736
vn 0.03875161335 -0.9806572199 0.1918585747
v -13.24168968 0.08394754678 67.94651031
vn -0.08598848432 0.946333468 -0.3115428686
v -25.63534737 0.5802116394 77.81628418
vn 0.0504084751 0.9906237125 -0.126978904
v -9.48003006 0.02853000537 80.72003937
vn -0.1368024647 0.9734150767 0.18370682
v -9.201066017 -0.03764878586 83.5530014
vn -0.1469021589 -0.9890939593 0.01062264666
v -7.014147758 0.2335869223 77.12943268
vn 0.04024430364 0.9832603335 -0.1777062863
v -7.009913921 0.2101227045 77.13014984
vn 0.02901801094 -0.9460308552 -0.3227747381
v -4.222117901 0.2516954243 68.82443237
vn 0.05913070217 0.9902784228 0.1259057373
v -4.219305515 0.1871683151 68.82404327
vn 0.05197456479 -0.9773136377 0.2053210735
v -12.95956326 0.4409415722 69.61251831
vn -0.02015261166 0.9997347593 0.01114926953
v -6.809425354 -0.1684225202 67.77411652
vn -0.001231593895 -0.9934507608 0.1142542288
v -8.580653191 0.4758357108 67.52216339
vn -0.0795301944 0.9741387367 -0.2114915997
v -8.324117661 0.09878483415 69.17155457
vn 0.03250418976 -0.9782717824 0.204762876
v -9.795614243 -0.1734895557 68.20693207
vn -0.01758030988 -0.9996621013 0.01914844662
v -7.812033653 0.4236866236 79.72366333
vn -0.06231727451 0.9913774729 0.1152701601
v -15.85831928 0.2704640627 70.93427277
vn 0.04142525792 0.9885206819 0.14529562
v -6.227306366 0.5405901074 67.46147156
vn -0.01883344352 0.9997383952 -0.01297646854
v -12.00403214 0.2621803284 76.896492
vn 0.006838545669 -0.9604665637 -0.2783114612
v -12.01704216 0.2641524076 76.89394379
vn 0.002028093906 0.9860641956 -0.166352883
v -6.164072514 0.3749757409 78.06022644
vn 0.0451939851 0.9877276421 -0.1495046169
v -8.525809288 0.5394752622 79.04714203
vn -0.04410668835 0.9963723421 0.07277847081
v -8.353206635 -0.4705204368 79.03795624
vn -0.04079268128 -0.9970760345 -0.06461687386
v -11.68438244 0.4898969233 68.6684494
vn -0.03707250208 0.9913748503 -0.1257043481
v -8.17474556 0.5233886242 68.26467133
vn -0.003431933001 0.999822855 0.01850629039
v -8.459183693 0.2528439164 69.94371033
vn 0.03213859349 -0.9780618548 0.2058205903
v -14.06969929 0.4676682949 77.82652283
vn -0.03623158857 0.9947099686 0.09612175822
v -11.33814049 0.1052775905 67.52578735
vn -0.06035893038 -0.9874161482 -0.1461715996
v -11.32720375 0.07457400858 67.52169037
vn -0.07456310838 0.9444355369 -0.3201279342
v -10.9351387 -0.3546751738 78.64886475
vn -0.05999943614 -0.9971529841 -0.04567260295
v -8.999423981 0.1013811305 66.74810791
vn -0.1054254696 -0.9774381518 -0.1830304563
v -8.993281364 0.01828007773 66.74963379
vn -0.1307862103 0.9133428335 -0.3856162429
v -7.879787922 -0.2563532591 67.24169922
vn -0.06909003854 -0.9960935712 -0.05499187857
v -16.77453041 -0.02743711136 78.78882599
vn -0.02494123578 -0.9980273247 -0.05761454999
v -12.03534794 0.01596999727 79.47228241
vn -0.08424599469 0.9387332201 0.334189415
v -27.94670677 0.9836869836 71.65653992
vn -0.09520619363 0.9517984986 -0.2915740609
v -16.23287773 0.4996367395 77.73532104
vn -1.7617509e-05 0.9941128492 0.1083494946
v -16.76567268 0.003358344547 78.79533386
vn 0.008972857147 0.9462940097 0.3231827617
v -12.01513863 -0.01802538335 79.4761734
vn -0.06492112577 -0.9938111901 0.09013665468
v -15.67500782 0.1083117798 68.35808563
vn -0.01165113319 -0.9988364577 -0.0467973575
v -12.80321026 0.3674804568 78.67099762
vn -0.06912014633 0.9705133438 0.2309248596
v -23.5258522 0.8105453253 78.55167389
vn 0.05010067299 0.9953274727 0.08254165202
v -9.458057404 0.2980877757 70.11636353
vn 0.02971784025 0.9908623695 0.1315622777
v -14.76455498 -0.03686570004 69.11647034
vn -0.002709306078 -0.9998058081 0.01952074282
v -14.20634174 0.2583471239 76.83001709
vn -0.006543120369 0.9953538179 -0.09606257081
v -28.72069168 0.3804090917 78.18776703
vn 0.04711500555 -0.9980057478 -0.04200851172
v -12.44505215 0.2840367854 70.56541443
vn 0.003453863552 0.9920864105 0.1255093515
v -10.33537292 0.2632706463 76.95149231
vn 0.008012742735 0.9862331152 -0.1651668251
v -10.85263157 0.4732362628 69.28460693
vn 0.001187822549 0.9986513257 0.05190542713
v -11.76516628 0.1196301728 69.76999664
vn 0.009081779048 -0.9901939034 0.1394041479
v -6.16217041 0.2728260756 69.37348175
vn 0.04767613485 0.9888401031 0.1411460042
v -6.158223152 0.2169480771 69.37240601
vn 0.03847797215 -0.977686286 0.2065161914
v -13.10945129 -0.01554831676 77.49685669
vn 0.01001270209 -0.9680067301 -0.2507242858
v -8.01362133 0.2206818163 77.06729889
vn 0.01982009411 -0.9368687868 -0.3491190374
v -26.89595413 0.339659065 79.3849411
vn -0.03212680668 0.7256432176 0.6873207092
v -26.95605087 0.2512715161 79.36611938
vn 0.006716493051 -0.982988894 -0.1835422963
v -22.2894516 0.047913827 70.47786713
vn -0.02838515677 -0.9994148612 0.01908523589
v -25.94961929 0.7761560678 78.45663452
vn 0.07092583925 0.9902687073 0.1197391003
v -12.47127056 0.4798022807 77.80328369
vn -0.02536696382 0.9995611906 -0.01529594325
v -9.557775497 -0.1151980832 77.8055191
vn -0.008236804046 -0.951703608 -0.3069078326
v -14.19275475 0.250475198 76.83411407
vn 0.001258357428 -0.9646290541 -0.2636080682
v -13.54598045 0.4137563705 68.90073395
vn -0.04580130801 0.983810842 -0.1732582748
v -17.66694069 0.4471402764 70.44898224
vn 0.02264555357 0.9992236495 0.03223796189
v -27.46803284 0.8016913533 72.73241425
vn 0.04823089018 0.99865973 0.01877711155
v -14.3423481 0.1290115118 68.15424347
vn -0.00889711827 -0.9980638623 -0.06155753508
v -20.93908691 0.4361541569 71.97060394
vn 0.009865574539 -0.9715147614 0.2367734909
v -20.95433235 0.4347821772 71.97557831
vn 0.05134604126 0.9948353767 0.08755660802
v -23.28117371 0.2652826011 69.9664917
vn -0.07156936079 -0.9926534891 -0.09755454212
v -14.3336668 0.07448730618 70.01140594
vn 0.01222571824 -0.9925382137 0.1213194057
v -27.68720818 0.3575196862 72.40089417
vn 0.04326922446 -0.9982140064 0.04118981585
v -10.30444908 -0.2032889277 78.11353302
vn -0.02329880372 -0.966860652 -0.2542393804
v -23.20500374 0.2865063846 69.94557953
vn 0.006775198504 0.9211078286 -0.3892485499
v -18.33512688 0.5330790281 69.58734894
vn -0.02279247902 0.9778161049 -0.2082215101
v -12.25500202 0.09904914349 67.73513794
vn -0.04814273864 -0.9913498163 -0.1220973432
v -12.24135876 0.08109685779 67.73348236
vn -0.06479071081 0.9436941147 -0.3244125843
v -15.14848328 -0.02988169529 78.91986084
vn -0.003684388939 -0.998906076 0.04661659151
v -13.80097103 0.2556994557 70.70503235
vn 0.02648352832 -0.9850081205 0.170462817
v -13.80853462 0.2692625821 70.70648956
vn 0.006927432958 0.9918134212 0.1275076568
v -15.14931583 0.00472305622 78.92533875
vn -0.02463318594 0.9652716517 0.2600842118
v -17.26627541 0.09087314457 68.61559296
vn -0.06188894436 0.8828382492 -0.4655817747
v -20.42151451 0.4652116001 69.91716766
vn -0.03881748021 0.9745917916 -0.2205993384
v -15.39622879 -0.1740928441 77.91754913
vn -0.001221813029 -0.9913115501 -0.131529361
v -12.93066788 -0.01392895821 79.28903198
vn -0.02296051383 -0.998573482 0.04820615798
v -17.82708168 0.4269417524 78.09101105
vn 0.01768969186 0.9850178957 0.1715425104
v -14.16741276 0.4360566437 69.71059418
vn 0.002551744925 0.999838531 0.01778689399
v -18.89709663 0.04776158184 78.83492279
vn 0.05070446804 0.9432891011 0.3280773461
v -15.72009182 0.04520226642 69.88240051
vn 0.001514856936 -0.9957025051 0.09259685129
v -18.90703583 0.01073807292 78.8322525
vn -0.01400429476 -0.9998944998 -0.003858557204
v -15.8193512 0.2454024255 76.87532043
vn -0.02109224536 -0.955755949 -0.2934037149
v -15.83071709 0.2662742436 76.87553406
vn -0.003780343337 0.9973035455 -0.07328939438
v -13.01622963 0.2518488765 76.86127472
vn 0.01598470658 -0.943139255 -0.3320132494
v -13.02884483 0.2645993233 76.85945892
vn -0.006824182346 0.9919034243 -0.1268110424
v -19.70973206 0.08383958042 70.33583832
vn -0.01017262042 -0.9982838035 0.05767103285
v -22.05431366 0.4543890059 77.51465607
vn 0.04226231202 0.9946022034 -0.09476465732
v -26.13137054 0.4294267893 78.53843689
vn 0.006221421529 -0.9802539349 -0.1976450533
v -12.97969723 0.02617142163 79.29627228
vn -0.09109074622 0.9246107936 0.3698613048
v -11.4956913 0.2949922681 70.42642975
vn 0.01077392697 0.9912986755 0.1311899573
v -11.48993301 0.2662989497 70.42373657
vn 0.02681062557 -0.9802214503 0.196079284
v -14.86045837 0.3289473057 68.94149017
vn -0.005646563135 0.9752444029 -0.2210575044
v -17.72092628 0.3176873326 71.30448914
vn 0.01590822265 -0.9845557809 0.1743469685
v -17.73245811 0.3171458542 71.30841064
vn 0.05191033706 0.9914749861 0.1195099875
v -21.05227852 0.1922674477 69.44894409
vn -0.02753024176 -0.9975534678 -0.06425835192
v -22.03656578 0.4857806563 77.51696014
vn -0.126717627 -0.9496515989 -0.2865388393
v -28.91967964 1.029669046 77.991745
vn 0.07194389403 0.9937191606 0.0857103914
v -21.60108566 0.1877024174 70.99902344
vn 0.004067688715 -0.9838360548 0.1790254563
v -19.75994492 0.4978207052 70.82668304
vn 0.01930366829 0.999784112 0.007685040124
v -29.82912254 1.14662683 77.93096924
vn -0.05815008283 0.9843155742 0.1665576547
v -15.10951233 0.4491442144 77.69593048
vn -0.006114679389 0.9993510842 0.03549680114
v -30.41864395 0.5144320726 72.43022156
vn -0.3141458333 0.8792836666 -0.3580120504
v -30.41922951 0.4750111699 72.46546936
vn -0.1608809233 -0.9722618461 -0.1697769612
v -14.78833485 0.2650543153 70.80146027
vn 0.02540227585 0.9928049445 0.1170172468
v -14.77989578 0.2495483458 70.80019379
vn 0.01668330282 -0.984113276 0.1767561436
v -24.85894394 0.2882177532 79.35958099
vn 0.08736316115 0.8588503003 0.5047215223
v -21.01359749 0.2072006762 69.43327332
vn -0.06296780705 0.9374547601 -0.3423647583
v -19.06591606 0.3641813993 71.59198761
vn 0.05248527229 0.9921886921 0.1131675765
v -26.02683449 0.3543128967 71.98352814
vn 0.01626743563 -0.9931828976 0.1154255122
v -26.25581741 0.934345603 71.23107147
vn -0.05932434276 0.9526679516 -0.2981683612
v -16.70321083 0.5008663535 69.90761566
vn 0.01803656854 0.9995126128 0.02548062243
v -16.97930145 0.2666274905 76.99642944
vn -0.06060089916 -0.9572475553 -0.2828508615
v -16.98764992 0.300329566 76.99749756
vn -0.000769454753 0.9998452067 -0.01757812127
v -25.91348076 0.7433481812 72.26819611
vn 0.05164947733 0.9978185296 0.04111583158
v -24.26938438 0.561106801 72.66579437
vn 0.01274120342 -0.9779132009 0.208622843
v -31.15160561 0.8471781015 75.34341431
vn -0.3038460314 0.9527161717 -0.003075652756
v -24.27877426 0.5622240305 72.67060852
vn 0.08376528323 0.9851891398 0.1496188194
v -17.23200989 0.5406740904 69.23069763
vn -0.03691906855 0.9764057994 -0.2127644569
v -18.27690125 0.1008403972 68.81897736
vn -0.06598762423 0.9171173573 -0.3931174874
v -18.29220581 0.1303702891 68.81695557
vn -0.02412524074 -0.9991235137 -0.03420746326
v -24.91512871 0.8999378085 70.90555573
vn -0.03509455919 0.9423326254 -0.3328327537
v -23.94731712 0.5145409703 77.68831635
vn 0.02322580665 0.9882965088 -0.1507667005
v -20.34889221 0.07268529385 78.93147278
vn 0.08129242808 0.9051179886 0.417316407
v -20.35033226 0.05946558341 78.93812561
vn -0.01859867759 -0.9993712902 0.03018482588
v -18.70335388 0.03963228315 69.81185913
vn -0.01612943783 -0.9995809197 0.0240375828
v -23.53491974 0.2082289904 79.23716736
vn 0.08871854097 0.9046273828 0.4168672264
v -17.78238297 0.01759192348 78.80271149
vn 0.02635701746 0.924311161 0.3807284832
v -17.79102707 -0.01464871224 78.80336761
vn -0.04261598736 -0.9925021529 -0.114557378
v -21.26725388 0.5974493027 70.88661194
vn 0.02120954171 0.9985556006 -0.04936423525
v -21.05492783 -0.09915223718 78.39359283
vn -0.07633972168 -0.9807825089 -0.1795490831
v -28.35445213 0.4612837136 71.34488678
vn -0.2051903009 0.817699194 -0.5378335714
v -19.93763161 0.3809662163 77.29338837
vn -0.05989341065 -0.9469558001 -0.3157332242
v -19.94573975 0.3939857781 77.29285431
vn 0.04212104902 0.9982782602 -0.04082024843
v -28.39138603 0.4453492165 71.37166595
vn -0.03606012836 -0.9950187206 -0.09293740988
v -19.98110199 0.397621721 71.7767334
vn 0.04892452061 0.9951925278 0.08484251052
v -25.23969269 0.3444563448 70.44490051
vn -0.05579575151 -0.996645391 -0.05987364799
v -23.92791748 0.5797168612 77.69684601
vn -0.03373600543 -0.9702064991 -0.2399193197
v -25.14215088 0.3633492291 70.40679932
vn -0.1210973859 0.7918949723 -0.5985296965
v -16.77415085 0.2885916531 71.11686707
vn 0.04528854042 0.9886966348 0.1429261714
v -16.7634716 0.2869049609 71.11461639
vn 0.007435130421 -0.9872994423 0.158696264
v -16.20038795 -0.03309252858 77.48160553
vn -0.03467678279 -0.9771023393 -0.2099249959
v -22.44720078 0.497431159 70.57975006
vn 0.04849265516 0.9853844047 -0.1632975042
v -22.83475876 0.3434418738 71.62256622
vn -0.001887594699 -0.9827355146 0.1850063354
v -20.99729347 0.07926627994 70.37403107
vn -0.01018173527 -0.9994369745 0.03196944296
v -31.1471138 0.318829149 75.89012909
vn -0.1598045528 -0.9871421456 -0.003592657158
v -24.69614792 0.415915072 78.38814545
vn -0.02289915457 -0.9725306034 -0.2316458374
v -18.6870842 0.4732286632 70.68158722
vn 0.0260901805 0.9992522001 0.02853707783
v -19.1946907 0.5783411264 69.95314789
vn -0.02154245973 0.9891548753 -0.145287782
v -22.49873734 0.499150455 72.29239655
vn 0.009468424134 -0.9717359543 0.23588036
v -22.51340294 0.4915700853 72.29892731
vn 0.06989811361 0.9903009534 0.120076187
v -21.13015556 0.6643584371 78.22328186
vn 0.07908736169 0.9662514329 0.2451598048
v -27.95869064 0.3596264422 79.2531662
vn -0.08657047153 0.762917459 0.6406735182
v -18.91592789 0.4467113614 77.99065399
vn 0.04047203436 0.9921908975 0.1179797053
v -24.61135674 0.7793563008 71.65662384
vn 0.07136321813 0.9960872531 0.05212948844
v -25.88757324 0.3400923908 79.41021729
vn 0.01929649711 0.6862666607 0.7270939946
v -20.30309677 0.2274001688 71.15714264
vn 0.007660663687 -0.9832773805 0.1819529086
v -25.39619446 0.596282959 72.90046692
vn 0.02724689804 -0.982871294 0.182268098
v -23.65493202 0.1115542799 70.72823334
vn -0.0461839214 -0.9978580475 0.04632910341
v -22.07759285 0.2155396342 69.68762207
vn -0.0371702835 -0.9939740896 -0.1031207442
v -22.02296829 0.2444141358 69.6703949
vn -0.01296837162 0.9593148828 -0.2820403576
v -29.56715965 1.066123486 73.09313202
vn -0.06534970552 0.9802893996 -0.1864459664
v -20.94018555 0.4245124757 77.39308167
vn -0.1086003184 -0.9301310778 -0.3508020937
v -23.59127617 0.1975844055 79.22480774
vn -0.05730989203 -0.9722886682 -0.2266503274
v -29.78581047 0.3485890031 78.64411926
vn 0.006045222748 -0.9997512698 0.02146664821
v -29.80113029 0.4057446122 78.6886673
vn -0.3515577018 0.5179359317 0.7798394561
v -26.17719841 0.3000016809 71.08412933
vn -0.02313561551 -0.9997243881 -0.003984419163
v -25.9700489 0.2406120598 79.35043335
vn -0.01482649613 -0.9768939614 -0.2132097334
v -24.24890518 0.2990420163 70.20161438
vn -0.07225845009 -0.9960471988 -0.05165927112
v -24.16047859 0.3424850106 70.1598053
vn -0.04403541237 0.8652573824 -0.4993902147
v -27.14027214 0.934992373 78.75040436
vn 0.0219950527 0.9546744823 0.2968381643
v -22.99829674 0.484205097 77.60159302
vn 0.03002004139 0.9891487956 -0.1438175887
v -21.2756691 0.09855661541 79.02194214
vn 0.09483516216 0.8621606827 0.4976798892
v -21.27866745 0.07508431375 79.02492523
vn -0.06290882826 -0.99801296 0.003555824282
v -22.97641373 0.5522544384 77.61322784
vn -0.09600749612 -0.9658557773 -0.2406350076
v -26.88828087 0.9131984711 71.97705841
vn 0.03084143624 0.9994996786 0.007013471797
v -21.90273094 0.5723254085 71.58876801
vn 0.05920142308 0.9976297617 0.03507142514
v -14.72396374 -0.422660768 57.25844193
vn -0.01826656796 -0.8835155964 0.4680453837
v -23.74851418 0.3116185069 71.60133362
vn -0.001649509068 -0.9824402332 0.1865701973
v -23.38408661 0.5326381326 72.47849274
vn 0.01448809262 -0.9722146392 0.2336424291
v -26.01894569 0.39259395 70.62619019
vn -0.1185934097 0.8207418323 -0.5588545799
v -23.39639473 0.5228714943 72.48412323
vn 0.08201818168 0.9864908457 0.1418057829
v 0.3107085824 0.1676442921 61.60127258
vn 0.1646333188 0.9859542847 -0.02810820937
v -19.13035965 -0.3328699172 57.31789398
vn -0.3248849213 -0.5658371449 0.7578114271
v -11.15228844 -0.3077720106 57.72673798
vn 0.01187720988 0.9296664596 -0.3682108819
v -12.93157768 -0.05963338166 48.65229034
vn -0.05749641359 0.8664098382 -0.4960122108
v -12.69170761 0.08483868837 48.67719269
vn -0.09673577547 -0.8438833952 -0.5277338624
v -18.17739105 -0.2817104757 50.21628952
vn 0.2952463627 0.5364587307 0.7905957699
v -10.67347336 0.06761711836 48.18742752
vn -0.1705299914 -0.7958988547 -0.5809170008
v -17.29445457 -0.2468972802 57.45004654
vn 0.3308477104 0.8955975771 -0.2973966897
v -20.65951347 -0.9027462602 56.44565582
vn -0.7321079373 -0.1294769049 0.6687702537
v -13.6038866 -0.4331110716 57.43671417
vn -0.005206059664 0.8890867829 -0.4577091336
v -15.13433933 -0.3161995113 58.52010345
vn 0.1577958316 -0.8762378097 0.4553106427
v -19.80691528 -0.2835788727 51.24776459
vn 0.8258213997 0.04919028655 0.5617823005
v -13.58274841 -0.3207273781 57.42536163
vn -0.08567327261 -0.9277164936 0.3633210063
v -15.23607635 -0.1043784916 49.01063538
vn -0.1026661769 0.8698832393 -0.4824549556
v -17.1544323 0.5538184047 57.41878128
vn 0.1480364949 0.9713531733 0.1858985126
v -14.93871593 0.05143976584 49.03368378
vn -0.01117366925 -0.7039704919 -0.7101413608
v -15.64033985 -0.5049216747 57.10934067
vn -0.01921543293 -0.8659113646 0.499828279
v 0.8817184567 -0.4461257756 31.75559235
vn 0.342656374 -0.938659966 0.03878170624
v -1.430289388 -1.181503415 30.88353539
vn -0.009586552158 -0.9964775443 0.08331015706
v -15.67216301 -0.5466516614 57.10729599
vn 0.03483377025 0.8705014586 -0.4909315705
v -20.38776207 0.7669523954 52.22771454
vn -0.2585336268 0.9651374817 -0.040865127
v -3.035033703 -0.83351475 30.76605988
vn -0.3352971971 -0.9392960668 0.07279225439
v 2.080838442 -0.07348610461 31.18191719
vn 0.3499180377 0.9363282323 0.02909914963
v 2.090934038 0.008898859844 31.1829052
vn 0.3670817912 -0.9295364022 0.03482801467
v -1.58882153 1.147956014 29.89006615
vn -0.1404753774 0.984383285 0.1060950533
v 0.6918800473 0.4580790699 30.7930336
vn 0.3291273415 0.9427589774 0.053672079
v 0.4042122364 -1.22994566 24.07855606
vn 0.3029255867 -0.9514014721 0.05541933328
v 0.4523375034 1.235793352 24.07648087
vn 0.2220361531 0.9750002623 0.008625395596
v -4.595390797 0.06329555064 30.18980026
vn -0.4983496666 -0.8658716083 0.04374855384
v 0.8787950277 -1.213658929 22.37962151
vn 0.3355417252 -0.9390873313 -0.07434226573
v 0.8779744506 1.123188853 22.34215355
vn 0.2138014436 0.9734236598 -0.08206928521
v 12.54884529 0.3266836703 23.85676765
vn -0.2687140405 0.9606195688 0.07073077559
v 10.97579002 0.4208972156 18.7681675
vn -0.1280725598 0.988683939 0.07811205834
v 12.17987156 0.02854444645 24.67730141
vn -0.2616020441 -0.9642919898 0.04129600525
v 12.19211292 -0.09169775248 24.66754532
vn -0.3822758794 0.9150389433 0.1287203729
v 0.2989055514 -1.121642351 25.84156799
vn 0.3393084407 -0.9364851713 0.08868636191
v 0.3983400464 1.068477988 25.83950043
vn 0.3082250059 0.9470944405 0.08949590474
v 13.37077808 0.426776737 24.08244133
vn 0.07110694051 0.9970214963 -0.0298651401
v 1.769707203 -0.02295149863 38.32081604
vn 0.3029946983 0.9529916048 0.001109683421
v 1.768820047 0.02501027659 38.32051849
vn 0.3249533474 -0.9457208514 0.004167451989
v -0.310198158 0.5666815639 37.99206543
vn 0.145442009 0.9891445041 -0.02097206563
v 0.02786003426 -1.211632609 20.64988708
vn 0.2570627332 -0.9601365924 -0.1098019257
v 1.058413744 0.2190796733 37.82650375
vn 0.2681842446 0.9633653164 -0.002107568085
v 0.01190903783 0.9371478558 19.9133606
vn 0.1556737125 0.9869560599 -0.04102894664
v 3.14866209 -0.04666812718 25.0113678
vn 0.3755617738 -0.9223603606 0.09057997912
v 3.154703379 0.01911459118 25.01166153
vn 0.3903957009 0.9143534899 0.1074656546
v 3.012783527 -0.02409232408 21.66929817
vn 0.2865577638 -0.9518669248 -0.1087842286
v 3.014232635 0.0277051162 21.67024612
vn 0.2855961621 0.95217067 -0.1086548343
v 0.6635076404 -0.3651424646 38.75287247
vn 0.2771000862 -0.9608379602 -0.002433071379
v -1.619848847 -1.484093666 23.3241024
vn -0.120443739 -0.9927104115 0.00439449586
v -3.247561932 -1.028467894 22.92935753
vn -0.3252979815 -0.944863379 0.03760814667
v -3.364492178 -0.9376957417 24.53261948
vn -0.4091065228 -0.9115015268 0.04238877445
v 0.3209733665 0.4316534698 35.28733826
vn 0.1773610711 0.9840314388 0.01500748843
v 4.440246105 0.05225044489 22.11637497
vn 0.1062054485 -0.9931538105 -0.04864049703
v 4.438296795 -0.05581693351 22.11637497
vn 0.114176929 0.9923463464 -0.04703557491
v -2.061059237 1.139582157 23.63651276
vn -0.2079193145 0.9773452282 -0.03957031295
v 3.674413681 0.1328713149 20.45578003
vn 0.1209223196 -0.9897649884 -0.07578331977
v 3.675616741 -0.1316601932 20.45610046
vn 0.1262992918 0.9891033173 -0.07565104961
v 0.5224955678 -0.4210398793 36.38881683
vn 0.2423398644 -0.9700143933 0.01853222586
v -2.473343849 -0.6008753181 35.97388077
vn -0.1636302471 -0.9861415625 0.02738462389
v -2.913913012 0.5816748738 29.42282867
vn -0.3263017535 0.9417433739 0.0815269053
v 0.5065581203 -0.7786835432 28.79792786
vn 0.3451188207 -0.9358306527 0.07151180506
v -1.726459265 -1.471471071 27.93154907
vn 0.02498455159 -0.9955981374 0.09033358097
v -2.955996513 0.8704306483 26.32185364
vn -0.3765800297 0.9249050617 0.05232738703
v -1.125300646 -0.8944525719 34.02272034
vn 0.03710925579 -0.9954519272 0.08774033189
v -2.532838821 -1.313491225 27.86473846
vn -0.2837219536 -0.9576122761 0.04980495572
v -0.4449849427 -0.8310447335 33.5370369
vn 0.2136288881 -0.975214541 0.05761345848
v 1.674662352 -0.2435009181 29.22805595
vn 0.3821997643 -0.9222440124 0.05821787193
v -3.302007675 -0.8730076551 27.53365135
vn -0.4656543136 -0.8844655752 0.02977770194
v -0.6064403653 -1.199596524 28.36574745
vn 0.2425411344 -0.9664151073 0.08494481444
v 0.5019049048 0.743939817 28.3151207
vn 0.3485246599 0.9330419302 0.08923764527
v -1.948412061 -0.8809810281 33.49604034
vn -0.1253328025 -0.9883748889 0.08606285602
v -3.996871471 -0.46965608 26.55214691
vn -0.5202631354 -0.8533893228 0.03244973347
v -3.567783833 -0.4110371768 33.77004623
vn -0.3623695374 -0.9311075807 0.04155761003
v 1.604644179 0.2268455625 28.74763489
vn 0.3887693584 0.9183119535 0.07457565516
v -1.754780769 1.376869917 27.4152832
vn -0.1997933984 0.9762281179 0.08403137326
v -2.749742746 -0.7253302336 33.16707611
vn -0.2730671763 -0.9591015577 0.07455517352
v 2.294651747 0.002263134811 28.94075203
vn 0.3976317942 -0.9155650735 0.06024606526
v 2.286185741 -0.07257159799 28.93977356
vn 0.3886741698 0.9191491008 0.06401066482
v -1.398285866 0.8683075309 32.26634598
vn -0.06679325551 0.993157804 0.09579258412
v -0.6134585142 1.232336164 27.88332748
vn 0.1530916989 0.9833230972 0.09817671776
v 1.965826631 -0.04553119093 33.42477798
vn 0.3224664927 0.9465396404 0.008837494999
v 1.972146869 0.01127290446 33.42536545
vn 0.3541898727 -0.9349572062 0.02011441626
v 1.253286123 0.2043869644 33.21891403
vn 0.311073482 0.9502171278 0.01790895313
v 0.5251962543 0.4368504584 33.02320099
vn 0.2446866035 0.9686527848 0.0428974852
v 0.7433881164 -0.4384260178 33.9743309
vn 0.2989839017 -0.9535617232 0.03645027801
v -0.2429099381 0.6622561216 32.75831985
vn 0.1411395818 0.9868873954 0.07831254601
v -4.422855377 0.06039406732 33.32852173
vn -0.4550961852 -0.8901227117 0.02385428548
v 1.360506773 -0.2128875852 33.71146393
vn 0.3440464735 -0.9386900663 0.02220325544
v 2.047958374 -0.6467872858 23.70408821
vn 0.3767185211 -0.924030304 0.06520121545
v 2.091592073 0.6533745527 23.70286369
vn 0.3675949275 0.9277437925 0.06454002857
v 1.774992108 -0.6650315523 24.54707527
vn 0.3731406927 -0.9221478701 0.1020259485
v 2.311516523 -0.6223220229 22.85735321
vn 0.3704692721 -0.9282273054 -0.03386071697
v 1.834687114 0.6644580364 24.54566765
vn 0.369294703 0.9228103161 0.1097382829
v 1.707678676 -0.6089523435 25.42824554
vn 0.3845459819 -0.9168095589 0.1076316759
v 1.780015707 0.5705628395 25.42820358
vn 0.391834259 0.9109329581 0.1291011274
v 2.348591566 0.6628768444 22.84605598
vn 0.3714915812 0.9277866483 -0.0347273685
v -2.213527441 0.619314611 31.93829918
vn -0.2430178225 0.9671566486 0.07450050861
v 13.65819263 -0.2217170298 41.69630432
vn 0.9474967122 -0.1182277128 0.2971062958
v 13.5065937 -0.3761164546 26.47340012
vn -0.1355548054 -0.9907569289 -0.005056122318
v 13.24554825 -0.1487382203 29.11772537
vn -0.2519221902 0.9657790065 0.06169347838
v 13.23545361 -0.06784905493 29.10699081
vn -0.2150634378 -0.9762204289 0.02722844481
v -0.6993678808 -1.592503428 21.866045
vn 0.06294602156 -0.9966517687 -0.05218242109
v -2.447107077 0.6281712055 30.77007675
vn -0.2976871729 0.9509794712 0.08378770947
v -0.4792741239 -1.665382385 22.84700775
vn 0.138692826 -0.9903091192 -0.007217373233
v 1.441824675 -0.5999486446 26.27305222
vn 0.3843256533 -0.9181013703 0.09686917067
v 1.512492776 0.5435428619 26.27204132
vn 0.3840238154 0.9157387614 0.118102394
v -3.10235858 0.8863025308 24.82308197
vn -0.3527591527 0.9356992245 0.005289397202
v 1.570640564 -0.616615653 21.16431999
vn 0.3828187287 -0.9101631045 -0.1582812518
v 14.66398811 0.1771099716 30.63368034
vn -0.2902686894 0.9569419026 0.00250186515
v -0.2699996531 -0.886431396 31.32441711
vn 0.2353417426 -0.9699500203 0.06173523515
v 1.562593937 0.6447069049 21.2540493
vn 0.2799023092 0.9506611824 -0.1337834597
v -0.4402346015 0.9369216561 30.36076546
vn 0.1990929693 0.9756302238 0.09223723412
v -0.7903678417 -1.614095092 24.53606606
vn 0.03314894438 -0.9987294078 0.03795667738
v -0.526624918 -1.483416796 25.3060112
vn 0.1342268437 -0.9895725846 0.05224215984
v -0.6640460491 0.5422362685 36.60806656
vn 0.06635777652 0.997740984 -0.0104705859
v -0.7406520844 -1.660701513 23.64737892
vn 0.08389507234 -0.9958572984 0.03506914526
v 1.959192157 -0.6056498885 22.04717636
vn 0.3818893135 -0.9175415039 -0.1108070388
v -0.7691344619 1.268534422 22.56550789
vn -0.008844074793 0.9978588223 -0.0648040697
v -0.7416741252 1.458512068 25.44844818
vn 0.05023811385 0.9984101057 0.02556189522
v 1.951040268 0.6551091075 22.07106972
vn 0.340744108 0.9322798848 -0.1214402169
v -0.8273659348 1.506620884 24.46122932
vn -0.04639331624 0.9981361032 -0.03964846581
v 1.795527101 -0.01521470584 36.99451828
vn 0.2975856364 0.9546781182 0.005701940507
v 1.794493675 0.01738298871 36.99423981
vn 0.3163957 -0.9485197663 0.01428231318
v 0.7114492655 0.3146202862 36.64886856
vn 0.231390059 0.9728610516 -0.0002349885181
v -0.7184817195 1.474005818 23.6634903
vn -0.02495391481 0.9976633787 -0.06360073388
v 0.005188452546 0.4814673662 36.59724426
vn 0.1598272026 0.9871259928 -0.006126791704
v 0.6521964073 -0.7823625803 19.91145515
vn 0.3270553946 -0.9366342425 -0.1255033761
v 1.152381539 -0.2204657346 37.29825211
vn 0.3079253137 -0.9513744116 0.008291885257
v 1.382658243 0.1234334558 36.76819229
vn 0.2834381163 0.958979547 0.004587777425
v -2.633537054 -1.305498123 23.92288017
vn -0.2963756621 -0.9549391866 0.01589424163
v -1.191536188 -1.556132317 20.67025566
vn -0.04369888455 -0.9974503517 -0.05641946197
v -2.404294968 -1.219597101 29.34116554
vn -0.2077331543 -0.9737451077 0.09309893847
v -1.203675151 -1.048833609 32.27254105
vn 0.0741032362 -0.9945107698 0.07387150824
v -0.9234234691 -0.677282691 35.98592758
vn 0.06393192708 -0.9974150658 0.03280160204
v 0.6718248725 -0.8242800832 27.42788506
vn 0.3515661359 -0.932279408 0.08518452942
v 1.53473115 -0.4174927175 27.7501049
vn 0.3939341903 -0.9157883525 0.07840620726
v 0.3902306259 -0.7264355421 30.16918373
vn 0.3403431475 -0.9385172725 0.05789507926
v -0.7390942574 -1.141041994 29.73659134
vn 0.1965435594 -0.9771371484 0.08107789606
v -0.4438187182 -1.282563329 26.99912071
vn 0.238914296 -0.9671052694 0.08733481914
v -1.589207292 -1.320795417 29.40696335
vn 0.05375634134 -0.9937647581 0.09768231213
v -3.025684595 -0.9812586308 29.20125961
vn -0.4241532385 -0.9036940932 0.05857541785
v -1.566352129 -1.596473217 26.57045746
vn -0.06109627336 -0.9974073768 0.03802312911
v -2.458842993 -1.434257746 26.38741875
vn -0.3276851177 -0.9447486401 0.008510199375
v 9.851527214 -0.5413828492 17.13943481
vn -0.08176804334 -0.9913630486 0.1025344729
v 13.68670368 -0.1789337099 41.5148468
vn -0.6068953276 0.7889467478 -0.09613082558
v -3.659142017 0.367240876 27.73752975
vn -0.4148091972 0.9071594477 0.07067546993
v -2.097795248 -0.9784505963 32.14028931
vn -0.172545135 -0.9817171097 0.08037196845
v -3.567487001 -0.617918551 29.80116463
vn -0.4891502559 -0.8702071905 0.05891923979
v 1.262567163 -0.3477768004 30.49190712
vn 0.3709340394 -0.9275712371 0.04493871331
v -3.446857929 0.4316474497 28.16869926
vn -0.4331355095 0.8981946111 0.07510009408
v -0.1534549296 -0.6746454239 34.95605469
vn 0.1746532917 -0.9828494191 0.05918809026
v -0.1604142189 1.142616868 21.42225456
vn 0.1186082885 0.9877882004 -0.101027213
v 9.832697868 -0.4005637467 17.91627693
vn -0.3904754817 -0.8745485544 0.2875651121
v 10.84210491 -0.4211269319 17.31375885
vn 0.1920487732 -0.9785680771 -0.07430853695
v 9.981560707 0.3950384855 17.76725388
vn -0.2398639619 0.9567530155 0.1645873636
v -3.810604811 -0.5057510734 28.92897606
vn -0.5164678097 -0.8553266525 0.04095503688
v -3.18142581 -0.9865442514 25.98685646
vn -0.4392539561 -0.8981701136 0.01861152612
v -3.267376184 -0.6202494502 32.32767868
vn -0.3738954663 -0.9253394008 0.06284290552
v 12.822155 -0.2728308439 23.97595978
vn -0.1341973543 -0.9909521937 0.002189761959
v 1.298924804 0.2082415223 31.52488708
vn 0.3373237848 0.9410735369 0.02435706928
v -3.88600111 -0.2971817255 32.02084732
vn -0.4513067007 -0.8913550973 0.04252448305
v 0.8593671918 0.4654032886 29.66183472
vn 0.3594892323 0.9302577376 0.07340291142
v 1.269706011 0.5104806423 27.40147209
vn 0.3958857954 0.9126691818 0.1015350968
v 0.1696961373 1.036960602 26.97019386
vn 0.3404452801 0.9348391891 0.1008597761
v -1.528466105 0.673085928 33.45366287
vn -0.06147841737 0.9961634874 0.06227939948
v 0.5126908422 0.482305795 31.86749458
vn 0.2900173068 0.9558832645 0.04666020721
v -0.8159109354 1.181003571 29.01098061
vn 0.1615192145 0.9819056392 0.09885761887
v -2.762237787 0.4173050821 35.73491287
vn -0.1708641052 0.9852619767 -0.00802112557
v -4.146409988 -0.328938514 27.84718513
vn -0.5408222079 -0.8405377865 0.03174139559
v -2.878281593 -0.7924662232 32.08905029
vn -0.3037886918 -0.9497711062 0.07514866441
v -0.6696738601 1.353151083 26.65809822
vn 0.1734967083 0.9808748364 0.08822354674
v -0.6321268678 0.8908222318 31.44759941
vn 0.1723024398 0.9811418056 0.08759374171
v -1.682786942 1.274115086 28.6721611
vn -0.1788770258 0.9784816504 0.1028429121
v -2.504719973 0.8973082304 28.31157875
vn -0.3853480816 0.9186297655 0.08732832223
v -0.4985800087 0.642273128 33.81687164
vn 0.1253419518 0.9908457994 0.05013947189
v 0.5228521824 -0.5486305952 32.75651169
vn 0.320433408 -0.9467048049 0.03274863958
v -3.890116215 -0.5860272646 25.47602081
vn -0.5069682598 -0.8609831929 0.04112327099
v -1.505316615 1.009471059 31.09779167
vn -0.09485344589 0.9900630713 0.1038167998
v 14.6473999 -0.02648240887 24.53709793
vn 0.2697408497 0.9606113434 -0.06682569534
v 11.14157486 0.02315274067 16.13056374
vn 0.2431557178 0.9610927701 -0.1310572624
v 13.407547 0.02773900703 20.73055077
vn 0.270724982 0.958272934 -0.09176572412
v 0.03219322115 0.8551992774 29.33940315
vn 0.325412184 0.9415601492 0.08701408654
v 11.5331707 -0.2299470305 19.40629578
vn -0.01777241379 -0.9966158867 0.08025544882
v -4.506840229 0.06502386183 31.75889778
vn -0.4975492954 -0.8668620586 0.0315412581
v -3.22107935 0.399019897 30.25987625
vn -0.335419476 0.940090239 0.06102557853
v -3.165267467 0.6403281093 27.4506588
vn -0.4032841921 0.9114146233 0.08176323771
v 2.015659571 -0.06443219632 32.30317307
vn 0.3370784819 0.9414032102 0.01175131369
v 2.17011261 -0.07602697611 30.06072617
vn 0.3706598282 0.9272794127 0.05257572234
v 2.025223017 0.01131493691 32.30405426
vn 0.3578466475 -0.9334036708 0.02652097493
v 2.17976594 0.005937668495 30.0617466
vn 0.3822216392 -0.9229260683 0.04597887024
v 2.43349576 -0.002503254684 27.81977654
vn 0.4062660336 -0.9103537798 0.07876475155
v 2.427681446 -0.05988744646 27.81910324
vn 0.4018527567 0.9114306569 0.08836556971
v -3.453044653 0.4221658707 28.39385986
vn -0.3842110336 0.9208852649 0.06597129256
v -3.988562822 0.3644421697 25.9157486
vn -0.4191251695 0.9068623185 0.04398646951
v -3.26853466 0.3404324651 31.4183197
vn -0.2811453938 0.9587416053 0.04209216312
v -1.858243823 1.447159171 26.19322205
vn -0.2283988893 0.9732949138 0.02304369397
v 1.907403946 -0.02303394303 34.5464859
vn 0.2817602754 0.9593903422 0.01346353907
v 1.909911156 0.008468744345 34.54675293
vn 0.347365737 -0.9374830723 0.02150705457
v -0.3558841646 -0.8560012579 32.43151474
vn 0.2647603452 -0.9630691409 0.04898808524
v -2.127923489 -1.389933228 21.91241837
vn -0.190831989 -0.9815933704 -0.007588451263
v 0.6266185641 0.3890011609 34.17851639
vn 0.2435964495 0.9694730639 0.02797715925
v 13.98662949 0.01378773991 22.445158
vn 0.2486563325 0.9643339515 -0.090719603
v -2.419312 0.540804863 32.79740906
vn -0.2128462791 0.9752405882 0.06001875177
v -1.253108978 1.494977713 26.4463501
vn -0.008013045415 0.9974086285 0.07149735093
v 13.9769907 -0.006171329878 22.45253372
vn 0.1491132975 -0.9852790236 -0.08360923082
v -2.019181728 -0.7573828697 34.62728119
vn -0.1129542515 -0.9903584123 0.0801967755
v 0.6662214994 -0.4379384518 35.0826149
vn 0.2907246649 -0.9561452866 0.03557114303
v -2.505683899 1.15423274 25.58770752
vn -0.3446517587 0.9387290478 -0.001704663387
v -2.577816248 -0.6717040539 34.29993439
vn -0.2269472331 -0.9715878963 0.06717072427
v -1.497673869 -0.7494120002 35.06879425
vn -0.00654946873 -0.9973423481 0.07256285846
v 10.53386784 -0.4891699851 18.43510056
vn -0.1020993665 -0.9831350446 0.1517273486
v 1.268504381 -0.2709754705 32.6618576
vn 0.3507162333 -0.9361498356 0.02493189834
v 1.03015089 -0.8986080885 25.19468689
vn 0.3661973774 -0.9255779386 0.0959424302
v -2.776660919 0.3849103153 34.14024353
vn -0.2090547532 0.9776188135 0.02361168526
v -1.921826601 -1.220304966 30.11612511
vn -0.07202281058 -0.9924699068 0.09907702357
v 1.284926414 -0.2210822999 34.8169899
vn 0.3357438147 -0.941609025 0.02546610311
v 1.114042282 0.8709723949 25.19303131
vn 0.3558911085 0.9285007715 0.1059613079
v -3.770658016 0.3877393007 27.01486206
vn -0.4191000164 0.9055003524 0.06651555002
v 2.633948803 0.3418539166 24.35772705
vn 0.3836459219 0.9182521105 0.09812691808
v 2.598182678 -0.3518423736 24.35819435
vn 0.3681078255 -0.9260831475 0.08286501467
v 1.489596486 -0.9479474425 23.04795647
vn 0.3763257563 -0.9264867902 -0.001056072069
v 11.1394968 -0.02421090193 16.13191605
vn 0.2769130766 -0.9499216676 -0.1448031813
v 2.900084496 0.3217062056 23.51485062
vn 0.3886520267 0.919834435 0.05342506617
v 2.874447346 -0.322279036 23.51531792
vn 0.3711491525 -0.9276840687 0.04062720016
v 1.224398851 -0.9441112876 23.89182472
vn 0.3613913655 -0.9286903143 0.08325047791
v 1.529348612 0.9564962387 23.03486633
vn 0.3326805234 0.9423579574 -0.03584962711
v 10.80218315 0.3800299764 17.36935043
vn 0.09035469592 0.9946083426 -0.05089477822
v 11.98333645 0.3872880936 19.27863503
vn 0.1132666171 0.9920541048 -0.05476645753
v 9.734134674 0.08245330304 18.51938057
vn -0.3836921453 -0.8715361953 0.3052949011
v 9.738266945 -0.08572480083 18.51763344
vn -0.3578051031 0.9076307416 0.2195039541
v 13.79923248 -0.2524732053 24.3237133
vn 0.0973861143 -0.9932885766 -0.06239965931
v 13.0306921 0.2475905567 21.58038521
vn 0.1569084823 0.9859806895 -0.05676048994
v 12.16505051 0.281588614 21.59148407
vn -0.1255494058 0.9916958809 0.02786890231
v 11.57493496 0.0590290986 22.45778465
vn -0.1907590926 -0.981347084 0.02385121584
v 11.57578945 -0.07192530483 22.4558506
vn -0.3662182093 0.9262441993 0.0891956538
v 11.99994564 0.01580155455 17.65497398
vn 0.2835949957 0.9461101294 -0.1563633233
v 13.39679337 -0.01080869697 20.73641777
vn 0.1026420519 -0.9936330318 -0.04645398632
v 14.30708885 -0.003239071928 23.43712997
vn 0.2486997396 0.9643316269 -0.09062555432
v 14.35420513 0.2451516837 25.71258736
vn 0.2108046561 0.9771512747 -0.02714380994
v 11.99967575 -0.02178257518 17.6556263
vn 0.2698965669 -0.9561774135 -0.113492541
v 12.22419357 -0.1751375347 20.56603622
vn 0.006238116417 -0.9999101758 0.01186195482
v 14.64260864 -0.009139188565 24.54297256
vn 0.2241814584 -0.9701548219 -0.09242459387
v 15.37747097 0.3478973508 30.53049469
vn -0.2558005154 0.9657437205 -0.04364841804
v 15.40830517 0.2950856388 30.59709358
vn 0.9992827177 0.03753556684 0.005013360176
v 15.41309547 -0.6123446226 30.76119232
vn -0.2317049652 -0.9707652926 -0.06267037988
v 15.43791008 -0.5731089711 30.77947807
vn 0.9992012978 0.03823142499 0.0116262408
v 13.6723938 0.2685218155 26.23029327
vn -0.08166900277 0.9948539734 0.05996406451
v 14.31814289 0.2015048862 27.56985283
vn -0.0344565697 0.999363184 0.009269049391
v 11.78307056 0.2975252569 18.33431625
vn 0.2086443305 0.9709106088 -0.1174741685
v 11.69066715 -0.2711516023 18.30297279
vn 0.1662860215 -0.9857149124 -0.02674005181
v 12.60009098 -0.005808474962 26.32638168
vn -0.2722394466 -0.9616641998 0.03297977149
v 12.61472988 -0.1040037721 26.32034874
vn -0.2825595737 0.9524465203 0.1140425205
v 10.37851334 0.03681513295 19.60879135
vn -0.1953186095 -0.9623475671 0.1890444309
v 10.3975544 -0.06904992461 19.59943199
vn -0.3062331378 0.9377388358 0.1639120579
v 14.29890347 -0.005955444183 23.44417191
vn 0.2048576474 -0.9739651084 -0.09708397835
v 9.560301781 0.3714694083 16.78496552
vn -0.121816501 0.9872686267 0.1022809371
v 10.00748348 0.3948955536 16.30705833
vn 0.1316029578 0.9901368618 -0.0480591692
v 9.069736481 -0.06265743077 17.46581078
vn -0.3976213932 0.8740763664 0.2790838182
v 9.076025009 0.06655248255 17.46010017
vn -0.4850653112 -0.797976315 0.3576946259
v 9.256259918 -0.3762576282 16.92510414
vn -0.3657791913 -0.8841782212 0.2905760705
v 11.86303043 -0.07373401523 23.49495888
vn -0.417578429 0.9016609192 0.1124091968
v 13.34111023 -0.2370508611 23.19383812
vn 0.06859470904 -0.9953430891 -0.06772709638
v 10.07033539 -0.4608584046 16.43613815
vn 0.1887261569 -0.9779312611 -0.08962646872
v 11.86280823 0.04791702703 23.49864769
vn -0.2562646866 -0.9655486941 0.04521214217
v 13.02854347 0.3170238733 25.00100136
vn -0.2124949545 0.9729438424 0.09069824219
v 13.06029987 0.340410918 22.81329727
vn 0.05356404558 0.9976189733 -0.0434429124
v 9.261336327 0.2331539094 17.14214706
vn -0.3450519145 0.9081534743 0.2370578051
v 12.54706383 0.3335967064 20.41073418
vn 0.1398184597 0.9891718626 -0.04460735247
v 9.943223953 0.3648541272 15.69031525
vn 0.2200420648 0.9710020423 -0.09346928447
v 9.995083809 -0.3987103701 15.81493473
vn 0.2402957678 -0.9633622169 -0.1191268116
v 11.83409405 -0.1093478799 21.42883492
vn -0.1078471169 -0.9937945604 0.02722721919
v 12.42195034 -0.2379957438 23.02198982
vn -0.1425999403 -0.9897591472 -0.006490460597
v 14.34644127 -0.3896849751 28.3226223
vn -0.04913874716 -0.998627007 -0.01815031096
v 15.01263237 -0.04789562151 25.76911926
vn 0.2775142491 0.9591530561 -0.05487520248
v 12.2490387 0.2851154804 22.86232376
vn -0.2813100219 0.9582972527 0.05030898377
v 15.0103693 -0.02398052067 25.7727356
vn 0.2181522995 -0.9713761806 -0.09400993586
v 13.94587708 -0.3060403168 33.98279953
vn -0.535740912 0.8442581892 0.01448432915
v 13.93467522 -0.206573993 33.90692902
vn -0.4524415433 -0.8905537724 -0.04701731354
v 13.22133255 -0.3062899411 25.20686531
vn -0.1381476372 -0.9904106855 -0.001393774641
v 14.42604351 -0.2983026505 26.85606003
vn 0.08862435818 -0.9946716428 -0.05266877264
v 13.79815197 0.3697460294 25.04207802
vn 0.06672782451 0.9976731539 0.01398914866
v 15.37600231 -0.3260434568 28.70013428
vn -0.008629105985 -0.9971387386 -0.07509914786
v 15.41623116 -0.3050276637 28.71406555
vn 0.9991750717 0.04058180004 -0.001504257554
v 12.89824009 -0.1175649688 27.54141998
vn -0.2129196078 0.9746342301 0.0689445883
v 14.61066532 -0.3957279027 29.74836922
vn -0.1759361774 -0.9839404821 -0.03012532927
v 12.88205338 -0.0398318544 27.54155922
vn -0.2632316053 -0.9635697603 0.04735374823
v 15.39769173 0.1275859326 28.65987968
vn 0.9991338849 0.04160894826 -0.0004270542995
v 15.36419487 0.1600438356 28.63228607
vn 0.00892508775 0.9993696809 -0.03435986489
v 14.5502243 -0.4113031328 31.26444244
vn -0.3003576696 -0.9531223178 -0.03664892167
v 14.37858295 0.2123244852 28.82315254
vn -0.1399360448 0.9901120067 0.009803008288
v 13.58819294 -0.2054948956 30.87596512
vn -0.3376248777 0.9400283694 0.04853965715
v 13.57113743 -0.1058980748 30.84998703
vn -0.2687918842 -0.9631885886 -0.004322999157
v 14.1410408 -0.2656586468 25.52952957
vn 0.1105095297 -0.9919447899 -0.06191273779
v 13.6875782 0.08387149125 28.21310997
vn -0.2034778744 0.9778300524 0.04944796488
v 11.67643738 -0.9488116503 46.21558762
vn -0.518199563 -0.8319959641 -0.1981209219
v 15.39675903 -0.8529192209 32.96652603
vn 0.9970555305 0.0446988903 0.06230751052
v 15.3633976 -0.8704461455 32.96619034
vn -0.4362595081 -0.8956460357 -0.08657833934
v 11.74648094 -0.9774808884 45.96939468
vn -0.5881833434 0.8008568883 -0.112555027
v 13.80313873 -0.4222044945 27.48494911
vn -0.1239323169 -0.9921907187 0.01408260968
v 15.30700207 0.5129947066 32.46237946
vn -0.456305027 0.8896881938 -0.01551113091
v 15.35805035 0.4582463801 32.50661087
vn 0.9977821708 0.04224850982 0.05143728852
v 14.55694485 -0.6834661961 35.16625214
vn -0.5477152467 -0.8324480057 -0.08389431238
v 14.62725163 0.1761560738 26.56326485
vn 0.1645785123 0.9862610102 -0.01425231714
v 14.5879631 -0.4929764569 32.64722824
vn -0.4001497626 -0.9148667455 -0.05384260789
v 13.79813671 -0.2601512372 32.20458221
vn -0.4512937069 0.8916946054 0.03485291079
v 13.77876568 -0.132186681 32.16292953
vn -0.3607572615 -0.9323505163 -0.0240148101
v 13.9029541 -1.016558766 40.59667969
vn 0.9538030624 -0.09783104062 0.2840576768
v 13.87927055 -1.028501391 40.5450592
vn -0.6003777385 -0.7784841061 -0.1830546856
v 15.28902149 -0.1178280339 33.99789429
vn 0.9959611893 0.04296929762 0.07883480191
v 13.55703354 -0.3048032522 28.20594215
vn -0.2182112187 -0.9746412039 0.04958191141
v 13.98077488 0.06416624784 29.7961235
vn -0.247148037 0.9681614041 0.03976655006
v 15.3891201 -0.4696444571 29.68961334
vn -0.1289174706 -0.9886919856 -0.07660575211
v 13.90426922 -0.3329529762 36.5272789
vn -0.5744037628 -0.8129678965 -0.09562210739
v 15.42998886 -0.4371340573 29.70522881
vn 0.9992966652 0.03749592975 -0.000511246617
v 13.89555645 -0.3942775726 36.581604
vn -0.6083922982 0.7934752703 -0.01599526778
v 14.49442387 0.1113988012 31.7394352
vn -0.4033490717 0.9149597287 0.01257885527
v 15.40434456 0.2124637365 29.60459518
vn 0.9992449284 0.03871257231 -0.003303097095
v 15.31291389 -1.005625606 34.2344017
vn 0.9950964451 0.04547993466 0.08783325553
v 15.37083244 0.2549108267 29.56177139
vn -0.1625459045 0.9866167903 -0.0128889624
v 14.59343147 0.1238617301 33.14587021
vn -0.500592649 0.86565274 0.00723493984
v 15.3993206 -0.7293803692 31.80327225
vn -0.3405281305 -0.9375630021 -0.07082545012
v 15.42965698 -0.7094179392 31.81300354
vn 0.998652339 0.04139868543 0.03129858151
v 14.80368996 0.2634016871 37.10829926
vn 0.9770957232 0.02594937757 0.2112122029
v 14.76579666 0.2978258729 37.06581497
vn -0.6144534349 0.7884911299 -0.02699466422
v 13.58902931 -0.4719796479 39.02703094
vn -0.602168262 -0.7840898633 -0.1503211707
v 15.28600597 -1.021269441 34.23499298
vn -0.5162828565 -0.8512428403 -0.09400868416
v 15.25313854 0.5652085543 33.61904907
vn -0.5374061465 0.8431549668 -0.01686277799
v 15.29091072 0.5282046199 33.64820862
vn 0.9964823723 0.03996529058 0.07365945727
v 15.15671825 -0.3002106845 35.46931839
vn 0.9786531329 0.06309390813 0.1955945194
v 15.1504221 -0.3004730046 35.46748352
vn 0.9945312738 0.0430328846 0.09516140819
v 14.59842205 -0.5863570571 33.90361023
vn -0.4874943495 -0.8700835109 -0.07282832265
v 15.3418932 0.4454187155 31.47369385
vn -0.3525699079 0.935479939 -0.02390997484
v 15.39177418 0.3782623708 31.52935219
vn 0.9989599586 0.04010502249 0.02169311605
v 13.57897854 -0.5235452652 39.04992294
vn -0.6138448715 0.7868618965 -0.06358314306
v 14.73424244 -1.052249193 37.55543518
vn 0.9749834538 0.01076135132 0.2220167816
v 14.70278645 -1.066220999 37.53898239
vn -0.5926783681 -0.7971922755 -0.1149643883
v 13.95229053 -0.2615377605 35.08562851
vn -0.528126657 -0.8462729454 -0.0700308308
v 13.95090675 -0.3394964635 35.16059113
vn -0.5868724585 0.8096791506 0.000646315515
v 14.39564514 -1.019979358 38.87656021
vn 0.9666980505 -0.04551932961 0.2518388927
v 12.59538078 -1.052327275 44.25053406
vn -0.5720744133 -0.7904440761 -0.2189269513
v 14.43800449 0.05654740706 38.86580658
vn 0.9717966914 -0.01877332106 0.2350718975
v 14.39506149 0.09502784908 38.77957535
vn -0.6159847379 0.7860430479 -0.05195306614
v 12.62006378 -1.050701261 44.31785583
vn 0.9210321903 -0.2014568448 0.3333388865
v 13.07056332 -0.6193140745 41.40425873
vn -0.5980449915 -0.7772018909 -0.195702374
v 13.05844975 -0.6716024876 41.41650391
vn -0.6053808331 0.7892658114 -0.1028276831
v 12.29435349 -0.6699054241 45.31075287
vn -0.5914878249 0.797772646 -0.1170512959
v 15.00568008 0.4280921817 35.994133
vn 0.9792621732 0.05613961816 0.194663763
v 14.97878075 0.4468531907 35.97364426
vn -0.6032267213 0.7975226045 -0.00867313426
v 14.97530651 -0.4072758555 36.41215897
vn 0.9774470329 0.04560504854 0.2061976492
v 12.2618475 -0.7008866072 45.51281357
vn 0.9109364152 -0.233412534 0.3401667476
v 14.11858654 -0.07270074636 40.13541412
vn 0.9612177014 -0.07114825398 0.2664552629
v 14.56935692 0.1304570585 34.40252304
vn -0.5610309839 0.8277938962 -0.001201640116
v 14.35972881 -1.030965447 38.84589386
vn -0.6017132401 -0.7845034599 -0.1499849707
v 13.78332901 -0.3917193413 37.68279266
vn -0.5992856622 -0.7906044126 -0.1257036328
v 13.77328587 -0.4553509057 37.72240067
vn -0.6163024902 0.7865959406 -0.03792145848
v 14.09527111 -0.03322716802 40.01177216
vn -0.6117001176 0.7874671817 -0.07561977953
v 12.5369091 -0.7505888939 43.35962677
vn -0.5822206736 -0.7827020884 -0.2199920565
v 13.34682178 -1.017721176 42.10918427
vn -0.5962309241 -0.7762739062 -0.2047131211
v 13.3841114 -1.013421059 42.16898346
vn 0.9407791495 -0.137207523 0.3100139499
v 12.55073261 -0.7947161794 43.2862854
vn -0.6007527709 0.7904815078 -0.1193111464
v 13.3581543 -0.5367107987 40.14811325
vn -0.6015043855 -0.7801751494 -0.1718114167
v 13.09709072 -0.4032350481 43.12308502
vn -0.6030294895 0.7897682786 -0.1123453379
v 13.08384705 -0.4426575899 43.31724167
vn 0.9335886836 -0.1604668051 0.3204100132
v 13.34665871 -0.5958606601 40.16545868
vn -0.6089751124 0.7885195613 -0.08594283462
v 12.0027914 -1.049005151 45.811306
vn -0.5360353589 -0.8185548782 -0.206480056
v 12.02504063 -1.048380852 45.85596848
vn 0.903401494 -0.2542800009 0.3452642262
v 12.13531971 -0.844401598 44.7001915
vn -0.5549391508 -0.8036550283 -0.2148979008
v 12.17373085 -0.8796240091 44.55101776
vn -0.5953459144 0.7943449616 -0.120744735
v 13.01821327 -1.031113505 43.21119308
vn 0.9313633442 -0.1655115783 0.3242965639
v 12.98214436 -1.029620767 43.14636993
vn -0.5896241665 -0.7778623104 -0.2174247056
v 12.70750046 -0.5358325243 44.17656326
vn -0.5983868241 0.7920382023 -0.1208663806
v 12.6940546 -0.5713590384 44.37765884
vn 0.9237100482 -0.1936746538 0.3305297494
v 11.83964539 -0.8567025661 46.38998795
vn -0.5860401988 0.8028469682 -0.109515503
v 12.81042862 -0.6805909872 42.37057495
vn -0.5930713415 -0.7765933871 -0.2125302553
v 12.81002617 -0.7346696258 42.34056091
vn -0.6031854153 0.7895852327 -0.1127942428
v 11.82762814 -0.8754097819 46.49780273
vn 0.8988668919 -0.2665413618 0.3478418589
v 11.69032383 -1.050341964 46.65409088
vn -0.5085793734 -0.8391771913 -0.1926880777
v -4.592528343 -0.07032798231 30.19313049
vn -0.3036212623 0.95260638 0.01884644665
v -4.007219315 0.2255010009 27.85858154
vn -0.3870818317 0.920414269 0.05482036993
v -4.759914398 0.05531952158 27.05059052
vn -0.5454662442 -0.8374301195 0.03431321681
v -11.65588284 -0.2005224377 22.5207634
vn 0.02825660631 -0.9975332022 -0.06425742805
v -16.07965469 -0.6800220609 26.04616547
vn 0.05974080041 -0.9951902628 -0.07763641328
v -11.04082203 0.01742291823 12.45678806
vn -0.003800586332 -0.9999880791 0.00305944588
v -11.04082966 0.01633504778 12.45678806
vn 0.002970226109 0.9999898076 -0.003395283828
v -8.802604675 0.00985760428 13.23592472
vn -0.005260416772 -0.9999848008 0.001646534074
v -9.078294754 0.01347517408 13.35314465
vn 0.007341299206 0.9999729991 0.0003061013413
v -9.078295708 0.01329975482 13.35314655
vn 0.003264271887 0.9999886751 -0.003463111818
v -3.677761316 0.581827879 18.47355461
vn -0.2475168556 0.9684192538 -0.02999281324
v -9.055054665 0.01279753167 16.41359711
vn -0.006728694774 -0.9999755621 -0.001906514517
v -9.064291954 0.01056390256 16.46333504
vn 0.00677972706 0.9999762177 0.001281009056
v -9.064256668 0.01330156159 16.46333504
vn 0.006790811662 0.9999725223 0.002982922597
v -15.20394707 -0.6188975573 25.93165016
vn -0.05689489469 0.9952558875 0.07892234623
v -4.277107716 -0.7028208971 19.38182259
vn -0.3175598383 -0.9467229843 -0.05358466879
v -10.83018017 0.02104807459 17.3856945
vn -0.004716366064 -0.9999371171 -0.01017552987
v -10.83017254 0.02183737047 17.38568878
vn 0.004575366154 0.9999358058 0.01036853157
v -12.62718773 -0.2911527753 23.34722519
vn -0.03631670773 0.9967670441 0.07166986167
v -12.62718773 -0.2911527753 23.34722519
vn 0.03631671146 -0.9967670441 -0.07166986167
v -13.584198 -0.2997800112 22.96272659
vn -0.04035092518 0.9964163303 0.07433918118
v -13.58419704 -0.2997799218 22.96272659
vn 0.04035096616 -0.9964163303 -0.07433918118
v -4.533977032 0.4518152475 19.54187775
vn -0.2582675815 0.9653946161 -0.03620904312
v -3.481273651 -0.8355500102 18.09914017
vn -0.2465505898 -0.9664747715 -0.07168895006
v -3.810628414 0.6028796434 22.26783752
vn -0.2844928801 0.958114922 0.0328579247
v -9.045996666 -0.0002886616276 18.58849144
vn -0.003426391166 -0.9998443127 -0.01730940118
v -9.046050072 0.000761951087 18.58911133
vn 0.003544843523 0.9998345971 0.01783849858
v -15.20394707 -0.6188975573 25.93165016
vn 0.05689496547 -0.9952558875 -0.07892227918
v -5.989800453 -0.1788618565 12.86832428
vn -0.2337465435 -0.9654197693 -0.115443401
v -4.301158428 -0.7354800701 20.88777733
vn -0.3287095726 -0.9443811774 0.00970841106
v -7.228857517 0.0008604726754 13.4815712
vn -0.005886142608 -0.9999821186 0.001061397837
v -7.228861809 -8.732563583e-05 13.4815712
vn 0.007218588609 0.9999739528 -8.112724026e-05
v -7.223561287 0.01926572062 13.48215866
vn -0.1897390783 -0.978859067 -0.07638064027
v -7.286407948 0.1451536864 13.48356056
vn -0.296587199 0.9550051093 -0.001108872821
v -8.260706902 -0.01464449801 19.1395607
vn -0.004620524589 -0.9998506904 -0.01665177383
v -8.26069355 -0.01414193399 19.13956451
vn 0.005069884006 0.9998292327 0.01777178794
v -4.366597652 0.5496669412 20.87651253
vn -0.2637708783 0.964500308 0.0128090363
v -4.561782837 -0.5578565598 22.07227516
vn -0.3801792264 -0.9217541218 0.07637443393
v -5.989656925 0.04025157541 19.60345459
vn -0.2673310935 0.9627753496 -0.03997126594
v -5.99846077 -0.05800299346 19.6018219
vn -0.3640395403 -0.930270195 -0.04552523792
v -8.852701187 -0.03344333917 19.9518795
vn -0.0001466368121 -0.9996569157 -0.02619282342
v -3.284111977 -0.7694411278 16.8457489
vn -0.2948752046 -0.954967618 0.03294564784
v -5.563037395 -0.01259012334 22.57783699
vn -0.3345613182 0.9378581643 0.09214524925
v -5.561834335 -0.006500928663 22.57577705
vn -0.4229065776 -0.8993281722 0.1111706793
v -4.765288353 -0.05391772836 27.0540638
vn -0.4029340446 0.9139277339 0.04878821969
v -3.489944935 0.6730612516 23.62130165
vn -0.3288471997 0.9442071319 0.0182327237
v -4.846208096 0.0492229946 25.48357391
vn -0.5310279131 -0.8453670144 0.05799974129
v -2.544792652 -1.184054494 19.43044281
vn -0.1761628687 -0.9820714593 -0.06709881127
v -2.532822132 0.9760353565 22.21829414
vn -0.1884821951 0.9819615483 -0.01503133774
v -6.449994087 0.4973880053 12.98140144
vn -0.2540850639 0.9637691379 -0.08117748052
v -3.096308947 0.8167052269 17.04916573
vn -0.2425836325 0.9689759016 0.047316771
v -4.431714535 -0.5461650491 15.50216007
vn -0.3292630017 -0.9267036915 0.1811245978
v -4.987433434 -0.605872333 14.82151794
vn -0.2851653993 -0.9425271153 0.1741359681
v -4.36300993 -0.1481890082 28.86216736
vn -0.5433503389 -0.8387806416 0.0348918587
v -3.788789272 0.1398015767 33.38589859
vn -0.271764338 0.9623010755 0.01099056657
v -9.383471489 0.007150920108 11.20864773
vn -0.003715716535 -0.99998945 0.002695947187
v -9.385066986 0.006674502976 11.20794106
vn 0.003061912255 0.9999902248 -0.003186181886
v -4.262773037 -0.4007512033 24.53870964
vn -0.5036686063 -0.8608147502 0.07291007787
v -5.321043968 -0.3407548368 12.57559681
vn -0.2993113101 -0.9235309362 -0.2397984862
v -4.296910763 -0.5011363626 23.40717125
vn -0.4466210902 -0.8899116516 0.09266513586
v -7.198088169 -0.0006691148737 16.58075714
vn -0.00726239942 -0.9999709129 -0.002333312063
v -7.198089123 -0.0007455740706 16.58075714
vn 0.005821176805 0.9999822378 0.001302860794
v -5.247773647 0.5057266951 15.12512493
vn -0.2439501137 0.9403451681 0.2371483743
v -4.117733002 0.3999902904 24.39689827
vn -0.4009460509 0.9150667787 0.04353249818
v -3.384473324 -1.03386724 21.75908852
vn -0.3042272627 -0.9523202777 0.02306291461
v -6.385902882 0.4186056554 14.70893669
vn -0.2480182499 0.9516894221 0.1810363829
v -6.213484287 -0.343793869 14.73571396
vn -0.2416792214 -0.9649836421 0.1019691452
v -10.34690762 -0.05043386668 20.29759407
vn 0.001849213033 -0.9995388985 -0.03030781075
v -10.34690762 -0.05043386295 20.29759407
vn -0.002033080207 0.9995264411 0.03070468642
v -10.346982 -0.05308438465 20.2976284
vn -0.01617785916 0.9985437989 0.05146360397
v -10.346982 -0.05308438465 20.2976284
vn 0.01617785357 -0.9985437989 -0.05146360025
v -11.15872383 -0.08363146335 20.6813736
vn -0.01734626293 0.9984194636 0.0534574464
v -3.725819588 0.265035063 29.38374329
vn -0.3434255719 0.9381162524 0.0446848385
v -9.054610252 0.01265374199 14.94745541
vn 0.00718238065 0.9999738336 0.0008663467015
v -9.00951004 0.01287794951 14.92901707
vn -0.006453988142 -0.9999790788 0.0003939675516
v -4.679583549 0.0557169728 28.62033081
vn -0.5410988927 -0.8402977586 0.03334170952
v -2.268557072 0.9643165469 19.08709526
vn -0.1120383292 0.9936848879 0.00614677975
v -10.94724464 0.02151360177 13.86456966
vn 0.003163572866 0.9999884367 -0.003619455034
v -10.94723988 0.0222625304 13.86456966
vn -0.005234504119 -0.9999832511 0.002476972993
v -8.039786339 0.005146059208 15.58397675
vn 0.006415515672 0.9999790192 0.0009036065894
v -8.029596329 0.006210132502 15.55428123
vn -0.006843040697 -0.9999763966 -0.0006189683336
v -9.944226265 0.01804005727 14.35216331
vn -0.005921134725 -0.9999811053 0.001638763468
v -9.966298103 0.0202064123 14.31295395
vn 0.007578910328 0.9999708533 0.0009285705746
v -9.966300011 0.02002845518 14.31295776
vn 0.003240289167 0.9999881983 -0.003613921581
v -4.857552528 -0.03896136582 25.48689461
vn -0.4243611395 0.9039376974 0.05304943025
v -4.295598984 0.09018909931 28.27529144
vn -0.3681718707 0.9288941622 0.04006406665
v -3.406530619 0.7689749599 19.88189316
vn -0.2060960978 0.9782382846 -0.02396469377
v -4.397163391 0.2679224312 17.57271767
vn -0.2821403146 0.9590498209 -0.02490522526
v -4.681109428 -0.4288679063 17.93150902
vn -0.3432973623 -0.9352652431 -0.08617331088
v -5.217470169 -0.3838737905 20.25385666
vn -0.3573876619 -0.9339104891 -0.009232782759
v -8.13728714 0.005671800114 16.84880257
vn -0.006983090192 -0.9999682307 -0.003840395715
v -8.160290718 0.003644583514 17.05266953
vn 0.006021875888 0.9999806881 0.001524359453
v -8.160256386 0.006221313495 17.05266762
vn 0.00741703948 0.9999542236 0.006044859532
v -9.952322006 0.01105854474 17.99271393
vn 0.003463314613 0.9998912811 0.01433252078
v -9.952280998 0.01005402673 17.99228859
vn -0.003628876526 -0.9998950362 -0.01402521878
v -5.143596649 -0.3394022584 18.9121666
vn -0.3550419807 -0.9321165681 -0.07144111395
v -9.963828087 0.0199885834 15.87106419
vn 0.007425927091 0.9999717474 0.001174324774
v -9.957868576 0.01978590339 15.82525253
vn -0.006877887528 -0.9999762177 -0.0005140596186
v -9.963848114 0.01815144345 15.871068
vn 0.007467720192 0.9999713898 0.001216786797
v -2.664638758 0.9648120999 18.03482819
vn -0.2300674617 0.9724635482 0.03719748557
v -5.223139286 0.2915487587 20.42051315
vn -0.2807527781 0.959726572 0.01013779826
v -4.878312588 0.2697323859 18.57785034
vn -0.2583658993 0.9640570879 -0.06197585166
v -3.508660078 -1.005472183 20.058424
vn -0.2738403678 -0.9609520435 -0.03978255391
v -9.041077614 0.009394194931 17.49496651
vn -0.005811353214 -0.9999554753 -0.007431096863
v -10.9101181 0.004979669582 18.50925064
vn 0.001491768053 0.9997887015 0.02050079592
v -10.91012669 0.004444181919 18.50925636
vn -0.001808403293 -0.9997944236 -0.02019572444
v -9.042975426 0.01052201819 17.51067162
vn 0.005929295905 0.9999505281 0.007987157442
v -10.82400131 0.02739139087 16.3162384
vn 0.007011858746 0.9999703169 0.003187628696
v -10.82400894 0.0264561139 16.31624222
vn -0.006697440986 -0.9999730587 -0.003014230169
v -14.96597576 -0.5014509559 24.64481735
vn 0.05397008732 -0.9953923821 -0.07925444096
v -4.987253189 0.2890413105 21.73936462
vn -0.302074641 0.9509503841 0.06666561961
v -4.463908195 0.308405906 23.09015656
vn -0.3541236818 0.9324752688 0.07131784409
v -16.78944588 -0.8533952236 27.72772408
vn -0.06989202648 0.9954724908 0.06441771239
v -16.78944588 -0.8533952236 27.72772408
vn 0.06989206374 -0.9954724908 -0.06441767514
v -14.24800777 -0.3932239711 23.75754929
vn 0.04754151776 -0.9958222508 -0.07796056569
v -10.78617573 -0.1342532337 21.81661606
vn -0.02020671219 0.998267591 0.05525895208
v -10.78617573 -0.1342532337 21.81661606
vn 0.02020670846 -0.998267591 -0.05525895208
v -8.852693558 -0.03315076232 19.95188332
vn 0.0001655177184 0.9996456504 0.0266191531
v -12.04775143 -0.1187092736 21.05312538
vn -0.02307445556 0.9980040193 0.05878427252
v -12.04775143 -0.1187092587 21.05312538
vn 0.02307444811 -0.9980040193 -0.05878427625
v -17.96813583 -0.9769394994 28.35201454
vn 0.07651719451 -0.995516181 -0.05561148003
v -17.96813583 -0.9769394994 28.35201454
vn -0.07651717961 0.995516181 0.05561149493
v -11.15872383 -0.0836314559 20.6813736
vn 0.01734625734 -0.9984194636 -0.0534574464
v -12.75881481 -0.1949761808 21.93680191
vn -0.03226891905 0.9971680045 0.06793156266
v -3.347063303 -1.012402773 19.29085159
vn -0.2596828938 -0.9628400803 -0.07418749481
v -8.159194946 0.006702122279 14.21115303
vn 0.006988339126 0.9999755025 0.0003547941742
v -16.07965469 -0.6800220013 26.04616547
vn -0.05974072218 0.9951902628 0.07763647288
v -4.677092552 -0.06666912884 28.62339783
vn -0.3530938625 0.934987545 0.03351175785
v -11.65588284 -0.2005224377 22.5207634
vn -0.02825661562 0.9975332022 0.06425742805
v -8.127799034 0.00717298314 14.20204449
vn -0.00627197139 -0.9999802113 0.0004941514926
v -3.326820612 0.8048424125 21.34441185
vn -0.2120957971 0.9772487283 -0.0005189004005
v -10.0450716 0.01535779424 12.99994373
vn -0.004681360908 -0.9999857545 0.002570114331
v -10.03046608 -0.011348648 19.13663292
vn -0.0003475943231 -0.9996984601 -0.02455422468
v -10.03046417 -0.01072701998 19.13669777
vn 0.0001437382161 0.9996887445 0.02494727634
v -14.10766888 -0.4652623832 24.75508118
vn -0.05059576035 0.9955950379 0.07893421501
v -9.938530922 0.01867036335 16.91804314
vn 0.00623675948 0.9999672771 0.005149224773
v -8.168122292 0.002265516203 18.07423592
vn 0.007103710435 0.9999116063 0.01124120411
v -8.167455673 0.001413026243 18.06640244
vn -0.006474673282 -0.9999281168 -0.01009346545
v -14.10766888 -0.4652623832 24.75508118
vn 0.05059583113 -0.9955950379 -0.0789341405
v -9.9376688 0.01760257594 16.9123745
vn -0.006216931622 -0.9999681115 -0.005014115945
v -7.248045921 0.1411512643 14.52821827
vn -0.2921495438 0.9413154125 0.1690383255
v -4.151910782 -0.4613080919 17.20378685
vn -0.3429000974 -0.9368479252 -0.06881515682
v -10.07843113 0.01543058921 13.01105595
vn 0.003225022461 0.9999883175 -0.003603285411
v -7.191739559 -6.306696741e-05 14.50533295
vn 0.006629202515 0.9999780059 0.0002975465904
v -7.191733837 0.0007657690439 14.50533295
vn -0.006668225862 -0.9999777675 2.577671694e-06
v -7.210681438 -0.04527169093 14.52122211
vn -0.2083260417 -0.9777083397 0.02620410733
v -12.75881386 -0.194976151 21.93680191
vn 0.03226890787 -0.9971680045 -0.06793157756
v -14.96597576 -0.5014508963 24.64481735
vn -0.05397001654 0.9953923821 0.07925450802
v -3.004826069 0.8592061996 22.93093681
vn -0.2735334039 0.9618622065 -0.0007288649795
v -5.273492336 -0.360209167 21.21149063
vn -0.3751665354 -0.924608469 0.06594859064
v -14.24801159 -0.3932240009 23.75754929
vn -0.04754144698 0.9958222508 0.07796063274
v -13.34733105 -0.3717181385 24.01516533
vn 0.04387593642 -0.9960974455 -0.07658214867
v -13.34733105 -0.3717181385 24.01516533
vn -0.04387586936 0.9960974455 0.07658218592
v -18.30253983 -1.0536834 29.39218712
vn -0.0822397247 0.9953786135 0.04957855493
v -18.30253983 -1.0536834 29.39218712
vn 0.08223973215 -0.9953786135 -0.04957854748
v -16.89051056 -0.8128575087 27.07697487
vn -0.0661521703 0.9953263402 0.07035180181
v -16.89051056 -0.8128575683 27.07697487
vn 0.06615222991 -0.9953263402 -0.07035174966
v -19.22929955 -1.163499475 30.01447296
vn -0.08891693503 0.9949143529 0.04732087627
v -19.22929955 -1.163499475 30.01447296
vn 0.08891693503 -0.9949143529 -0.04732087627
v -15.93218994 -0.7281040549 26.77340126
vn 0.06266880035 -0.9952074289 -0.07506552339
v -15.93218994 -0.7281040549 26.77340126
vn -0.0626687333 0.9952074289 0.07506558299
v -19.63579941 -1.234380364 30.73079681
vn -0.09018539637 0.994776547 0.04781446978
v -19.63579941 -1.234380364 30.73079681
vn 0.09018539637 -0.994776547 -0.04781446978
v -17.49837494 -0.9480950832 28.51817513
vn 0.07666613162 -0.9955830574 -0.05419062451
v -17.49837494 -0.9480950832 28.51817513
vn -0.07666612417 0.9955830574 0.05419064686
v -20.34155655 -1.323522687 31.23143005
vn -0.09153743088 0.9946364164 0.04815888032
v -20.34155655 -1.323522687 31.23143005
vn 0.09153743088 -0.9946364164 -0.04815888032
v -18.56476212 -1.065785289 29.15383339
vn -0.08489249647 0.9952296615 0.04807496443
v -18.56476212 -1.065785289 29.15383339
vn 0.08489249647 -0.9952296615 -0.04807495698
v -20.68464088 -1.377970099 31.68722534
vn -0.09250247478 0.9945268035 0.04857667536
v -20.68464088 -1.377970099 31.68722534
vn 0.09250247478 -0.9945268035 -0.04857667536
v -21.16513824 -1.439728856 32.02228165
vn -0.09376846999 0.99442029 0.04832937941
v -21.16513824 -1.439728856 32.02228165
vn 0.09376847744 -0.99442029 -0.04832937941
v -18.95513916 -1.141395807 30.05393028
vn 0.08686972409 -0.9950771332 -0.04769822955
v -18.95513916 -1.141395807 30.05393028
vn -0.08686972409 0.9950771332 0.047698237
v -21.42144203 -1.476842642 32.28335953
vn -0.0940490216 0.9943836331 0.04853795469
v -21.42144203 -1.476842642 32.28335953
vn 0.0940490216 -0.9943836331 -0.04853795469
v -8.369961739 -0.1439663768 98.2364502
vn -0.1022929251 -0.9935331345 -0.04927520826
v -8.370028496 -0.06302729249 98.23522949
vn -0.07980086654 0.9909538627 0.1078993529
v -7.042909145 0.07823100686 98.2946701
vn -0.02719841339 0.993303299 0.1122889519
v -7.098788738 -0.3195174038 98.24156189
vn -0.03070247173 -0.9989521503 -0.03394043073
v -6.23431778 0.1857152283 96.88249969
vn 0.05722980201 0.9950696826 0.08100028336
v -6.224589825 -0.2670225501 96.88524628
vn 0.08160853386 -0.9965763092 0.01325446647
v -4.907666683 -0.02306548692 97.35765076
vn 0.106452018 0.9905838966 0.08608999848
v -4.907648563 -0.05490575358 97.3578186
vn 0.1347459704 -0.9908269644 0.01027175225
v -2.922272444 0.02053247578 90.23828125
vn 0.1369983554 0.9901010394 0.03051949851
v -2.922282219 -0.02047063783 90.23827362
vn 0.1370824128 -0.9900978804 0.03024275042
v -9.186153412 0.02924330346 89.256073
vn -0.1452550292 0.9893903732 0.002766881604
v -9.185917854 -0.02671579085 89.25611877
vn -0.1464098245 -0.9892213941 0.00228149863
v -4.15412569 -0.19834207 90.62050629
vn 0.1310003102 -0.9909699559 0.02859038487
v -4.154676914 0.1987351924 90.62119293
vn 0.1309427619 0.9909753203 0.02866954729
v -6.004683495 0.4087617993 88.40697479
vn -0.004068688024 0.9999486804 0.009276065975
v -6.005247116 -0.4084899724 88.40357971
vn -0.004197617527 -0.9999418259 0.009938085452
v -5.408274174 0.3747991323 90.14582825
vn 0.05523120612 0.9983727336 0.01419265382
v -5.407726765 -0.3743518889 90.14514923
vn 0.05354115739 -0.9984702468 0.01380231883
v -8.169018745 0.1932382733 90.16094208
vn -0.1417805403 0.9898980856 0.0003181237553
v -8.169171333 -0.1922518611 90.16086578
vn -0.1417541653 -0.9899017215 0.0005892077461
v -6.95234251 0.3686634004 90.05706787
vn -0.06216013432 0.9980658889 0.0007996390341
v -6.95253706 -0.3681157529 90.05699921
vn -0.06277444959 -0.9980263114 0.001681052265
v -5.017589569 0.2350400835 93.37670135
vn 0.1232786998 0.9918660522 0.03168712929
v -5.018057823 -0.2357063293 93.37767792
vn 0.1239584535 -0.9918291569 0.03015308455
v -6.482113361 -2.170578241 108.25811
vn 0.09673577547 -0.9849432111 -0.1432795078
v -6.497323513 -2.077629566 108.1098862
vn -0.1487953365 0.9771110415 0.1520326585
v -7.856345177 0.2377756387 92.85322571
vn -0.1266450286 0.991912961 0.00834663678
v -7.92406702 -0.2256901562 92.9826355
vn -0.1312726289 -0.9913263321 0.006290246733
v -7.858279705 -0.7131671309 102.2735825
vn -0.007913132198 -0.9813615084 -0.1920076609
v -7.858430862 -0.6719671488 102.2668228
vn -0.01189280674 0.9769595265 0.213092953
v -7.158952236 -0.3052749932 95.40466309
vn -0.06857004017 -0.9975442886 0.01426635683
v -7.209950447 0.276268214 95.38941193
vn -0.0760075897 0.9961557984 0.04354817048
v -7.317389488 0.1846321523 96.85354614
vn -0.05258355662 0.9958145022 0.07475611567
v -8.019759178 -0.2004539818 94.48478699
vn -0.1423855424 -0.9897822142 0.007585977204
v -8.787888527 0.0297749117 95.52380371
vn -0.1583121866 0.9867938161 0.03428177908
v -8.787950516 -0.04458058998 95.52385712
vn -0.1616070271 -0.9868379235 0.005834706128
v -8.065532684 0.1492768079 95.67120361
vn -0.132601887 0.9901975393 0.04388187081
v -8.025100708 -0.1823239923 95.67957306
vn -0.1295259148 -0.9915578365 0.006008299999
v -7.087468147 -0.5179855824 101.047905
vn 0.01073625498 -0.9893327951 -0.1452766657
v -7.042551041 -0.4150763452 101.0398865
vn -0.01249888819 0.9818239212 0.1893821806
v -6.194714069 -0.05794003233 99.09864807
vn 0.03534090891 0.9908806086 0.130025357
v -6.223667622 -0.3013679385 99.1098938
vn 0.06742578 -0.9963308573 -0.05271245912
v -7.746445179 -0.234305799 97.52610016
vn -0.1055757478 -0.9941663742 -0.02206814848
v -8.170166969 0.1725128889 94.35440063
vn -0.1469369382 0.9889240265 0.02094668709
v -5.004890919 0.1386317164 95.3972168
vn 0.1463591009 0.9873015881 0.06176253036
v -5.005398273 -0.1492437124 95.39693451
vn 0.1538128555 -0.9871272445 0.04383321106
v -6.437837601 0.3416678905 94.89260101
vn 0.004001966212 0.9992228746 0.03921309486
v -6.430254936 -0.3508374691 94.8913269
vn 0.01207947731 -0.9996718168 0.02259106375
v -5.465796471 -0.1940178126 99.40420532
vn 0.105584912 -0.991754055 -0.07263406366
v -5.465855598 -0.1697634161 99.40342712
vn 0.05354074389 0.9874113798 0.1488360912
v -5.72863245 0.2604711354 95.16125488
vn 0.09605654329 0.993830204 0.05544967949
v -5.729287148 -0.2681177258 95.16152954
vn 0.105376415 -0.9937830567 0.03593102843
v -4.320206165 0.01167390961 95.60816956
vn 0.1578966081 0.9857623577 0.05780342966
v -4.320201397 -0.01933924481 95.60818481
vn 0.1633141786 -0.9855704904 0.04448888078
v -6.311208725 0.3945844173 91.22854614
vn -0.003390937578 0.9999531507 0.009063618258
v -6.310545444 -0.3943076134 91.22792816
vn -0.004238051362 -0.9999518991 0.008846697398
v -3.323431253 -0.01334350836 92.0917511
vn 0.1504500657 -0.9879714251 0.03573821113
v -3.323416233 0.01342730783 92.09175873
vn 0.1504203677 0.9879627228 0.03610280529
v -9.180498123 0.0188465789 91.15696716
vn -0.1631959677 0.9865825772 0.004678143188
v -9.180387497 -0.01757155359 91.15698242
vn -0.1635023952 -0.9865323901 0.004567502532
v -4.156888962 0.1367578804 92.41131592
vn 0.1472113729 0.9884711504 0.03540652245
v -4.156743526 -0.13661699 92.41114044
vn 0.1474435478 -0.9884518981 0.03497476503
v -5.190490246 -0.07770511508 98.33390045
vn 0.08710350096 0.9899955988 0.1110029444
v -5.191345215 -0.1028035283 98.333992
vn 0.1252135187 -0.9916943312 -0.02939317375
v -5.274932384 0.3133443296 91.79784393
vn 0.08925944567 0.9957091212 0.02441559918
v -5.274037838 -0.3132036328 91.79707336
vn 0.08923198283 -0.9957228899 0.02394880168
v -4.653799534 -0.2285860777 92.06317139
vn 0.1341928691 -0.9904567003 0.03142944351
v -4.654070854 0.2287635207 92.06346893
vn 0.1338472366 0.9904931784 0.03175263107
v -8.504763603 0.1355309486 91.77213287
vn -0.1622995734 0.9867311716 0.004521848634
v -8.498067856 -0.1355653703 91.78842926
vn -0.1610433608 -0.9869375229 0.004402965773
v -5.876290321 0.3866973221 91.54205322
vn 0.04515421391 0.9988378882 0.01685218327
v -5.875492096 -0.386497438 91.54133606
vn 0.04497846588 -0.9988551736 0.01628705114
v -7.393277168 0.3129722774 91.55329895
vn -0.1001544744 0.9949561357 0.005598348565
v -7.389910698 -0.3090242147 91.55093384
vn -0.1008518934 -0.9948852658 0.005672270432
v -7.998317719 0.2267964333 91.61652374
vn -0.1478551477 0.9889990687 0.004436336458
v -7.996394634 -0.224510923 91.62785339
vn -0.1481163651 -0.9889609218 0.004217962734
v -6.799354076 0.3841736913 91.46349335
vn -0.05319044366 0.9985630512 0.006525515579
v -6.798955441 -0.3838993311 91.46327972
vn -0.05433708429 -0.9985004663 0.006654311903
v -8.586795807 -0.07895794511 96.81838989
vn -0.131255731 -0.9912905693 -0.01072200947
v -8.586771011 0.01264132001 96.81802368
vn -0.1265710294 0.9899752736 0.06267997622
v -8.129826546 -0.3040880859 99.92370605
vn -0.0612960048 -0.9924501181 -0.106233336
v -7.541918278 -2.115513325 107.456665
vn 0.07606183738 -0.9799340963 -0.1842382699
v -7.54298687 -2.095462322 107.4345551
vn -0.1244581416 0.9740582108 0.1889992505
v -8.129983902 -0.2409517765 99.92061615
vn -0.04207035154 0.9862666726 0.1597125381
v -5.726243973 -0.3616421819 100.6968384
vn 0.07141873986 -0.9894254804 -0.1262401491
v -6.963449001 -0.7468480468 102.5877151
vn -0.0170114208 0.97418046 0.2251288742
v -7.137528419 -0.2873888314 96.81769562
vn -0.04407810792 -0.9990261793 -0.001943378826
v -6.592417717 -0.4103270173 100.0791855
vn 0.05959558859 -0.9939613938 -0.09213644266
v -5.726100922 -0.3434610665 100.6957703
vn 0.01298293099 0.9831976295 0.1820819378
v -7.193234921 0.3152771592 94.10416412
vn -0.07406596094 0.9970397949 0.02063733339
v -8.98214817 0.02088585123 94.28259277
vn -0.1738280058 0.9846087098 0.01815275475
v -8.982197762 -0.02242838219 94.2826004
vn -0.1653119326 -0.9862122536 0.007573714014
v -7.649412155 -1.574787021 105.4834824
vn -0.05935610458 0.961525321 0.2682273388
v -7.205248833 -2.399796247 110.0713806
vn -0.2300028503 0.9729729891 0.02054768428
v -7.094186306 -0.3238272071 94.06356812
vn -0.07102766633 -0.9974170923 0.01068781968
v -7.715689659 -1.186442971 104.1173172
vn 0.01570097916 -0.9651319981 -0.2612922788
v -7.359222412 -0.3589669168 99.50402069
vn -0.02323146909 -0.9967793226 -0.07675468922
v -7.992973328 -0.4691427052 101.0164337
vn -0.03411052376 -0.9874548316 -0.1541735232
v -4.615208149 -0.03230820224 96.47348022
vn 0.157383427 -0.9868439436 0.03700682148
v -4.614211559 0.002635825425 96.47385406
vn 0.1434413791 0.9871068001 0.07102649659
v -5.597855091 -0.2068733722 96.15699768
vn 0.1285431534 -0.9911574721 0.03291647881
v -5.594686031 0.1724174768 96.15787506
vn 0.1101454198 0.991198957 0.07343438268
v -6.978805542 -1.071585059 103.6880264
vn 0.02452066913 -0.9673733711 -0.252165556
v -6.976009369 -0.9676302671 103.4805679
vn -0.02619098686 0.9678405523 0.2501972914
v -7.179164886 -0.1091352776 99.49599457
vn -0.02764104493 0.988393724 0.149378106
v -6.443836689 -1.572221279 105.7568893
vn -0.06753660738 0.9640994072 0.2568095922
v -6.380558014 -0.3113344908 95.89837646
vn 0.0362748988 -0.9990664721 0.02345806174
v -6.399230003 0.2776089907 95.89731598
vn 0.02250945568 0.9977009892 0.06392267346
v -6.295355797 -1.205535173 104.2835159
vn 0.03113100305 -0.965185225 -0.2597081959
v -6.295828342 -1.154511333 104.2650146
vn -0.03893364966 0.9646598101 0.2606061697
v -7.994520664 -0.416495055 101.0124283
vn -0.02152924053 0.9822744727 0.1862076968
v -7.715090275 -1.156680584 104.1064682
vn -0.03658391908 0.9632105231 0.2662462294
v -6.215643406 0.08459803462 97.92868805
vn 0.046687603 0.9941819906 0.09706945717
v -6.209223747 -0.2622336447 97.93585205
vn 0.07590977848 -0.9970142841 -0.01415018737
v -4.449062347 -0.09301748127 94.63225555
vn 0.1588114053 -0.9863803983 0.04281009734
v -4.449975967 0.09132056683 94.63187408
vn 0.1567791253 0.9864191413 0.04896475375
v -5.807388306 -0.3258986175 94.1820755
vn 0.07911177725 -0.9965602756 0.02467598766
v -5.809590816 0.323680371 94.18120575
vn 0.07595287263 0.9966879487 0.02905649692
v -6.483256817 0.3760600984 93.98895264
vn 0.0004298006243 0.9998587966 0.01679839566
v -6.46710968 -0.37981534 93.97672272
vn 0.003330749925 -0.9999265075 0.0116579365
v -5.111639023 0.2134319395 94.47285461
vn 0.1349070519 0.9897714257 0.04639631137
v -5.110568047 -0.2154521793 94.47197723
vn 0.141446054 -0.9892331362 0.03756069019
v -6.970388889 -0.8070591688 102.6244125
vn 0.02355089039 -0.9766178727 -0.2136886716
v -6.443169594 -1.645283103 105.8055649
vn 0.03609382361 -0.965726912 -0.2570385337
v -6.398173332 -0.1938958764 100.0661087
vn 0.01747489534 0.9859380126 0.1661950946
v -7.650083542 -1.589906931 105.4979706
vn 0.02725719661 -0.9634847045 -0.2663723528
v -7.201954365 -2.411626577 110.0974197
vn 0.1741826832 -0.9847129583 0.0008789169951
v -6.524003506 -2.222208977 110.8894196
vn -0.2597757876 0.9648786783 -0.03906053305
v -6.137740135 -0.92385602 103.2956467
vn 0.03916005418 -0.9708867669 -0.2363163829
v -6.136805058 -0.8921088576 103.289856
vn -0.02370689251 0.9708659053 0.2384478897
v -6.483205318 -2.244861603 111.075798
vn 0.203341499 -0.9768884778 0.06588754058
v -7.786630154 -0.8989681005 103.1700974
vn -0.0194078926 0.9697356224 0.2433848381
v -7.785844326 -0.9379902482 103.1773453
vn 0.006966655143 -0.9718729854 -0.2354024649
v -7.024193764 -1.364084244 104.900238
vn -0.04919996858 0.9612274766 0.2713320851
v -6.492827892 -1.926157713 106.9125977
vn 0.06222171709 -0.9749776721 -0.2134173959
v -6.496722698 -1.839833379 106.8270798
vn -0.1061108783 0.9707647562 0.2153051347
v -6.475236893 -1.89738214 112.9284821
vn -0.316102922 0.9264166951 -0.2045263648
v -7.015662193 -1.340861797 104.6812134
vn 0.02519139089 -0.9634056687 -0.2668611705
v -6.465487003 -1.892517805 112.9597092
vn 0.2539178133 -0.9367319942 0.2409542948
v -5.805487633 -1.298065305 114.0293045
vn -0.320577234 0.8994644284 -0.2969747186
v -5.700218201 -1.190912962 114.2926788
vn 0.1547712535 -0.9181926847 0.3646478951
v -7.612976074 -1.860408783 106.4321747
vn 0.04725867137 -0.9695272446 -0.2403820455
v -7.612748146 -1.84254849 106.4147873
vn -0.08728194982 0.9666604996 0.2407267541
v -7.432735443 -2.300318718 108.6194916
vn -0.1720084995 0.9782165289 0.1162132248
v -7.431119442 -2.317652941 108.6423645
vn 0.117811434 -0.9876092076 -0.103675276
v -6.578298569 -2.219565868 109.3467255
vn -0.2057444304 0.9761011004 0.06997025013
v -6.554709435 -2.286392927 109.5048904
vn 0.1497073621 -0.9873583317 -0.05206992477
v -1.450548172 0.6141514182 122.8823318
vn 0.8913314939 -0.2534616292 -0.3758794665
v -1.069442272 0.5758188963 123.7250671
vn -0.9102312326 0.2618612349 0.3207924962
v -6.933018208 -2.318236113 111.3328705
vn -0.2742550373 0.9564576149 -0.09986481071
v -6.92686224 -2.323618174 111.3596802
vn 0.2188763618 -0.9672225714 0.1287387013
v -3.544234514 0.4242537022 119.1853409
vn 0.6210468411 -0.5101007819 -0.5950613618
v -6.300897598 -1.996027231 112.2115936
vn -0.3022619784 0.9405269623 -0.1550701559
v -6.236374378 -1.964934587 112.4188538
vn 0.2445241213 -0.9510893226 0.1887777299
v -3.691266537 0.3524264395 118.9570923
vn -0.8542006016 0.2273254544 0.4676156938
v -5.762675762 -1.025763392 114.7431183
vn -0.307680428 0.9005584717 -0.3071272373
v -5.73830986 -0.9945420027 114.7941589
vn 0.1872424483 -0.9130000472 0.3624515533
v 1.929089546 0.7405802608 131.632431
vn -0.04748122767 0.5890012383 0.806736052
v -5.225848675 -0.533998847 115.6243134
vn -0.2333260626 0.9296842217 -0.2850372493
v -4.919885159 -0.1736508906 116.5237427
vn -0.3525135219 0.918099463 -0.1811838597
v -4.87156105 -0.1442698985 116.6121979
vn -0.3610213399 -0.7985928059 0.4815736413
v -5.155678749 -0.4760992229 115.8169785
vn -0.143324852 -0.8873689771 0.4382171631
v 2.304401398 1.098191261 131.5359497
vn 0.09800031781 -0.5702577233 -0.8155992031
v -3.924086094 0.3644294441 118.4898224
vn -0.8705006838 0.07586410642 0.4862850904
v -5.980184555 -1.613891363 113.3207321
vn 0.2519721091 -0.9242956042 0.2866838872
v -3.987716198 0.3293934166 118.3369598
vn 0.1427717358 0.5567532778 -0.8183165789
v -6.124159336 -1.476603031 113.8372803
vn 0.2423193753 -0.9149174094 0.322811842
v -4.633495331 -0.001259635668 116.9743729
vn -0.4186650813 0.8737671375 -0.2474885434
v -6.1341362 -1.494112015 113.7979507
vn -0.3250424564 0.9052818418 -0.2735182345
v -6.055741787 -1.678574204 113.0965042
vn -0.3308779597 0.9120329022 -0.2423134148
v -4.613062382 -0.01421065256 117.0744247
vn -0.6041563153 -0.6091185212 0.5137798786
v -5.337715626 -0.5586248636 115.6437225
vn 0.03088025935 -0.9152480364 0.4017056525
v -5.371345043 -0.5897647738 115.5777359
vn -0.2481260449 0.9180101156 -0.3093395233
v -2.005015135 0.4394950271 121.960144
vn 0.8135882616 -0.4134194851 -0.4088501334
v -2.260988712 0.3951256275 121.5417252
vn -0.7912336588 0.4411280453 0.4235036075
v -2.933502436 0.5301306844 120.1857376
vn -0.7769353986 0.4614642262 0.4282780886
v -3.067924261 0.5084478855 119.9231873
vn 0.6538732052 -0.6328256726 -0.4147065282
v -5.522359371 -0.9157158732 114.8134613
vn -0.2736964524 0.9068444371 -0.3205049336
v -4.166675091 0.2476031482 117.985466
vn 0.1376710236 0.42200315 -0.8960803747
v -4.433636665 0.1235168576 117.4977951
vn -0.7732709646 -0.3629407883 0.5199288726
v -0.7197438478 0.02676116861 125.417572
vn -0.9904069304 0.07836174965 0.1138136163
v -0.6594051123 -0.4968056381 127.5145874
vn 0.9927898049 0.06461466849 0.1009619758
v -4.472287655 0.06984425336 117.3913498
vn -0.292729646 0.9058317542 -0.3062322736
v -4.190643787 0.1822407246 117.9715729
vn -0.8536362052 -0.1299026906 0.5044110417
v -2.896754026 0.4342029095 120.3789749
vn 0.7023612857 -0.5606592298 -0.4385771155
v -3.078609943 0.3718332946 120.0943909
vn -0.801423192 0.40457353 0.4405010045
v -2.128717422 0.5853726864 121.5398407
vn -0.7705127001 0.4800031781 0.4194127917
v -2.360175848 0.5701694489 121.1465454
vn 0.7318253517 -0.5503468513 -0.4019328356
v -0.7393858433 0.541637063 125.5586472
vn 0.9904815555 0.09485410899 -0.09974438697
v -1.196967006 0.3555080295 123.5901413
vn 0.9353554249 -0.1340916902 -0.3273065984
v -1.503447533 0.3568358421 122.9252319
vn -0.8623058796 0.3384688497 0.3766528964
v -3.453328133 0.4486945271 119.3216324
vn -0.8230133653 0.3519758284 0.4458273649
v -0.6407542229 0.3033014536 126.6041794
vn -0.9980300069 0.06254898012 0.004872710444
v -3.156649113 -3.503274202 134.6497955
vn -0.6219612956 0.7716821432 0.1329315901
v -3.538570881 0.4254750311 119.1237564
vn 0.589120388 -0.3753035367 -0.715600729
v -1.594851017 0.6076983213 122.5108948
vn -0.8199062943 0.405909121 0.4037219584
v -3.280976057 -3.910594225 136.6494904
vn 0.5840543509 -0.7953979969 -0.161933884
v -0.9722258449 -0.3286446929 129.0989227
vn 0.9761905074 -0.02242729068 0.2157524377
v -0.7615799904 0.1600209326 125.0143509
vn 0.9831322432 0.04427003488 -0.1774573326
v -1.049770713 0.6530224085 124.0075989
vn 0.9674818516 -0.009898060001 -0.252746731
v -1.899472356 0.604344368 121.9687881
vn 0.8009565473 -0.440718472 -0.4052601755
v -1.467811942 -0.9813548326 130.8629761
vn -0.9571666121 0.2017016113 -0.2077221423
v -1.061234355 0.2707681954 123.9804077
vn -0.9451546669 0.1907252222 0.2651538551
v -1.648548961 -2.477945566 134.7401886
vn -0.5703865886 0.7478968501 0.3395725191
v -0.7431749701 -0.6016235352 127.6339111
vn -0.9934248328 0.07292789966 -0.08825325221
v -0.7671893239 0.5446844697 124.9229202
vn -0.9766197801 0.1211839914 0.1775619388
v 0.05457999185 -0.9550883174 132.8702545
vn 0.01670342311 -0.7026216984 -0.7113674879
v -2.048879147 -2.329495907 132.1706085
vn 0.9529987574 -0.1397639811 0.2688110173
v -2.443796396 -2.025439501 133.8890533
vn 0.7011955976 -0.6471149325 -0.299277544
v 0.9798349142 0.4253344834 131.7642059
vn 0.06473947316 -0.6087226272 -0.7907373309
v 0.747474134 0.2160970122 131.9154968
vn -0.03423730284 0.6293893456 0.7763355374
v -0.6832675934 0.2722610235 127.0024338
vn 0.9949745536 0.09033362567 0.04319085926
v 0.489906162 -0.567759037 132.5155029
vn -0.01648530737 0.6685318947 0.7435007095
v -2.151064396 -1.805384994 133.815506
vn -0.6290733814 0.6761651635 0.3834936321
v -0.7886208296 -0.1030771509 128.2464294
vn -0.9872909784 0.08894281089 -0.1317030936
v -1.340466022 -1.475687861 129.9817963
vn -0.9627758861 0.1641280502 -0.2147662491
v -3.677215815 -4.172242641 137.0540161
vn -0.6289565563 0.7741623521 0.07131809741
v -0.6237606406 -0.1106022149 126.1457596
vn 0.9958865047 0.08688885719 -0.02569815516
v 1.306099892 0.1914353073 131.9675293
vn 0.08704310656 -0.5848686099 -0.8064441681
v -1.045037508 -1.138299704 129.2768097
vn 0.9689341784 -0.05743915588 0.2405563444
v -1.515043139 -0.9314416647 131.0403137
vn 0.9553631544 -0.1208715811 0.2695762217
v -0.6687669754 -0.2589057684 126.4561005
vn -0.9986526966 0.05186769366 0.001608057413
v -1.975420475 -2.184259415 131.7414551
vn -0.9352480769 0.2963340878 -0.1936418414
v -1.061616063 -0.4786886573 129.4238434
vn -0.9711414576 0.1358495206 -0.196033597
v -0.9753422141 -0.9974035025 128.718811
vn -0.97786057 0.1159013882 -0.1742284447
v -1.359954953 -2.076565742 134.1945953
vn 0.2890660167 -0.7737188935 -0.563737452
v -0.7751797438 -0.00357692712 128.0026093
vn 0.9878604412 0.04476106539 0.1487553716
v -1.481287956 -1.645000339 130.5495453
vn 0.9578308463 -0.1083950847 0.2661025524
v -1.831602097 -1.277209878 132.2575531
vn -0.9318552613 0.3465436101 -0.1074861437
v -0.4511469603 -1.387863398 133.3810425
vn -0.003170323791 0.717913866 0.6961247325
v -2.766262531 -3.082734823 134.4218597
vn 0.7548919916 -0.6249831319 -0.1988318712
v -1.431478262 -1.004587173 132.9411163
vn 0.1347161382 -0.7469984889 -0.6510336399
v -1.980401516 -1.35737741 132.3508301
vn 0.9566327929 -0.2262260467 0.1835089326
v 1.232772827 0.1033339798 132.0233002
vn -0.03971945494 0.6141385436 0.7881980538
v -1.262260199 -0.9236436486 132.9122162
vn -0.1326002628 0.7417562604 0.65743047
v -1.211540461 -0.6108390093 130.0365906
vn 0.9636835456 -0.08650735766 0.2526470721
v -0.8186864853 -0.8089413047 128.3846741
vn 0.9814882874 0.01209195144 0.191140011
v -2.478363276 -2.740214586 133.0117798
vn -0.8849018216 0.4642335474 0.0378937088
v -1.757821321 -1.984262824 131.3537903
vn 0.9521816373 -0.1272250265 0.2777839899
v -2.586138964 -3.171178102 135.7108612
vn -0.6056208014 0.7844433188 0.1336865127
v -2.229035854 -2.841175556 135.217453
vn 0.6006568074 -0.7365933657 -0.3108723164
v -2.423242807 -2.650625706 133.2336426
vn 0.9363668561 -0.3472345173 0.05143291503
v 0.691547811 -0.3937737048 132.3772888
vn 0.04475048184 -0.6379409432 -0.768783927
v -0.6251660585 -1.485571265 133.47789
vn 0.03223237395 -0.7473278046 -0.6636732817
v -1.640168071 -1.817065001 130.8365479
vn -0.9484009743 0.2322886288 -0.2158184648
v -1.032701612 -1.92386353 134.018692
vn -0.26615417 0.7501936555 0.6052862406
v -2.431500435 -3.001562834 134.6992645
vn -0.6140346527 0.7639955878 0.1981721371
v -2.972855568 -3.479601145 135.4733124
vn 0.6325271726 -0.7460665703 -0.2080722153
v -3.372559071 -3.805716038 135.7795868
vn -0.6152293086 0.7847580314 0.07515133917
v -2.821917057 -3.105492115 133.8220978
vn -0.6853157878 0.6884271502 0.2375085354
v -2.722269297 -3.380991459 135.8892517
vn 0.566768527 -0.7929921746 -0.2234655321
v -3.12755537 -3.656912088 136.3662567
vn -0.6203200817 0.7812370658 0.06979743391
vt 0.2589299977 0.6370270252
vt 0.2544009984 0.6593809724
vt 0.1860499978 0.6433320045
vt 0.3597848415 0.5188024044
vt 0.4047540128 0.5211200118
vt 0.4185340106 0.6960870028
vt 0.3858960271 0.7508181334
vt 0.386580795 0.7513124943
vt 0.3797851205 0.5183777809
vt 0.3329659998 0.5250260234
vt 0.3381609917 0.7492930293
vt 0.4369570017 0.7460700274
vt 0.4186150134 0.6959069967
vt 0.4368480146 0.7455109954
vt 0.424748987 0.9024289846
vt 0.3938080668 0.8965064883
vt 0.3627420068 0.9057719707
vt 0.3937777877 0.8963929415
vt 0.3997240067 0.9939280152
vt 0.3845689893 0.96954602
vt 0.384566009 0.9696230292
vt 0.3997350037 0.9939200282
vt 0.4249080122 0.9023630023
vt 0.3801853359 0.3107797503
vt 0.4131410122 0.3265050054
vt 0.3723945618 0.3381583989
vt 0.3450469971 0.3123449981
vt 0.3329069912 0.5250300169
vt 0.3380680084 0.7494130135
vt 0.4047510028 0.5211240053
vt 0.362737 0.9059979916
vt 0.345077008 0.3123250008
vt 0.4131659865 0.3264319897
vt 0.3514049947 0.1550090015
vt 0.4021847248 0.1671180278
vt 0.3323790133 0.1868409961
vt 0.3188999891 0.1612389982
vt 0.3961878121 0.1378225386
vt 0.4103147686 0.168544814
vt 0.4443449974 0.1429699957
vt 0.434623003 0.126086995
vt 0.3945836723 0.1326588839
vt 0.3638269901 0.1303350031
vt 0.3400479853 0.2215259969
vt 0.3977096975 0.2102932781
vt 0.3952929974 0.05824000016
vt 0.3971320093 0.09743399918
vt 0.42350173 0.1025099903
vt 0.4298500121 0.06390500069
vt 0.3951190114 0.05796999857
vt 0.42958799 0.06360799819
vt 0.4260051548 0.09830643982
vt 0.4002892375 0.1055457145
vt 0.3539069891 0.09276500344
vt 0.354057014 0.04136599973
vt 0.1954820007 0.7942020297
vt 0.2433609962 0.8199340105
vt 0.2499350011 0.6999890208
vt 0.215959996 0.6987429857
vt 0.2869020104 0.8327540159
vt 0.2871310115 0.7138379812
vt 0.287090987 0.713925004
vt 0.2868309915 0.8327729702
vt 0.2433270067 0.8199189901
vt 0.2498569936 0.7000629902
vt 0.19551 0.7941129804
vt 0.2159499973 0.6987000108
vt 0.2543829978 0.6593599916
vt 0.1860450059 0.6433100104
vt 0.3065989912 0.6818990111
vt 0.3064849973 0.6821870208
vt 0.2544009984 0.6593809724
vt 0.1860499978 0.6433320045
vt 0.4303759933 0.2014999986
vt 0.4455690086 0.1755270064
vt 0.3323839903 0.1868329942
vt 0.4303919971 0.2015710026
vt 0.395640552 0.2094173729
vt 0.3400619924 0.2215279937
vt 0.4456050098 0.175541997
vt 0.2543829978 0.6593599916
vt 0.2589260042 0.6370369792
vt 0.1860450059 0.6433100104
vt 0.3065989912 0.6818990111
vt 0.2589260042 0.6370369792
vt 0.2543829978 0.6593599916
vt 0.3064849973 0.6821870208
vt 0.2544009984 0.6593809724
vt 0.2589299977 0.6370270252
vt 0.3638100028 0.1303330064
vt 0.3513889909 0.1550049931
vt 0.3188959956 0.1612319946
vt 0.4346249998 0.1260859966
vt 0.4443869889 0.1430100054
vt 0.4972699881 0.1615349948
vt 0.4791130126 0.1713940054
vt 0.5126389861 0.1996220052
vt 0.442772001 0.07859700173
vt 0.4450988173 0.1058255062
vt 0.4427156448 0.1024070755
vt 0.4427019954 0.07853899896
vt 0.4446960092 0.1192459986
vt 0.4447019994 0.1193120033
vt 0.3542790115 0.04155800119
vt 0.3959220052 0.01527099963
vt 0.3635680079 0.009476000443
vt 0.2873629928 0.9352210164
vt 0.2431930006 0.9429389834
vt 0.2975260019 0.9601470232
vt 0.2975189984 0.9601430297
vt 0.2868320048 0.9914140105
vt 0.2442989945 0.9869260192
vt 0.2432200015 0.9429129958
vt 0.3957430124 0.01522700023
vt 0.3639799953 0.009479000233
vt 0.3538820148 0.0928009972
vt 0.2062280029 0.1921990067
vt 0.2161560059 0.2095469981
vt 0.2048429996 0.2341199964
vt 0.3434810042 0.104884997
vt 0.3434660137 0.1048730016
vt 0.3192569911 0.04833300039
vt 0.3170039952 0.09064599872
vt 0.319276005 0.04810699821
vt 0.3169980049 0.0906670019
vt 0.3164379895 0.1024459973
vt 0.3164219856 0.1024639979
vt 0.2769190073 0.07915499806
vt 0.2815733552 0.1064201891
vt 0.3016270101 0.1001619995
vt 0.2888149917 0.03684300184
vt 0.2769060135 0.07905399799
vt 0.2889110148 0.0366749987
vt 0.3016560078 0.1001259983
vt 0.2827221155 0.1047965214
vt 0.3047209978 0.1118000001
vt 0.2860220075 0.1132000014
vt 0.2859869897 0.1131969988
vt 0.3047100008 0.1117950007
vt 0.2062280029 0.1921810061
vt 0.2161249965 0.2094900012
vt 0.2354680747 0.1620514542
vt 0.2335689962 0.1362469941
vt 0.2161560059 0.2095469981
vt 0.2062280029 0.1921990067
vt 0.2336200029 0.1362459958
vt 0.2484850287 0.1473344862
vt 0.2293380052 0.211439997
vt 0.2532300055 0.1530400068
vt 0.2293419987 0.2113910019
vt 0.2532320023 0.1529989988
vt 0.2021600008 0.9382510185
vt 0.2872500122 0.9353119731
vt 0.2021300048 0.9382089972
vt 0.4664550126 0.07904300094
vt 0.4616340101 0.1198680028
vt 0.4616340101 0.119851999
vt 0.4664460123 0.07898599654
vt 0.5120170116 0.06506200135
vt 0.477775991 0.06500100344
vt 0.4805350006 0.04517399892
vt 0.5320860147 0.03941899911
vt 0.2443010062 0.9869530201
vt 0.2868529856 0.9914259911
vt 0.5125570297 0.1994650066
vt 0.4790560007 0.1713809967
vt 0.4972839952 0.1615159959
vt 0.4664550126 0.07904300094
vt 0.5034689903 0.1210260019
vt 0.4608879983 0.1409280002
vt 0.5034689903 0.1210260019
vt 0.4972839952 0.1615159959
vt 0.4790560007 0.1713809967
vt 0.4608879983 0.1409280002
vt 0.4616340101 0.1198680028
vt 0.4664550126 0.07904300094
vt 0.5034689903 0.1210260019
vt 0.4608969986 0.1409099996
vt 0.4791130126 0.1713940054
vt 0.4972699881 0.1615349948
vt 0.503452003 0.1210310012
vt 0.4664460123 0.07898599654
vt 0.4616340101 0.119851999
vt 0.4804840088 0.04509999976
vt 0.4778670073 0.06503800303
vt 0.5120509863 0.06492300332
vt 0.5321620107 0.03947599977
vt 0.2293380052 0.211439997
vt 0.2048429996 0.2341199964
vt 0.2161560059 0.2095469981
vt 0.3354874849 0.6372215152
vt 0.3355634809 0.6371595263
vt 0.3389919996 0.4186775088
vt 0.3390064836 0.4186854959
vt 0.3586308658 0.4215414822
vt 0.3573685288 0.4224846661
vt 0.3745388687 0.6330988407
vt 0.3771224916 0.6307294369
vt 0.3842449784 0.6156535149
vt 0.3882474899 0.6246148348
vt 0.3879309595 0.4186814725
vt 0.3864123821 0.4210672081
vt 0.3976202011 0.4229466319
vt 0.3975802958 0.4225700796
vt 0.4089584947 0.4237779975
vt 0.4089475274 0.4238125086
vt 0.3576228917 0.7409991622
vt 0.4010166526 0.6061751246
vt 0.411683023 0.608515501
vt 0.4116440117 0.6086034775
vt 0.362293601 0.5276894569
vt 0.3862968981 0.5320164561
vt 0.333088398 0.5329184532
vt 0.377340138 0.5156964064
vt 0.3359494805 0.4718537629
vt 0.3359862566 0.4718557596
vt 0.3518881202 0.473493278
vt 0.3460969925 0.4739505053
vt 0.3677818477 0.4724935293
vt 0.3547851443 0.4260378778
vt 0.3769869506 0.4720064104
vt 0.357172668 0.5561433434
vt 0.3760829568 0.4363387525
vt 0.3377794921 0.4402858913
vt 0.3590833247 0.4405642748
vt 0.408650279 0.570281744
vt 0.3374963701 0.4452706277
vt 0.3374707401 0.4452656507
vt 0.3384401798 0.4286549091
vt 0.3680343628 0.450964421
vt 0.4068547487 0.4724510014
vt 0.4068507552 0.4724662602
vt 0.3341972232 0.5811257362
vt 0.3342647552 0.5810927749
vt 0.3547498584 0.3590211272
vt 0.3420345187 0.3655012548
vt 0.3420267403 0.3655152321
vt 0.3708130717 0.3755836189
vt 0.347728163 0.5756443143
vt 0.3505132496 0.5806323886
vt 0.3666940928 0.5874865651
vt 0.365041554 0.5768700838
vt 0.3846027851 0.3413441181
vt 0.3935622871 0.3650812507
vt 0.3949079812 0.3781844974
vt 0.3552368283 0.3719029427
vt 0.4049375057 0.3806444407
vt 0.4049407244 0.380869329
vt 0.369324863 0.3818637431
vt 0.3804737926 0.3745653927
vt 0.4110622406 0.3751049936
vt 0.4110442698 0.375158757
vt 0.3680915833 0.5639921427
vt 0.3730425537 0.5671459436
vt 0.3791704476 0.5646635294
vt 0.3835368454 0.5686869025
vt 0.4082170129 0.5648197532
vt 0.4081990123 0.5648617744
vt 0.3478732705 0.630454123
vt 0.3645450473 0.5460272431
vt 0.3376851082 0.4419474602
vt 0.3638779521 0.6195411682
vt 0.4005132914 0.5816199183
vt 0.3378510475 0.4386186004
vt 0.375754714 0.5364630222
vt 0.3684815168 0.5339019299
vt 0.3712390363 0.4217976034
vt 0.3737018406 0.4204593301
vt 0.3650131822 0.4499866068
vt 0.4082922935 0.439016819
vt 0.3504709303 0.4192306399
vt 0.3501863182 0.4204947352
vt 0.4168115258 0.6742161512
vt 0.3344282508 0.498441875
vt 0.3344761133 0.4984408915
vt 0.3351888657 0.4851478338
vt 0.335231185 0.4851483107
vt 0.3607911766 0.4484788775
vt 0.3640913069 0.4629119635
vt 0.338157028 0.4336396158
vt 0.3715652227 0.45574525
vt 0.3335521221 0.5530778766
vt 0.3336153626 0.5530593991
vt 0.363586694 0.4407583475
vt 0.360615164 0.4326338172
vt 0.3853466809 0.5628114939
vt 0.369050175 0.4982120991
vt 0.3788568079 0.496858418
vt 0.3367100954 0.4585596919
vt 0.3820352256 0.5547202826
vt 0.4060458839 0.53752321
vt 0.3744761944 0.4552443326
vt 0.395691812 0.5028659105
vt 0.3745107651 0.4278628528
vt 0.3333718777 0.5425468683
vt 0.3772570491 0.5391505361
vt 0.378742367 0.5072134733
vt 0.3331690431 0.536424458
vt 0.3378738761 0.4386243224
vt 0.3981150389 0.7854402661
vt 0.3332295418 0.5390539169
vt 0.3639200926 0.4853100181
vt 0.3331892192 0.5373009443
vt 0.3479217291 0.5113213062
vt 0.3653910756 0.485989511
vt 0.3367413282 0.4585632086
vt 0.337613374 0.4427729845
vt 0.3336676359 0.5117359161
vt 0.396370858 0.4316599667
vt 0.3382514119 0.4319780469
vt 0.3602539003 0.5426431894
vt 0.3725313246 0.4451570213
vt 0.3576285243 0.7941343784
vt 0.3337210417 0.5117334723
vt 0.4151490331 0.6522112489
vt 0.4025634527 0.3932425082
vt 0.3827867508 0.5527040958
vt 0.3546877503 0.5479444861
vt 0.3535353243 0.5502538085
vt 0.4058028758 0.4967874885
vt 0.4058023691 0.4967931509
vt 0.3386116922 0.4253245592
vt 0.3455374539 0.5514301658
vt 0.3471367061 0.5514009595
vt 0.3382313848 0.4319715798
vt 0.3585391343 0.4344488084
vt 0.3841823936 0.6224361062
vt 0.3877839446 0.5673396587
vt 0.3332501054 0.5372906327
vt 0.3862509429 0.5587852597
vt 0.3724994063 0.5530782938
vt 0.4079066217 0.4481145144
vt 0.4078991413 0.4481393695
vt 0.3512474 0.3935688436
vt 0.3812977374 0.3902144134
vt 0.4124440253 0.7539106607
vt 0.3405132592 0.3920893669
vt 0.3405166268 0.392100364
vt 0.3656647503 0.6624437571
vt 0.4013082087 0.5801087022
vt 0.3554096818 0.4283644557
vt 0.3718320131 0.4342608154
vt 0.3674064875 0.5379983783
vt 0.3333435059 0.5183797479
vt 0.3971303403 0.3925874531
vt 0.388351649 0.4419888854
vt 0.3856762648 0.4570329487
vt 0.3504816592 0.3976104856
vt 0.3885714412 0.3927439749
vt 0.3611420989 0.3996456265
vt 0.3369300961 0.4552400708
vt 0.3797275722 0.3930368423
vt 0.3716002107 0.5498442054
vt 0.4064764977 0.5429909229
vt 0.4064840078 0.5429718494
vt 0.3604393005 0.4014396071
vt 0.4100103676 0.3994414806
vt 0.4099959135 0.3994856477
vt 0.3880933821 0.3961144984
vt 0.3964346349 0.3974479437
vt 0.3777950704 0.4012515545
vt 0.372987628 0.8316317797
vt 0.3688318133 0.4010022283
vt 0.4020627737 0.40328601
vt 0.4034901559 0.4008196592
vt 0.3745407462 0.4016568363
vt 0.3668347001 0.4004873335
vt 0.4083010554 0.438988328
vt 0.3627797663 0.4395288825
vt 0.3710973263 0.4310608208
vt 0.4141741991 0.639921844
vt 0.3946000934 0.5958130956
vt 0.3612959683 0.6943664551
vt 0.3979927003 0.5863090754
vt 0.3332906961 0.5390427113
vt 0.36779055 0.6126667857
vt 0.3330471516 0.5285302401
vt 0.383079499 0.5955997109
vt 0.3828268349 0.5939750075
vt 0.4086296558 0.5703294873
vt 0.3504514992 0.8275325298
vt 0.3711611331 0.5970344543
vt 0.3709393144 0.5976310372
vt 0.3971573412 0.5720378757
vt 0.3705123961 0.5482563376
vt 0.3807131946 0.5788188577
vt 0.3785561025 0.5790107846
vt 0.3559949696 0.4456652701
vt 0.3331689239 0.5337864757
vt 0.3913936913 0.5862295628
vt 0.3874634504 0.5866334438
vt 0.3888863027 0.5762611628
vt 0.3904630244 0.5785855055
vt 0.3632265925 0.5535956621
vt 0.3860325813 0.5443991423
vt 0.3907346725 0.8219204545
vt 0.3377559781 0.4402803779
vt 0.3375435472 0.4444398284
vt 0.3381363153 0.4336333275
vt 0.4072421789 0.5525303483
vt 0.3376609087 0.4419421256
vt 0.4067006409 0.5457028151
vt 0.3522224128 0.4086568356
vt 0.3338746727 0.5671018362
vt 0.3339400589 0.567076087
vt 0.3460845947 0.643771112
vt 0.4168820381 0.6740591526
vt 0.4090602696 0.5757972002
vt 0.3397615552 0.4053929448
vt 0.3397526145 0.4053834379
vt 0.4077681005 0.4511802197
vt 0.4095857441 0.8348438144
vt 0.3545405567 0.5352542996
vt 0.3380412161 0.435295105
vt 0.3780840635 0.4512193203
vt 0.3664517999 0.5065308213
vt 0.3653251827 0.6049562693
vt 0.4076370597 0.4542210996
vt 0.3432508409 0.5463017225
vt 0.350520283 0.6063589454
vt 0.3957340419 0.4847413003
vt 0.3569666743 0.5985117555
vt 0.3430225551 0.4922293425
vt 0.4077837467 0.5593577623
vt 0.3631503582 0.6050632596
vt 0.3720166385 0.4279873669
vt 0.3964923918 0.4289056659
vt 0.3940579891 0.5952115059
vt 0.3371188641 0.4519169331
vt 0.3331283331 0.5320343971
vt 0.3681656718 0.4663526714
vt 0.33796826 0.4369627535
vt 0.4080380797 0.4450724423
vt 0.3882396817 0.4095942974
vt 0.3560620844 0.5608981252
vt 0.4066918194 0.5457247496
vt 0.347668618 0.3783168197
vt 0.4095639884 0.8349179029
vt 0.4082267582 0.4405372441
vt 0.4099500179 0.5866676569
vt 0.33322981 0.5364146233
vt 0.3375182748 0.444434762
vt 0.3512449861 0.5444322228
vt 0.3331085742 0.5337949991
vt 0.3376379311 0.4427782595
vt 0.337590754 0.4436090589
vt 0.3331892192 0.5346624851
vt 0.4139047861 0.6373089552
vt 0.3330877423 0.5302823186
vt 0.3604370356 0.5620894432
vt 0.4075671434 0.5566267967
vt 0.3619525433 0.7502622604
vt 0.4025799632 0.5940353274
vt 0.3716016114 0.786627233
vt 0.4086854458 0.4298942089
vt 0.413416028 0.6303633451
vt 0.3329876065 0.5285359621
vt 0.3641957045 0.5906843543
vt 0.3370904326 0.4519126713
vt 0.3375658393 0.4436038733
vt 0.3449289203 0.5344034433
vt 0.4081612229 0.4420576692
vt 0.4028365314 0.6019631028
vt 0.4085640311 0.4329041839
vt 0.3379461169 0.4369568527
vt 0.3731566668 0.8318910003
vt 0.4309325218 0.824216485
vt 0.3709477186 0.6112821102
vt 0.3386289477 0.4253317714
vt 0.4078920484 0.5607232451
vt 0.4014141262 0.591293931
vt 0.3531898856 0.5629526377
vt 0.3848777115 0.4059226513
vt 0.4073807001 0.460282743
vt 0.3333908319 0.5460659266
vt 0.4073749483 0.4603028297
vt 0.4063287973 0.4846192598
vt 0.4063265622 0.4846296906
vt 0.4052769542 0.5089557171
vt 0.4052782059 0.5089565516
vt 0.372069329 0.4371983111
vt 0.3908424973 0.821711719
vt 0.3934950531 0.40648368
vt 0.4077751637 0.4511565566
vt 0.3558226526 0.3793500662
vt 0.3332872987 0.5183829665
vt 0.3430685997 0.7005915642
vt 0.4081695676 0.4420303702
vt 0.3478640914 0.5630121231
vt 0.3434535265 0.5616218448
vt 0.4307985008 0.8239699602
vt 0.3774007559 0.6921876073
vt 0.4084325433 0.4359462559
vt 0.4084233344 0.435975939
vt 0.338062644 0.4353011847
vt 0.3803973794 0.735231638
vt 0.3814505935 0.5606176853
vt 0.407446444 0.4587617218
vt 0.3987506926 0.4786034524
vt 0.3367777467 0.6933172941
vt 0.3675085902 0.4118823707
vt 0.4080301821 0.4450985193
vt 0.3499892652 0.4074693918
vt 0.4076436758 0.4541986287
vt 0.353453815 0.4279974699
vt 0.3626942039 0.5726560354
vt 0.3331488967 0.5355479717
vt 0.4090835154 0.5757436752
vt 0.3332095146 0.5355385542
vt 0.3660773933 0.4125868082
vt 0.3901075721 0.6032996178
vt 0.3609006703 0.4092426896
vt 0.3569660485 0.4109656513
vt 0.3333101869 0.5425599217
vt 0.3334530294 0.5460510254
vt 0.4277859926 0.720988512
vt 0.3745217025 0.41313833
vt 0.3412739038 0.3787953258
vt 0.3412716985 0.3788077831
vt 0.4108165205 0.597591579
vt 0.3384215236 0.4286480546
vt 0.4056175053 0.5320479274
vt 0.4056152701 0.5320554972
vt 0.409484446 0.4116097391
vt 0.4094717205 0.4116490781
vt 0.3985615671 0.4114190042
vt 0.4150890112 0.6523452401
vt 0.4069071412 0.5484586358
vt 0.4107827544 0.5976680517
vt 0.3348423541 0.6091736555
vt 0.341714263 0.4919727445
vt 0.3506197631 0.5500420332
vt 0.3942837715 0.6633040905
vt 0.4071177244 0.4663668871
vt 0.411839664 0.7987136841
vt 0.3838466704 0.6340137124
vt 0.375028342 0.4136446416
vt 0.3606693745 0.3878619969
vt 0.3587113321 0.3893559575
vt 0.351676017 0.3869079053
vt 0.3990617692 0.4137406945
vt 0.3443062305 0.7884128094
vt 0.3664677441 0.3907670379
vt 0.3329473138 0.5267829895
vt 0.3702734709 0.7439356446
vt 0.3552457094 0.5867491961
vt 0.3535803556 0.5493980646
vt 0.3505652249 0.6073445678
vt 0.4073505104 0.5538958311
vt 0.407337755 0.5539263487
vt 0.4071128368 0.4663845301
vt 0.3479697704 0.3832672834
vt 0.3330065608 0.5267781019
vt 0.406917274 0.5484338403
vt 0.3331287503 0.5346714854
vt 0.3330279291 0.5302889347
vt 0.3724009097 0.3912253082
vt 0.3642910123 0.3927899301
vt 0.3330682516 0.5320419669
vt 0.408695519 0.4298621416
vt 0.4077683687 0.5593940616
vt 0.4099215269 0.586732626
vt 0.4133664966 0.630474329
vt 0.3353261948 0.6302095652
vt 0.3812832534 0.797968924
vt 0.3349141181 0.6091261506
vt 0.4125495255 0.6194394231
vt 0.4125052691 0.6195389032
vt 0.3697242439 0.4476102591
vt 0.39571172 0.4339137971
vt 0.4075059891 0.4572619796
vt 0.3612453341 0.6943203807
vt 0.3372805715 0.4485891461
vt 0.407512188 0.4572407007
vt 0.337307632 0.4485937953
vt 0.4085543752 0.4329350591
vt 0.3711390793 0.6390242577
vt 0.3331547379 0.5217028856
vt 0.3528080285 0.5384895205
vt 0.3330971599 0.5217064619
vt 0.4142825305 0.6412873268
vt 0.3625243604 0.7503635883
vt 0.3845701516 0.4629675448
vt 0.3930103779 0.6048146486
vt 0.4075530767 0.5566601753
vt 0.3368622363 0.6932262778
vt 0.3812036812 0.7995929122
vt 0.3329674602 0.5276594758
vt 0.4074404836 0.4587824047
vt 0.3330674469 0.5294063091
vt 0.3880763054 0.791895926
vt 0.3330077529 0.5294124484
vt 0.3842793107 0.6126809716
vt 0.4070147872 0.5498255491
vt 0.3330268562 0.527654171
vt 0.4079836905 0.5621279478
vt 0.3375199437 0.4448552132
vt 0.3374944925 0.4448502064
vt 0.4080003798 0.562088728
vt 0.3374019861 0.4469321966
vt 0.3373756409 0.4469273984
vt 0.3372616172 0.7143532038
vt 0.4077094197 0.4526776075
vt 0.4006102681 0.611990571
vt 0.4077025652 0.4527006745
vt 0.3693172336 0.4384943843
vt 0.3502058983 0.7222070694
vt 0.3451307714 0.5903673768
vt 0.4075779319 0.4557196498
vt 0.33556813 0.64072752
vt 0.3329862952 0.5259020329
vt 0.3329271674 0.5259065032
vt 0.3330020905 0.5233682394
vt 0.3787359297 0.6288371086
vt 0.3504025042 0.8277055025
vt 0.3371855021 0.4502509236
vt 0.4142277539 0.6414097548
vt 0.3330603838 0.5233644247
vt 0.3785690069 0.6910162568
vt 0.337213248 0.4502553642
vt 0.3532804251 0.6336734295
vt 0.408433646 0.5675507784
vt 0.3371660709 0.4510861635
vt 0.4075715244 0.4557415247
vt 0.4346978068 0.775374949
vt 0.4084143341 0.5675956011
vt 0.3990846574 0.8019370437
vt 0.3442352414 0.788559258
vt 0.3920280635 0.7281887531
vt 0.3372604251 0.4494245648
vt 0.3483917117 0.6657940149
vt 0.3373281062 0.4477582574
vt 0.3794921935 0.6054043174
vt 0.3897420764 0.7922238111
vt 0.337354809 0.447762996
vt 0.3701497614 0.7870721221
vt 0.4072439075 0.4633436799
vt 0.4072492123 0.463324815
vt 0.3990595341 0.8026974201
vt 0.3371379673 0.4510818124
vt 0.4078760147 0.5607609749
vt 0.3743012547 0.6607687473
vt 0.407479316 0.4580011964
vt 0.4116987288 0.7985671759
vt 0.3816448152 0.541774869
vt 0.3514993787 0.6351420283
vt 0.4276910126 0.7207989693
vt 0.391918838 0.4722363353
vt 0.3357664347 0.6459199786
vt 0.4074588418 0.5552613139
vt 0.3753021061 0.5877472162
vt 0.3484044075 0.6657399535
vt 0.4074454308 0.555293262
vt 0.3329761624 0.5254640579
vt 0.3329170942 0.5254682302
vt 0.3581089973 0.7954092026
vt 0.3372330368 0.4494200349
vt 0.3564821184 0.6646735668
vt 0.3373492658 0.7142512798
vt 0.4076607227 0.5580271482
vt 0.352394104 0.7231683135
vt 0.407407701 0.4595426321
vt 0.3645598292 0.6636071801
vt 0.3329372406 0.5263447762
vt 0.4071224332 0.551192522
vt 0.395983547 0.6162047386
vt 0.3570282459 0.664118886
vt 0.4076754451 0.5579922795
vt 0.4071338773 0.5511648655
vt 0.332996428 0.5263400674
vt 0.4074732363 0.4580221772
vt 0.4074135721 0.4595222473
vt 0.3332491219 0.5200413465
vt 0.3726375401 0.6625407934
vt 0.3463568687 0.6393200159
vt 0.422155112 0.781924963
vt 0.4221628606 0.7816822529
vt 0.3362128735 0.6651929021
vt 0.3361326158 0.6652693748
vt 0.3613691926 0.7203727365
vt 0.3692952991 0.7257834673
vt 0.3374228776 0.7213651538
vt 0.3375115991 0.7212596536
vt 0.4339447618 0.7851432562
vt 0.4338232577 0.784740448
vt 0.3937203884 0.6252120137
vt 0.3358425498 0.6492050886
vt 0.380946815 0.7034138441
vt 0.3995231688 0.785589993
vt 0.3356084526 0.6424804926
vt 0.378663063 0.6197654009
vt 0.3526364863 0.6343000531
vt 0.3612975776 0.7728641629
vt 0.3481816947 0.772783339
vt 0.4140124321 0.6386759281
vt 0.3739061058 0.7121903896
vt 0.3550953269 0.6386504173
vt 0.4362039566 0.7558383346
vt 0.3358374834 0.6489861012
vt 0.4335178733 0.7366644144
vt 0.3420360088 0.6288030148
vt 0.3356446624 0.640663743
vt 0.3756399751 0.6319559813
vt 0.3357055485 0.643291831
vt 0.3532759249 0.6206781268
vt 0.3438778222 0.6217319965
vt 0.4360918403 0.7553184032
vt 0.3443694413 0.6210913062
vt 0.3352388144 0.6231428385
vt 0.3351649046 0.6231975555
vt 0.3481116891 0.6236159205
vt 0.3544245958 0.7695079446
vt 0.3481346667 0.7728943825
vt 0.3437231183 0.594335556
vt 0.3614017069 0.7727763653
vt 0.4358106256 0.742934823
vt 0.3665979505 0.6197898388
vt 0.3345198035 0.5951496959
vt 0.3345894217 0.5951094627
vt 0.3544071019 0.7696166635
vt 0.4231125116 0.708442986
vt 0.4232004881 0.7084477544
vt 0.3375034928 0.7248711586
vt 0.3643921614 0.7185286283
vt 0.3563050628 0.5946499705
vt 0.3748445213 0.7709177732
vt 0.4323714972 0.7335292697
vt 0.4322695136 0.7331550121
vt 0.3779737651 0.7726490498
vt 0.3490538001 0.6937733293
vt 0.3490368724 0.6938418746
vt 0.4147157669 0.646749258
vt 0.3518915176 0.7293253541
vt 0.3580527604 0.6133027673
vt 0.350628376 0.7498790622
vt 0.3497547507 0.7480891347
vt 0.374569416 0.7509539127
vt 0.3750144541 0.7512107491
vt 0.4159502685 0.6632807255
vt 0.4160155356 0.6631351709
vt 0.4176727533 0.685151577
vt 0.4177485108 0.6849830747
vt 0.3375841379 0.7283771038
vt 0.386075139 0.7440904379
vt 0.4087543786 0.7555983663
vt 0.3617181778 0.7338826656
vt 0.4129358828 0.6250066161
vt 0.351813972 0.6389300227
vt 0.3788550198 0.6047589779
vt 0.3412336111 0.7688529491
vt 0.3621258438 0.6235671639
vt 0.3411516249 0.7689861059
vt 0.3841016889 0.7734344602
vt 0.38314569 0.7746579051
vt 0.3592600524 0.717608273
vt 0.3613212109 0.6788238883
vt 0.3538148105 0.6492044926
vt 0.3727957606 0.7298427224
vt 0.3991675973 0.7727523446
vt 0.3993421793 0.772726953
vt 0.3908672631 0.7738774419
vt 0.3912377954 0.7743105292
vt 0.3848108649 0.7625002861
vt 0.3639176488 0.6261066198
vt 0.3678031862 0.7695603371
vt 0.3692596555 0.7696037292
vt 0.3690629303 0.7351379395
vt 0.3473862708 0.6331863999
vt 0.3358070254 0.6476720572
vt 0.3598734438 0.679363668
vt 0.3551102281 0.6497168541
vt 0.3682365119 0.6479839683
vt 0.4082974792 0.7689647675
vt 0.4083185792 0.7687929869
vt 0.4090176523 0.780020833
vt 0.3466637135 0.6146021485
vt 0.368637085 0.6857756376
vt 0.3446511328 0.6432130933
vt 0.3599777222 0.6415053606
vt 0.3517790735 0.6799490452
vt 0.3729997277 0.6776307821
vt 0.3721168637 0.6767300367
vt 0.3848898411 0.7625178099
vt 0.4354508817 0.7656066418
vt 0.4250849187 0.8004624248
vt 0.4197898507 0.8100242019
vt 0.4088863134 0.7801629305
vt 0.3545723259 0.7330714464
vt 0.352932483 0.7360842824
vt 0.3472533822 0.7359879017
vt 0.3619004786 0.6303883791
vt 0.4049353004 0.7614797354
vt 0.3357999921 0.6508072615
vt 0.3954484761 0.7607495785
vt 0.3476854861 0.628336966
vt 0.3481867611 0.7609972358
vt 0.3370245695 0.7002346516
vt 0.3643236458 0.7357679009
vt 0.3370398283 0.7047117352
vt 0.3676956296 0.7140932679
vt 0.3456811905 0.6796199083
vt 0.3373019397 0.7161061764
vt 0.4323108792 0.8043552041
vt 0.3441443741 0.6372727752
vt 0.3606054187 0.761177063
vt 0.3605092466 0.7612814307
vt 0.3826291263 0.7391220331
vt 0.3585484028 0.6366474628
vt 0.3738361597 0.7618228197
vt 0.3530469239 0.6427295208
vt 0.3358881772 0.6511762142
vt 0.3358100653 0.6512454748
vt 0.3464938104 0.6151140332
vt 0.3364551663 0.6792933345
vt 0.33653754 0.67920959
vt 0.3556586802 0.7805837393
vt 0.3354011476 0.6301511526
vt 0.395757556 0.7608335018
vt 0.3493784666 0.7077900171
vt 0.3699451089 0.6849200726
vt 0.3371869326 0.7072429657
vt 0.337100327 0.7073411942
vt 0.3625767827 0.6249281168
vt 0.3375927806 0.7247638702
vt 0.3357258439 0.6441679001
vt 0.3481465578 0.7611036897
vt 0.3734087646 0.7603316307
vt 0.3689397275 0.6277903914
vt 0.3378362954 0.7352763414
vt 0.3377454281 0.7353891134
vt 0.4149496257 0.7630179524
vt 0.4146609604 0.7630131245
vt 0.3841140866 0.7836464643
vt 0.4198521376 0.8102084994
vt 0.3782047033 0.6693831682
vt 0.3557491302 0.7805100679
vt 0.346354723 0.6340135932
vt 0.4138492942 0.635825336
vt 0.3838532269 0.6384273171
vt 0.3480309546 0.738717258
vt 0.4251562357 0.8007052541
vt 0.3421462774 0.6584581137
vt 0.4353356361 0.7651257515
vt 0.3331790566 0.5342245102
vt 0.3354822993 0.6336553097
vt 0.3373087049 0.7124992013
vt 0.4129827619 0.6249014139
vt 0.4146583676 0.6468775272
vt 0.37898013 0.670417428
vt 0.3483450115 0.6276185513
vt 0.3421008885 0.6585197449
vt 0.3354068398 0.6337155104
vt 0.3821131289 0.6366596818
vt 0.384563148 0.6220029593
vt 0.3356487751 0.6442334652
vt 0.3350036144 0.6161856055
vt 0.3701064885 0.7240767479
vt 0.3433346152 0.6009135246
vt 0.3427460194 0.6865676045
vt 0.3350764513 0.6161345243
vt 0.3550100923 0.612821579
vt 0.3376739621 0.7282680273
vt 0.3481066823 0.6309150457
vt 0.4137971401 0.6359420419
vt 0.3369390368 0.7003292441
vt 0.434579432 0.7749330997
vt 0.4324386418 0.8046798706
vt 0.3373422623 0.717859149
vt 0.3374304175 0.7177554369
vt 0.3354471624 0.635468483
vt 0.3355228901 0.6354074478
vt 0.3494998515 0.6383728385
vt 0.3627965152 0.6282466054
vt 0.3827428818 0.6284240484
vt 0.3452141285 0.6366820931
vt 0.3711074293 0.6313141584
vt 0.4050240219 0.761356473
vt 0.3357294202 0.64773947
vt 0.3656254411 0.6264573932
vt 0.3372681141 0.7107471228
vt 0.3371809721 0.710847199
vt 0.3522817791 0.732534349
vt 0.3937723339 0.7512823939
vt 0.3934572637 0.7513651252
vt 0.3702178895 0.6337099671
vt 0.3601618409 0.6310350895
vt 0.3356852531 0.6424158216
vt 0.3636500537 0.7257547379
vt 0.4136326611 0.6330943108
vt 0.4135818183 0.6332081556
vt 0.3932956159 0.744356215
vt 0.4131993949 0.6276323795
vt 0.4131512046 0.6277405024
vt 0.3834526539 0.6266831756
vt 0.4365804791 0.7509541512
vt 0.4357137382 0.7602220774
vt 0.3736119866 0.6427561045
vt 0.359595269 0.7218840718
vt 0.4364699125 0.7504147291
vt 0.4358274341 0.760722518
vt 0.4140658975 0.6385563612
vt 0.4027144611 0.7452347279
vt 0.3618261814 0.7180684805
vt 0.3356286287 0.6433569789
vt 0.3711681962 0.6371124387
vt 0.3371406496 0.7090941668
vt 0.3907126486 0.7136512995
vt 0.3356890976 0.6459864378
vt 0.3372212946 0.7126002312
vt 0.3501606584 0.6364764571
vt 0.3457964659 0.6400388479
vt 0.3355278075 0.6389745474
vt 0.3356040716 0.6389116049
vt 0.3575369716 0.7213690281
vt 0.3373898268 0.7160033584
vt 0.4345587492 0.7393330336
vt 0.4346642494 0.7397996187
vt 0.3670971096 0.6391015053
vt 0.3497830331 0.7096363306
vt 0.3592647016 0.7251279354
vt 0.3607680798 0.7283024192
vt 0.3372275233 0.7089950442
vt 0.3749062121 0.6364027858
vt 0.3472208083 0.6424441338
vt 0.3470227122 0.6482168436
vt 0.4139575958 0.6371908188
vt 0.3358476162 0.6494241357
vt 0.3357697427 0.6494925022
vt 0.4144991636 0.6440182924
vt 0.3482194543 0.6417746544
vt 0.3538837433 0.6460943222
vt 0.366699934 0.7321820259
vt 0.4144430757 0.644143641
vt 0.3744349778 0.6393038034
vt 0.4137409925 0.6344598532
vt 0.4136894941 0.6345751286
vt 0.4363922179 0.7533962727
vt 0.3357867301 0.6467959881
vt 0.3357092738 0.6468629837
vt 0.4362808764 0.7528665662
vt 0.4141200781 0.6400428414
vt 0.3761484623 0.6391271949
vt 0.3681967556 0.7265194654
vt 0.4360156953 0.7582803965
vt 0.3774893582 0.7275109291
vt 0.3499204814 0.6389434934
vt 0.4366589785 0.7479628325
vt 0.3516689241 0.6401638985
vt 0.4367687404 0.7485120893
vt 0.3372072279 0.7081190348
vt 0.3371204734 0.7082176805
vt 0.3372478187 0.7098710537
vt 0.3371608257 0.7099707127
vt 0.3566248417 0.6397861242
vt 0.3370196819 0.7038352489
vt 0.3478951156 0.7094737291
vt 0.4359027743 0.7577702403
vt 0.3356689215 0.6451099515
vt 0.3357461393 0.6450439692
vt 0.3826094568 0.6381127238
vt 0.3358273208 0.6485481262
vt 0.3357495666 0.6486159563
vt 0.414390862 0.6426528096
vt 0.337105751 0.7037388086
vt 0.3614714742 0.7030161619
vt 0.3503080904 0.6418097019
vt 0.3473745286 0.6426789165
vt 0.3712091446 0.703215003
vt 0.3581873178 0.7221040726
vt 0.4155196548 0.657812953
vt 0.4155822992 0.6576732397
vt 0.335719347 0.6473011971
vt 0.3357968926 0.6472340226
vt 0.4357033968 0.7424219847
vt 0.4143354297 0.6427767277
vt 0.3357596397 0.6490542293
vt 0.3502187431 0.6437398195
vt 0.3723762631 0.6408900619
vt 0.3561139107 0.6403570771
vt 0.3371970654 0.7076810002
vt 0.3371104002 0.7077794075
vt 0.3458369374 0.6457149386
vt 0.3358678818 0.6503001451
vt 0.3948948085 0.6809408069
vt 0.3357899189 0.6503689885
vt 0.3784202635 0.6379861832
vt 0.4141739011 0.6407263279
vt 0.4142283797 0.6406046152
vt 0.3717584014 0.6399570704
vt 0.3369793594 0.7020822763
vt 0.4367535114 0.7467368841
vt 0.436862886 0.7472910881
vt 0.3709483147 0.639611423
vt 0.4362757206 0.7439664602
vt 0.4365644455 0.7491887808
vt 0.4366745949 0.7497330904
vt 0.3532121181 0.6420974135
vt 0.3716000915 0.7237722278
vt 0.4148736894 0.6496113539
vt 0.3371463418 0.7054908872
vt 0.3370600045 0.7055882215
vt 0.4149324 0.6494802237
vt 0.3357647061 0.6492733955
vt 0.4146074653 0.6453837752
vt 0.3370651603 0.7019867301
vt 0.4145507216 0.6455105543
vt 0.3357394934 0.648177743
vt 0.3358171582 0.6481100917
vt 0.3545492291 0.7180068493
vt 0.3794241548 0.643337667
vt 0.3443046212 0.6444750428
vt 0.3638530672 0.6395571828
vt 0.3958073854 0.6867688894
vt 0.3471534252 0.7103155851
vt 0.3459536433 0.6427395344
vt 0.3686331213 0.6400340796
vt 0.335857749 0.6498621702
vt 0.3357798457 0.6499307156
vt 0.3588497043 0.7184841633
vt 0.4334141314 0.7362440228
vt 0.3630192578 0.7208766937
vt 0.3518663943 0.6434167624
vt 0.435131073 0.7408775091
vt 0.3458267152 0.6446332932
vt 0.3358780146 0.6507381797
vt 0.3712952137 0.640301764
vt 0.4144450128 0.6433355808
vt 0.4143892527 0.6434601545
vt 0.3708741069 0.6544659734
vt 0.3371260464 0.7046148777
vt 0.4363838136 0.7445024252
vt 0.4300787449 0.7272589207
vt 0.429980278 0.7269769907
vt 0.3872925937 0.6434445381
vt 0.4352374375 0.7413672209
vt 0.4145533144 0.644701004
vt 0.4144968987 0.6448271275
vt 0.3684244752 0.7154465318
vt 0.3369995356 0.7029587626
vt 0.4368007779 0.74612391
vt 0.4369099438 0.7466805577
vt 0.3370854557 0.7028627396
vt 0.3596994877 0.6445534229
vt 0.344699353 0.6459739804
vt 0.3331486285 0.5329104662
vt 0.348675549 0.6436023712
vt 0.3358628154 0.6500811577
vt 0.4146045446 0.6461940408
vt 0.3357848823 0.6501498222
vt 0.3418796062 0.5733104348
vt 0.4060507417 0.5375099182
vt 0.3331186771 0.5342332125
vt 0.4080957174 0.4435780942
vt 0.4081038237 0.4435514212
vt 0.336900264 0.4552361965
vt 0.4082353115 0.4405093491
vt 0.3329545259 0.5241991282
vt 0.3927013278 0.5252128839
vt 0.3330984712 0.5333567262
vt 0.4070255756 0.5497993231
vt 0.336329788 0.4652067423
vt 0.3331587911 0.5333484411
vt 0.4079646468 0.4466189444
vt 0.3690241575 0.5320762396
vt 0.4079723358 0.4465934634
vt 0.3331384659 0.5324724317
vt 0.3562229872 0.2739187479
vt 0.3841730952 0.2675940692
vt 0.3330783248 0.5324802399
vt 0.3863604963 0.4783738554
vt 0.4038991928 0.2681261003
vt 0.3425695002 0.2669264972
vt 0.3425474763 0.2669354975
vt 0.3868274391 0.257981807
vt 0.3589599133 0.2645539045
vt 0.3692808151 0.1976141185
vt 0.3691592813 0.1976306289
vt 0.4217709899 0.2639659941
vt 0.365660578 0.1801328361
vt 0.3653345704 0.1796475202
vt 0.2365784645 0.1759777814
vt 0.2560900748 0.1346833259
vt 0.241286993 0.1821950078
vt 0.2412840128 0.1822400093
vt 0.367998004 0.2152009904
vt 0.3679820001 0.2152143717
vt 0.2263004333 0.1760365069
vt 0.3435557485 0.3389131427
vt 0.3435368538 0.33893013
vt 0.3660330772 0.337729305
vt 0.3763257861 0.1635268629
vt 0.3516299427 0.3346877694
vt 0.3758914471 0.1557283849
vt 0.3362159729 0.2041794956
vt 0.3362205029 0.2041845024
vt 0.3422635496 0.171067059
vt 0.3422763944 0.1710849106
vt 0.3552584648 0.3443284929
vt 0.3933310211 0.1924165636
vt 0.4127184451 0.1899476051
vt 0.4124933183 0.2060906291
vt 0.3612388074 0.3100314438
vt 0.325639993 0.1740324944
vt 0.3256394863 0.1740399897
vt 0.3997021317 0.1957101077
vt 0.3351424932 0.1581184864
vt 0.3351525068 0.1581239998
vt 0.3586058319 0.3208168745
vt 0.3927284479 0.3196238279
vt 0.4023370147 0.2546093166
vt 0.3621104956 0.2445598692
vt 0.3900540471 0.2383704931
vt 0.4059608877 0.2236077935
vt 0.3786568642 0.2987596095
vt 0.4001512229 0.2385616452
vt 0.3714388907 0.2931965888
vt 0.3481354713 0.2477223724
vt 0.4092955589 0.2360414267
vt 0.376085341 0.241397649
vt 0.3634708226 0.2398840785
vt 0.3887874186 0.2943080068
vt 0.4179235399 0.2269361466
vt 0.4074968696 0.2987201214
vt 0.3495109677 0.2430409491
vt 0.3911678493 0.2334301621
vt 0.3984157443 0.2918432355
vt 0.3412977457 0.2442307472
vt 0.3413157463 0.2442272455
vt 0.3824516535 0.2816371322
vt 0.3774214685 0.2366478294
vt 0.3438232541 0.2896257639
vt 0.3437972367 0.2896402478
vt 0.3519378304 0.2883241177
vt 0.3601351678 0.287139833
vt 0.3575007021 0.2963927984
vt 0.3688701689 0.2852768004
vt 0.4174684882 0.295198977
vt 0.3506349921 0.2931318879
vt 0.3508321643 0.1922237426
vt 0.3508201241 0.1922306865
vt 0.3527481556 0.2008969933
vt 0.3489113152 0.1835373044
vt 0.3527388573 0.2009018362
vt 0.3521069884 0.209690243
vt 0.3521011174 0.2096993774
vt 0.3488041162 0.1834605038
vt 0.3919348121 0.2790771425
vt 0.2227469981 0.210493505
vt 0.2285326421 0.1878792793
vt 0.2353110015 0.1968400031
vt 0.2353144884 0.1967930049
vt 0.384298861 0.1767102927
vt 0.3956642449 0.2676020861
vt 0.3806955814 0.1862722635
vt 0.3540229797 0.2183634937
vt 0.3540218472 0.2183711231
vt 0.4095509946 0.2088911533
vt 0.3589162529 0.1673716754
vt 0.2225655168 0.1973511875
vt 0.3701978326 0.2707565427
vt 0.358764112 0.1682251245
vt 0.3729115427 0.2613174617
vt 0.3826154172 0.2033724487
vt 0.378634572 0.2107323706
vt 0.3707557321 0.3242407441
vt 0.3829746842 0.1945052892
vt 0.3537468314 0.1757502705
vt 0.3844594955 0.1834976077
vt 0.3816416562 0.2125012875
vt 0.3538672626 0.176019907
vt 0.3835361004 0.2027269453
vt 0.3443163633 0.3256190717
vt 0.3442919254 0.325637579
vt 0.3561327755 0.3232598901
vt 0.3828478158 0.1946580112
vt 0.3636314571 0.323458612
vt 0.3702990115 0.1557419598
vt 0.351097405 0.3293025196
vt 0.3489464521 0.3237728477
vt 0.4051145315 0.1994693726
vt 0.3911113441 0.1653209776
vt 0.3972500563 0.253139019
vt 0.3808142841 0.2812677622
vt 0.3745882511 0.3181628287
vt 0.3615604937 0.2306710482
vt 0.3510792255 0.2330429256
vt 0.3626604676 0.2584487796
vt 0.376635313 0.2552865446
vt 0.3755338192 0.2275424898
vt 0.3871133626 0.25298208
vt 0.4047992229 0.252425015
vt 0.3895106912 0.2245358974
vt 0.400384903 0.2236959636
vt 0.2694293261 0.1190504953
vt 0.2227469981 0.210493505
vt 0.412307471 0.2384628206
vt 0.3914972246 0.2808657587
vt 0.4104934931 0.2589893341
vt 0.3521792293 0.2608205676
vt 0.4094470143 0.2423345745
vt 0.3672406971 0.307136476
vt 0.3775354028 0.1714600921
vt 0.2689290345 0.1267914623
vt 0.2573284209 0.1193271503
vt 0.268040061 0.1256596148
vt 0.4138421714 0.2505185902
vt 0.4091847241 0.2204450667
vt 0.4053107798 0.2840022445
vt 0.235332191 0.17690669
vt 0.3516324162 0.2712296844
vt 0.4125574529 0.2815610766
vt 0.3577253819 0.2530080974
vt 0.3552563787 0.229916811
vt 0.3692141175 0.2267401516
vt 0.382901758 0.2936110795
vt 0.3606953025 0.2755329013
vt 0.3786489666 0.2481657714
vt 0.3956825137 0.3176276684
vt 0.4185340106 0.2400470674
vt 0.400826335 0.2811806798
vt 0.379491806 0.2244886756
vt 0.3743483722 0.2724530697
vt 0.3891533315 0.2458954901
vt 0.3987197578 0.243066594
vt 0.3710699677 0.2961601019
vt 0.3603532016 0.2843615711
vt 0.4175396264 0.2160496563
vt 0.384827733 0.2700091004
vt 0.2130759954 0.1782107651
vt 0.2552630007 0.1076499969
vt 0.2267720103 0.1502342522
vt 0.3681911826 0.250600785
vt 0.2492577136 0.1399611235
vt 0.4196197391 0.2795825005
vt 0.4052443504 0.2633021772
vt 0.4069482386 0.2350615561
vt 0.3431963921 0.2782761455
vt 0.3419426084 0.2555768788
vt 0.3431723714 0.2782878876
vt 0.341922611 0.2555831075
vt 0.3406728506 0.2328783721
vt 0.3406888843 0.2328776121
vt 0.4093849063 0.2443773448
vt 0.417655468 0.220462352
vt 0.4049852192 0.2749603689
vt 0.3938187063 0.2213312536
vt 0.3444501162 0.3009753823
vt 0.344422102 0.3009926081
vt 0.3708329499 0.2819878161
vt 0.4011892378 0.178731516
vt 0.3586439192 0.2986307442
vt 0.2199240029 0.1642225087
vt 0.3939489722 0.2879037559
vt 0.3862957954 0.2230153829
vt 0.2198984921 0.1642140001
vt 0.3886241913 0.305700928
vt 0.357958883 0.3076041341
vt 0.4017035961 0.2158255875
vt 0.3954558372 0.3030059636
vt 0.3822173476 0.3095715046
vt 0.2606042922 0.1312144995
vt 0.3517195582 0.2826524079
vt 0.3603730798 0.2080489993
vt 0.3971251547 0.3017098904
vt 0.3907265067 0.2603832781
vt 0.3512704372 0.3043243885
vt 0.3603602946 0.2080581188
vt 0.4141088724 0.2305140346
vt 0.34351933 0.198207289
vt 0.3435240686 0.1982016265
vt 0.3581353724 0.1862347722
vt 0.2552440166 0.1077009961
vt 0.3415985703 0.1895355433
vt 0.3416080773 0.1895283759
vt 0.3600562513 0.1949191093
vt 0.3579802811 0.186109364
vt 0.2575603127 0.1196712106
vt 0.2432519794 0.1377345324
vt 0.2696095109 0.1330980062
vt 0.2696260214 0.1331200004
vt 0.2234831154 0.177356407
vt 0.2299743742 0.1577550471
vt 0.2411673367 0.1592539996
vt 0.2472594976 0.1675969958
vt 0.2472570091 0.1676400006
vt 0.2444415092 0.1219479963
vt 0.2267337441 0.1502304971
vt 0.2164999992 0.1712166369
vt 0.217157349 0.1839661151
vt 0.2444065064 0.1219739914
vt 0.2406731993 0.1502276063
vt 0.2130632401 0.1781975031
vt 0.2111920118 0.2008730024
vt 0.2111920118 0.2008730024
vt 0.2111764997 0.2008354962
vt 0.2055355012 0.2131595016
vt 0.2271354198 0.1869835556
vt 0.2213485837 0.1907370239
vt 0.2463350445 0.1287536621
vt 0.2473762929 0.128560856
vt 0.2383007407 0.1894940138
vt 0.2382975072 0.1895399988
vt 0.2614207566 0.1430484951
vt 0.2614279985 0.1430799961
vt 0.2164808661 0.171205759
vt 0.2727149725 0.1156895012
vt 0.2677918971 0.1105408594
vt 0.2778240144 0.1231600046
vt 0.2777982354 0.1231475025
vt 0.2762753367 0.1175990701
vt 0.2442705035 0.1749400049
vt 0.2275931686 0.1703260094
vt 0.2671743631 0.1116675213
vt 0.2442732453 0.1748960018
vt 0.2327979803 0.1822012663
vt 0.2291179895 0.1674233973
vt 0.2759061158 0.1196443066
vt 0.2364525944 0.148029387
vt 0.2693208456 0.1046847776
vt 0.2686754167 0.1057109162
vt 0.2453188598 0.1584811062
vt 0.238393262 0.1704145074
vt 0.2216915786 0.1929631382
vt 0.2096520066 0.1852048934
vt 0.2405058891 0.1696894169
vt 0.2096456289 0.1851892471
vt 0.2323245108 0.2041400075
vt 0.2323282361 0.204091996
vt 0.2311553806 0.1828439385
vt 0.2184317857 0.1889808923
vt 0.2226223201 0.1810332984
vt 0.2087022513 0.1965082586
vt 0.2058817446 0.2026792467
vt 0.2368042469 0.1931900084
vt 0.2200295478 0.1978990734
vt 0.2368076146 0.1931435168
vt 0.2087100148 0.1965360045
vt 0.2087100148 0.1965360045
vt 0.2224260569 0.201123178
vt 0.2228151113 0.1937047243
vt 0.2338177562 0.2004899979
vt 0.2338213623 0.200442493
vt 0.2197363973 0.1839136034
vt 0.2292813361 0.1934567392
vt 0.2308351099 0.2077414989
vt 0.2051892579 0.2236397564
vt 0.2136507481 0.2051627487
vt 0.2308312654 0.2077900022
vt 0.2273684144 0.1910710335
vt 0.2136740088 0.2052100003
vt 0.2136740088 0.2052100003
vt 0.2241048366 0.2067700773
vt 0.2156524807 0.1876166463
vt 0.2232751101 0.2037285268
vt 0.2330711335 0.2023150027
vt 0.2330747992 0.2022672445
vt 0.2170905024 0.2227799892
vt 0.2227334976 0.2104405016
vt 0.2107729763 0.2163084745
vt 0.2307266593 0.1936036199
vt 0.2284180373 0.1968372017
vt 0.2099393755 0.1986718774
vt 0.231581673 0.2059167475
vt 0.2057086229 0.2079193741
vt 0.2315778881 0.2059650123
vt 0.2240434289 0.2016703188
vt 0.2099510133 0.1987045109
vt 0.2050161362 0.228879869
vt 0.2099510133 0.1987045109
vt 0.223271057 0.2045506686
vt 0.2124136239 0.202999115
vt 0.2053623796 0.218399629
vt 0.219451502 0.2100202441
vt 0.219451502 0.2100202441
vt 0.231208384 0.2068291306
vt 0.2148878723 0.2073263824
vt 0.2149150074 0.2073785067
vt 0.2149150074 0.2073785067
vt 0.2104994953 0.2218334973
vt 0.2104994953 0.2218334973
vt 0.2237078696 0.2053718418
vt 0.2124330103 0.2030414939
vt 0.2124330103 0.2030414939
vt 0.2312045693 0.2068774998
vt 0.210966751 0.2284500003
vt 0.2194292545 0.2099652588
vt 0.231954962 0.2050043643
vt 0.2319512069 0.2050525099
vt 0.2140286267 0.2256149948
vt 0.2260377407 0.2109157443
vt 0.2210992575 0.2102568746
vt 0.2210992575 0.2102568746
vt 0.2232142538 0.2171099931
vt 0.231021747 0.2072853148
vt 0.2310179174 0.2073337436
vt 0.2260425091 0.210966751
vt 0.2178037465 0.2097836137
vt 0.2178037465 0.2097836137
vt 0.2124469876 0.2213941067
vt 0.2260425091 0.210966751
vt 0.2219231278 0.2103751898
vt 0.2241653651 0.2067127973
vt 0.2210813761 0.2102028728
vt 0.231395036 0.2063729465
vt 0.2313912213 0.2064212561
vt 0.2219231278 0.2103751898
vt 0.230928421 0.2075134069
vt 0.2243856192 0.2106781304
vt 0.2201523781 0.2199449837
vt 0.2309245914 0.2075618804
vt 0.231115073 0.2070572227
vt 0.2243947536 0.2107301354
vt 0.2243947536 0.2107301354
vt 0.2311112434 0.2071056217
vt 0.2276898623 0.2111533731
vt 0.2262761295 0.2142750025
vt 0.2308817655 0.2076274455
vt 0.2308779359 0.2076759338
vt 0.2216833234 0.2185274959
vt 0.2252116799 0.2107969373
vt 0.2252186239 0.2108484507
vt 0.2252186239 0.2108484507
vt 0.2276902497 0.2112033665
vt 0.2309750915 0.2073993683
vt 0.230971247 0.207447812
vt 0.2276902497 0.2112033665
vt 0.228515923 0.2112721801
vt 0.4217665195 0.2640379965
vt 0.4162621796 0.2399828285
vt 0.4260734916 0.2327329963
vt 0.4916852713 0.1819795072
vt 0.5078361034 0.1877198219
vt 0.5077514648 0.09297700226
vt 0.507743001 0.09304399788
vt 0.4819365442 0.09855467826
vt 0.4849619865 0.1000345051
vt 0.4849619865 0.1000345051
vt 0.421082288 0.1455164701
vt 0.4821148813 0.1304698288
vt 0.4821785092 0.1309770048
vt 0.4821785092 0.1309770048
vt 0.5020879507 0.1906887442
vt 0.4268065691 0.1555310637
vt 0.5003609657 0.1412830055
vt 0.5003764629 0.1412709951
vt 0.4958065152 0.1854230016
vt 0.4958760142 0.1855080128
vt 0.5049204826 0.1804904938
vt 0.5049544573 0.1805785
vt 0.429872036 0.1570934206
vt 0.4195281863 0.1421573907
vt 0.4196965694 0.1836210936
vt 0.4790744483 0.1513103545
vt 0.4790759087 0.1513157338
vt 0.5021620989 0.1908007562
vt 0.4501441121 0.09222824872
vt 0.4259907603 0.1706179827
vt 0.4640400112 0.09941899776
vt 0.4640445113 0.09945550561
vt 0.4640400112 0.09941899776
vt 0.4640445113 0.09945550561
vt 0.4700050056 0.15615201
vt 0.4699720144 0.1561544985
vt 0.4270856082 0.1702511609
vt 0.4278437793 0.1826739609
vt 0.4449959993 0.1592760086
vt 0.4449570179 0.1592485011
vt 0.4745590091 0.1637730002
vt 0.4180791378 0.1294759065
vt 0.4379985034 0.1885564923
vt 0.437972486 0.1885135025
vt 0.4260792732 0.232804507
vt 0.4148701727 0.1971052736
vt 0.4282247424 0.2171165049
vt 0.408259362 0.1545307487
vt 0.4063660502 0.1818606108
vt 0.455794692 0.09367502481
vt 0.4143896103 0.1300079525
vt 0.4308280945 0.1167817041
vt 0.437725842 0.1106756479
vt 0.4201678634 0.2504308224
vt 0.4097828567 0.2951775789
vt 0.4900540411 0.07880231738
vt 0.4900649488 0.07887927443
vt 0.4222927988 0.2070088387
vt 0.442977041 0.08858419955
vt 0.4234248698 0.1956572831
vt 0.4612655044 0.130381003
vt 0.4612610042 0.1303980052
vt 0.4404245913 0.1143126637
vt 0.420914948 0.2055645138
vt 0.4153882861 0.1784646064
vt 0.4539919198 0.1109325737
vt 0.4522835016 0.1107731313
vt 0.4881914854 0.1664645076
vt 0.4881699979 0.1664485037
vt 0.4881699979 0.1664485037
vt 0.4881914854 0.1664645076
vt 0.4943144321 0.1688677371
vt 0.4115123451 0.2551565766
vt 0.4834500253 0.1159498096
vt 0.4829541743 0.1157067865
vt 0.4239222407 0.2483494878
vt 0.4048379064 0.1492927074
vt 0.5056059957 0.1070349962
vt 0.5056017637 0.1070040017
vt 0.4715459347 0.1212852895
vt 0.4714481533 0.1209594011
vt 0.4939188957 0.1108810231
vt 0.4942154884 0.1105302572
vt 0.4942154884 0.1105302572
vt 0.4282356501 0.2171877623
vt 0.4195406139 0.2444863021
vt 0.4175225496 0.1592748016
vt 0.4295205474 0.1376797855
vt 0.4324710667 0.1415400654
vt 0.4361775517 0.165089801
vt 0.4714796841 0.1339098513
vt 0.4715332389 0.1359525025
vt 0.4715332389 0.1359525025
vt 0.4897540808 0.1462658942
vt 0.4897454381 0.1462682933
vt 0.4364741147 0.1516394019
vt 0.4928237498 0.126001507
vt 0.4927967787 0.1255423576
vt 0.4928237498 0.126001507
vt 0.4094538391 0.1394027323
vt 0.436340332 0.1666248143
vt 0.4342292845 0.1479239613
vt 0.4180432856 0.1615635306
vt 0.4806744158 0.1409698427
vt 0.498830229 0.151393503
vt 0.4988154769 0.1514090002
vt 0.4806855917 0.1411171108
vt 0.5019227266 0.1311485022
vt 0.5019065142 0.1311570108
vt 0.5068755746 0.1853393763
vt 0.432757169 0.1795757711
vt 0.4257639349 0.1925741732
vt 0.5041817427 0.1924439967
vt 0.5042575002 0.192565009
vt 0.5059150457 0.1829589307
vt 0.487431258 0.1784020066
vt 0.4874945283 0.1784510016
vt 0.4745140076 0.163767755
vt 0.5011022091 0.1710032523
vt 0.5011122227 0.1710567474
vt 0.5087966919 0.1901002526
vt 0.5087387562 0.1899777502
vt 0.4943313003 0.168902263
vt 0.5030113459 0.175746873
vt 0.4168159068 0.1538556218
vt 0.4739560485 0.1076909304
vt 0.5077841878 0.1876059473
vt 0.4239228964 0.2484212518
vt 0.4916188717 0.1819125116
vt 0.4736033082 0.1075387225
vt 0.4154197872 0.1737910956
vt 0.4961059093 0.09742934257
vt 0.4881451726 0.1565855742
vt 0.4881528318 0.1565751731
vt 0.4999941289 0.1889334917
vt 0.4913145304 0.1361461729
vt 0.4704501033 0.1459080875
vt 0.4704608917 0.1458320767
vt 0.5000667572 0.1890365183
vt 0.4912960827 0.136099413
vt 0.4628392458 0.1096617579
vt 0.4271678627 0.1338782609
vt 0.4964832664 0.09761969745
vt 0.4628392458 0.1096617579
vt 0.4628370106 0.1096355021
vt 0.4628370106 0.1096355021
vt 0.50303334 0.1758176237
vt 0.5068296194 0.1852341294
vt 0.41047436 0.1895858347
vt 0.4361268282 0.1747072786
vt 0.505875051 0.1828623116
vt 0.4979713857 0.1872722656
vt 0.4979003072 0.1871782541
vt 0.5083693862 0.1959545016
vt 0.5084482431 0.1960934997
vt 0.5082614422 0.1887918413
vt 0.5083163977 0.1889100373
vt 0.510647893 0.1947213709
vt 0.5107178688 0.1948611289
vt 0.5032098293 0.1916828752
vt 0.5031348467 0.1915663779
vt 0.5104632378 0.1977097541
vt 0.5105435848 0.1978577524
vt 0.5063529015 0.1943292618
vt 0.5062755346 0.1941992491
vt 0.5116024613 0.1970931888
vt 0.5116784573 0.1972415745
vt 0.5096933246 0.1923495531
vt 0.5097572803 0.1924806833
vt 0.5115101337 0.1985873878
vt 0.5115913153 0.1987398863
vt 0.5120797157 0.1982790977
vt 0.5121587515 0.1984317899
vt 0.509495914 0.1969756186
vt 0.5094163418 0.1968321204
vt 0.5120335817 0.1990261972
vt 0.5121151209 0.1991809458
vt 0.4123215079 0.9481415153
vt 0.4122365117 0.9481785297
vt 0.3971019685 0.9470565915
vt 0.3978665769 0.946608603
vt 0.3886542618 0.9343319535
vt 0.3885941803 0.9343211651
vt 0.3736529946 0.9377720356
vt 0.3736540079 0.9376975298
vt 0.356569767 0.866851747
vt 0.3565967679 0.8666522503
vt 0.4277737439 0.8631994724
vt 0.4279202819 0.8632897139
vt 0.3699327707 0.8720308542
vt 0.3699644506 0.8722113967
vt 0.3919786215 0.8512679935
vt 0.3919785917 0.8511775136
vt 0.3842000961 0.8685785532
vt 0.3841981292 0.8684666753
vt 0.4154824018 0.8715711236
vt 0.4155739546 0.8715208769
vt 0.4016898274 0.8692401648
vt 0.4017420411 0.8691858053
vt 0.3774488866 0.9014256001
vt 0.3774966002 0.9012755752
vt 0.3921505213 0.9817715287
vt 0.392146498 0.9817370176
vt 0.4098797739 0.8989211917
vt 0.4106813669 0.9002586603
vt 0.4060282707 0.9710307717
vt 0.4059802592 0.9710532427
vt 0.4000785649 0.9223778844
vt 0.4006102681 0.9223598838
vt 0.400880605 0.9356104732
vt 0.4105887115 0.914681077
vt 0.4184927344 0.9253037572
vt 0.4186147451 0.9252522588
vt 0.4101640582 0.9258413911
vt 0.4097899497 0.9258154631
vt 0.3972863257 0.9638911486
vt 0.3967781663 0.9640523791
vt 0.3873743415 0.9514779449
vt 0.3877244592 0.9515789747
vt 0.4055122137 0.9416585565
vt 0.4122970998 0.9136761427
vt 0.3759383857 0.9203779697
vt 0.3759638965 0.9202554822
vt 0.392174989 0.9166997671
vt 0.3921521604 0.9166433215
vt 0.3791100085 0.9536602497
vt 0.379110992 0.9536590576
vt 0.3841226995 0.9186838865
vt 0.3841663599 0.9186096787
vt 0.3681949973 0.9218850136
vt 0.3681980073 0.9217347503
vt 0.3933537602 0.8806219101
vt 0.3933899701 0.8805488348
vt 0.3596693873 0.8862121105
vt 0.3596533835 0.8864248991
vt 0.4262613654 0.8828142285
vt 0.4264141321 0.8828263283
vt 0.3686621785 0.890637815
vt 0.3686585128 0.8904461861
vt 0.3763819933 0.9457155466
vt 0.3763819933 0.9456788898
vt 0.3814644516 0.8854405284
vt 0.381475538 0.885304451
vt 0.3744187653 0.887385726
vt 0.3744154572 0.8875516057
vt 0.4180763066 0.8884941936
vt 0.4181102216 0.8885957003
vt 0.3883056939 0.8834141493
vt 0.3883304894 0.8833156228
vt 0.4055749476 0.8850768805
vt 0.4056268632 0.8849902749
vt 0.4124185443 0.8863582611
vt 0.4124944508 0.8864136338
vt 0.3988356888 0.8835419416
vt 0.3988945186 0.8834792376
vt 0.4154681265 0.936696887
vt 0.4153646231 0.9367411137
vt 0.4091748893 0.9595861435
vt 0.4028816223 0.9824754
vt 0.402852118 0.9824906588
vt 0.4091084003 0.9596158862
vt 0.3818380237 0.9616416693
vt 0.3959951401 0.9701399207
vt 0.3989560604 0.9350608587
vt 0.3917993605 0.958052218
vt 0.3818399906 0.9616025686
vt 0.4013444483 0.910210371
vt 0.4216208458 0.9138664007
vt 0.4217613935 0.9138076305
vt 0.4036341608 0.9796313047
vt 0.4012880623 0.9882093668
vt 0.4003323615 0.909604907
vt 0.4044549465 0.9767531157
vt 0.4005167782 0.9555937052
vt 0.4076015949 0.9653084278
vt 0.3709260225 0.9297161102
vt 0.370923996 0.9298285246
vt 0.3820615411 0.9275611639
vt 0.3819956481 0.9276360869
vt 0.3962108791 0.9738331437
vt 0.3961490393 0.9733240008
vt 0.3984462917 0.9555028677
vt 0.3902521133 0.9786892533
vt 0.3909181356 0.9257878065
vt 0.3910896182 0.9258374572
vt 0.3883582652 0.975697279
vt 0.3883577585 0.975641489
vt 0.4075443149 0.9653345346
vt 0.4044162035 0.9767719507
vt 0.3879577219 0.9428699613
vt 0.3879318237 0.9428953528
vt 0.3702916503 0.9127412438
vt 0.3702861965 0.9129061699
vt 0.385697186 0.9095545411
vt 0.3856728971 0.9096380472
vt 0.3933098316 0.9083344936
vt 0.3931864798 0.9081380963
vt 0.3777410388 0.9118842483
vt 0.377764374 0.9117280245
vt 0.3960231245 0.9700928926
vt 0.3902543783 0.978734374
vt 0.3894898891 0.9583137035
vt 0.4036682844 0.9796142578
vt 0.4013082981 0.9881976843
vt 0.3959352374 0.9878325462
vt 0.386462152 0.9726601839
vt 0.3864633739 0.9725937843
vt 0.3959427476 0.9878457785
vt 0.4051982164 0.9739125967
vt 0.4052416086 0.9738919735
vt 0.3965525627 0.9777558446
vt 0.3912024498 0.9802529812
vt 0.3911992908 0.9802131653
vt 0.4005060196 0.9910687208
vt 0.3964797258 0.9770947099
vt 0.400521636 0.9910588264
vt 0.397829622 0.9908802509
vt 0.3978388906 0.9908828735
vt 0.4032749534 0.9810448289
vt 0.4032431245 0.9810609818
vt 0.4020701051 0.9853500128
vt 0.4020949602 0.9853365421
vt 0.3940408826 0.9847847819
vt 0.3940466344 0.9848086834
vt 0.4001150131 0.9924983978
vt 0.400128305 0.9924894571
vt 0.4008970261 0.9896390438
vt 0.4009149671 0.9896282554
vt 0.3987768292 0.9924041033
vt 0.3968824148 0.9893563986
vt 0.3968908191 0.989364326
vt 0.398786962 0.9924014807
vt 0.4003105164 0.9917835593
vt 0.4003249705 0.9917741418
vt 0.3992609978 0.9931607246
vt 0.3983032107 0.9916421771
vt 0.4002127647 0.9921410084
vt 0.4002266526 0.9921318293
vt 0.3983129263 0.9916421771
vt 0.3992504179 0.9931660891
vt 0.4001774788 0.9923106432
vt 0.3973648548 0.9901236296
vt 0.4001638889 0.9923197031
vt 0.4004232883 0.9914164543
vt 0.39854002 0.9920231104
vt 0.400408268 0.9914261103
vt 0.3973560333 0.9901183248
vt 0.3985499442 0.9920217991
vt 0.4002758265 0.9919530153
vt 0.4002616405 0.9919623137
vt 0.3990136385 0.9927850962
vt 0.3990239799 0.9927811027
vt 0.4001528919 0.9924000502
vt 0.400139451 0.9924090505
vt 0.3980664015 0.9912612438
vt 0.3986584246 0.9922136068
vt 0.4002020657 0.9922212362
vt 0.3991425037 0.9929709435
vt 0.3991320133 0.9929755926
vt 0.4001883268 0.9922303557
vt 0.398668468 0.9922116399
vt 0.3988952339 0.9925945997
vt 0.3989054561 0.9925912619
vt 0.4001405835 0.9924447536
vt 0.4001272321 0.9924536943
vt 0.3999195099 0.9932131767
vt 0.3990728259 0.9928803444
vt 0.3990832567 0.9928760529
vt 0.4001652002 0.9923553467
vt 0.3999316692 0.9932047129
vt 0.3992017508 0.993065834
vt 0.40015167 0.9923644066
vt 0.4001344442 0.9924671054
vt 0.3991912007 0.9930708408
vt 0.3998217583 0.9935705662
vt 0.3991024196 0.9929279685
vt 0.4000172615 0.9928557873
vt 0.4001211226 0.9924760461
vt 0.3998333216 0.9935623407
vt 0.3991128802 0.9929234982
vt 0.3992313743 0.9931132793
vt 0.3991721272 0.9930183887
vt 0.4000299871 0.992847085
vt 0.3992208242 0.9931184649
vt 0.399161607 0.9930232167
vt 0.3997728825 0.9937492609
vt 0.3994871974 0.9935470819
vt 0.3994979858 0.9935404062
vt 0.3998706341 0.9933918715
vt 0.399246186 0.993137002
vt 0.3997841477 0.9937411547
vt 0.3998824954 0.9933835268
vt 0.399186939 0.9930421114
vt 0.3992165625 0.9930895567
vt 0.3991172314 0.9929517508
vt 0.3992356062 0.9931422472
vt 0.3991467953 0.9929994345
vt 0.3997973204 0.9936599135
vt 0.3991573155 0.9929946661
vt 0.3991943598 0.9930539727
vt 0.3998579085 0.9934729338
vt 0.3991795182 0.9930302501
vt 0.3992060125 0.9930946827
vt 0.3998461962 0.9934812188
vt 0.3991541862 0.9930113554
vt 0.3998087347 0.9936517477
vt 0.3992387652 0.9931251407
vt 0.3991764188 0.993046999
vt 0.3997484446 0.9938386679
vt 0.3997851014 0.9937045574
vt 0.3992536068 0.9931488633
vt 0.3997595906 0.9938305616
vt 0.3998095393 0.9936152697
vt 0.3991394043 0.9929875135
vt 0.3991980553 0.9930598736
vt 0.3991578817 0.9930173159
vt 0.3992239833 0.993101418
vt 0.3991985917 0.9930827618
vt 0.3991690278 0.993035078
vt 0.3992282152 0.9931303263
vt 0.3992134333 0.9931066036
vt 0.3991906643 0.9930480719
vt 0.3992350698 0.9931192398
vt 0.3992161453 0.993088901
vt 0.3991838098 0.9930589199
vt 0.3992091417 0.9930776954
vt 0.399199903 0.9930628538
vt 0.3991948962 0.9930768013
vt 0.3992202878 0.9930955172
# mm_gid 0
g mmGroup0
usemtl Material_1
f 1/1/1 2/2/2 3/3/3 
f 562/562/562 263/263/263 408/408/408 
f 273/273/273 533/533/533 739/739/739 
f 844/844/844 447/447/447 260/260/260 
f 732/732/732 779/779/779 1002/1002/1002 
f 716/716/716 956/956/956 1014/1014/1014 
f 661/661/661 846/846/846 932/932/932 
f 1619/1619/1619 438/438/438 1625/1625/1625 
f 763/763/763 738/738/738 827/827/827 
f 1620/1620/1620 362/362/362 1622/1622/1622 
f 16/16/16 1631/1631/1631 1694/1694/1694 
f 1645/1645/1645 1709/1709/1709 1729/1729/1729 
f 21/21/21 1733/1733/1733 1727/1727/1727 
f 1638/1638/1638 1640/1640/1640 1696/1696/1696 
f 204/204/204 202/202/202 526/526/526 
f 341/341/341 280/280/280 495/495/495 
f 26/26/26 1108/1108/1108 1098/1098/1098 
f 762/762/762 754/754/754 783/783/783 
f 488/488/488 1056/1056/1056 284/284/284 
f 500/500/500 731/731/731 487/487/487 
f 581/581/581 954/954/954 963/963/963 
f 1616/1616/1616 412/412/412 1624/1624/1624 
f 902/902/902 920/920/920 888/888/888 
f 16/16/16 1627/1627/1627 1669/1669/1669 
f 783/783/783 754/754/754 809/809/809 
f 18/18/18 1632/1632/1632 1678/1678/1678 
f 625/625/625 784/784/784 831/831/831 
f 1720/1720/1720 1627/1627/1627 1725/1725/1725 
f 852/852/852 701/701/701 850/850/850 
f 195/195/195 271/271/271 501/501/501 
f 244/244/244 26/26/26 250/250/250 
f 370/370/370 309/309/309 560/560/560 
f 1658/1658/1658 1650/1650/1650 1719/1719/1719 
f 1080/1080/1080 1161/1161/1161 1202/1202/1202 
f 37/37/37 1107/1107/1107 1104/1104/1104 
f 38/38/38 1475/1475/1475 1451/1451/1451 
f 1469/1469/1469 1451/1451/1451 1569/1569/1569 
f 1093/1093/1093 42/42/42 1504/1504/1504 
f 34/34/34 43/43/43 1093/1093/1093 
f 27/27/27 1108/1108/1108 1257/1257/1257 
f 1186/1186/1186 44/44/44 1241/1241/1241 
f 46/46/46 47/47/47 48/48/48 
f 48/48/48 49/49/49 46/46/46 
f 50/50/50 51/51/51 52/52/52 
f 52/52/52 53/53/53 50/50/50 
f 50/50/50 53/53/53 54/54/54 
f 54/54/54 55/55/55 50/50/50 
f 56/56/56 57/57/57 58/58/58 
f 58/58/58 59/59/59 56/56/56 
f 57/57/57 60/60/60 61/61/61 
f 61/61/61 58/58/58 57/57/57 
f 62/62/62 63/63/63 64/64/64 
f 64/64/64 65/65/65 62/62/62 
f 65/65/65 64/64/64 66/66/66 
f 66/66/66 67/67/67 65/65/65 
f 59/59/59 58/58/58 68/68/68 
f 68/68/68 69/69/69 59/59/59 
f 58/58/58 61/61/61 70/70/70 
f 70/70/70 68/68/68 58/58/58 
f 71/71/71 62/62/62 65/65/65 
f 65/65/65 72/72/72 71/71/71 
f 65/65/65 67/67/67 73/73/73 
f 73/73/73 72/72/72 65/65/65 
f 1100/1100/1100 1465/1465/1465 1492/1492/1492 
f 1487/1487/1487 1101/1101/1101 1485/1485/1485 
f 1163/1163/1163 1099/1099/1099 1166/1166/1166 
f 1141/1141/1141 1139/1139/1139 1270/1270/1270 
f 1264/1264/1264 24/24/24 1215/1215/1215 
f 1113/1113/1113 1236/1236/1236 1125/1125/1125 
f 79/79/79 1156/1156/1156 1213/1213/1213 
f 1225/1225/1225 1102/1102/1102 1251/1251/1251 
f 80/80/80 1470/1470/1470 1538/1538/1538 
f 1157/1157/1157 1105/1105/1105 1473/1473/1473 
f 1101/1101/1101 1227/1227/1227 1485/1485/1485 
f 1109/1109/1109 33/33/33 1123/1123/1123 
f 81/81/81 82/82/82 83/83/83 
f 84/84/84 85/85/85 86/86/86 
f 87/87/87 88/88/88 89/89/89 
f 38/38/38 90/90/90 91/91/91 
f 38/38/38 91/91/91 1177/1177/1177 
f 1077/1077/1077 1140/1140/1140 1276/1276/1276 
f 1169/1169/1169 1077/1077/1077 1171/1171/1171 
f 1158/1158/1158 1096/1096/1096 1167/1167/1167 
f 92/92/92 1103/1103/1103 1106/1106/1106 
f 1450/1450/1450 1438/1438/1438 1529/1529/1529 
f 1478/1478/1478 1438/1438/1438 1527/1527/1527 
f 95/95/95 1498/1498/1498 1550/1550/1550 
f 98/98/98 99/99/99 52/52/52 
f 52/52/52 51/51/51 98/98/98 
f 1486/1486/1486 49/49/49 1456/1456/1456 
f 49/49/49 48/48/48 100/100/100 
f 100/100/100 48/48/48 1480/1480/1480 
f 1479/1479/1479 102/102/102 1480/1480/1480 
f 103/103/103 93/93/93 1490/1490/1490 
f 52/52/52 99/99/99 1490/1490/1490 
f 104/104/104 46/46/46 105/105/105 
f 105/105/105 106/106/106 104/104/104 
f 107/107/107 108/108/108 109/109/109 
f 110/110/110 111/111/111 112/112/112 
f 112/112/112 113/113/113 110/110/110 
f 114/114/114 50/50/50 55/55/55 
f 55/55/55 115/115/115 114/114/114 
f 46/46/46 104/104/104 116/116/116 
f 116/116/116 47/47/47 46/46/46 
f 1333/1333/1333 117/117/117 1337/1337/1337 
f 43/43/43 120/120/120 54/54/54 
f 116/116/116 121/121/121 90/90/90 
f 122/122/122 123/123/123 116/116/116 
f 116/116/116 104/104/104 122/122/122 
f 124/124/124 55/55/55 54/54/54 
f 54/54/54 125/125/125 124/124/124 
f 125/125/125 54/54/54 120/120/120 
f 120/120/120 126/126/126 125/125/125 
f 123/123/123 127/127/127 121/121/121 
f 121/121/121 116/116/116 123/123/123 
f 128/128/128 129/129/129 130/130/130 
f 130/130/130 131/131/131 128/128/128 
f 132/132/132 133/133/133 134/134/134 
f 134/134/134 135/135/135 132/132/132 
f 135/135/135 134/134/134 136/136/136 
f 136/136/136 137/137/137 135/135/135 
f 129/129/129 138/138/138 139/139/139 
f 139/139/139 130/130/130 129/129/129 
f 1332/1332/1332 1323/1323/1323 140/140/140 
f 142/142/142 1291/1291/1291 1287/1287/1287 
f 1298/1298/1298 1353/1353/1353 1297/1297/1297 
f 147/147/147 1283/1283/1283 1318/1318/1318 
f 1413/1413/1413 1393/1393/1393 1419/1419/1419 
f 1082/1082/1082 1304/1304/1304 147/147/147 
f 1129/1129/1129 1228/1228/1228 1147/1147/1147 
f 1290/1290/1290 1300/1300/1300 1204/1204/1204 
f 152/152/152 108/108/108 57/57/57 
f 57/57/57 56/56/56 152/152/152 
f 108/108/108 107/107/107 60/60/60 
f 60/60/60 57/57/57 108/108/108 
f 63/63/63 153/153/153 113/113/113 
f 113/113/113 64/64/64 63/63/63 
f 64/64/64 113/113/113 154/154/154 
f 154/154/154 66/66/66 64/64/64 
f 130/130/130 123/123/123 122/122/122 
f 122/122/122 131/131/131 130/130/130 
f 124/124/124 125/125/125 134/134/134 
f 134/134/134 133/133/133 124/124/124 
f 125/125/125 126/126/126 136/136/136 
f 136/136/136 134/134/134 125/125/125 
f 139/139/139 127/127/127 123/123/123 
f 123/123/123 130/130/130 139/139/139 
f 128/128/128 1272/1272/1272 1320/1320/1320 
f 143/143/143 1291/1291/1291 1233/1233/1233 
f 1307/1307/1307 1230/1230/1230 1319/1319/1319 
f 1299/1299/1299 1082/1082/1082 1278/1278/1278 
f 1308/1308/1308 1205/1205/1205 1317/1317/1317 
f 1286/1286/1286 1299/1299/1299 146/146/146 
f 138/138/138 129/129/129 1310/1310/1310 
f 1326/1326/1326 1330/1330/1330 1343/1343/1343 
f 99/99/99 1477/1477/1477 1493/1493/1493 
f 98/98/98 155/155/155 1477/1477/1477 
f 158/158/158 101/101/101 1456/1456/1456 
f 1456/1456/1456 100/100/100 1494/1494/1494 
f 102/102/102 157/157/157 1494/1494/1494 
f 99/99/99 1493/1493/1493 1490/1490/1490 
f 159/159/159 160/160/160 161/161/161 
f 161/161/161 162/162/162 159/159/159 
f 1464/1464/1464 1528/1528/1528 1538/1538/1538 
f 75/75/75 1467/1467/1467 1517/1517/1517 
f 153/153/153 110/110/110 113/113/113 
f 109/109/109 108/108/108 163/163/163 
f 163/163/163 164/164/164 109/109/109 
f 1590/1590/1590 1594/1594/1594 1586/1586/1586 
f 160/160/160 159/159/159 1484/1484/1484 
f 168/168/168 1484/1484/1484 1437/1437/1437 
f 53/53/53 42/42/42 43/43/43 
f 43/43/43 54/54/54 53/53/53 
f 53/53/53 93/93/93 1478/1478/1478 
f 53/53/53 52/52/52 93/93/93 
f 48/48/48 38/38/38 1469/1469/1469 
f 48/48/48 47/47/47 38/38/38 
f 90/90/90 38/38/38 47/47/47 
f 47/47/47 116/116/116 90/90/90 
f 172/172/172 1561/1561/1561 1532/1532/1532 
f 1574/1574/1574 1547/1547/1547 1431/1431/1431 
f 1549/1549/1549 1592/1592/1592 1540/1540/1540 
f 177/177/177 1526/1526/1526 1510/1510/1510 
f 179/179/179 1495/1495/1495 1468/1468/1468 
f 180/180/180 1533/1533/1533 1560/1560/1560 
f 181/181/181 1509/1509/1509 1525/1525/1525 
f 1594/1594/1594 1590/1590/1590 1598/1598/1598 
f 184/184/184 185/185/185 186/186/186 
f 186/186/186 187/187/187 184/184/184 
f 182/182/182 1435/1435/1435 1483/1483/1483 
f 185/185/185 182/182/182 1483/1483/1483 
f 1391/1391/1391 1401/1401/1401 1389/1389/1389 
f 710/710/710 708/708/708 564/564/564 
f 666/666/666 691/691/691 854/854/854 
f 32/32/32 1102/1102/1102 1174/1174/1174 
f 671/671/671 589/589/589 347/347/347 
f 363/363/363 361/361/361 501/501/501 
f 1054/1054/1054 398/398/398 433/433/433 
f 240/240/240 506/506/506 241/241/241 
f 341/341/341 310/310/310 280/280/280 
f 456/456/456 614/614/614 876/876/876 
f 548/548/548 422/422/422 858/858/858 
f 509/509/509 443/443/443 447/447/447 
f 642/642/642 339/339/339 1029/1029/1029 
f 255/255/255 392/392/392 253/253/253 
f 702/702/702 875/875/875 837/837/837 
f 607/607/607 909/909/909 881/881/881 
f 383/383/383 378/378/378 651/651/651 
f 352/352/352 249/249/249 366/366/366 
f 203/203/203 201/201/201 426/426/426 
f 243/243/243 25/25/25 245/245/245 
f 195/195/195 268/268/268 505/505/505 
f 341/341/341 495/495/495 426/426/426 
f 247/247/247 244/244/244 345/345/345 
f 379/379/379 633/633/633 382/382/382 
f 206/206/206 204/204/204 525/525/525 
f 196/196/196 272/272/272 229/229/229 
f 436/436/436 265/265/265 1064/1064/1064 
f 384/384/384 263/263/263 392/392/392 
f 690/690/690 804/804/804 904/904/904 
f 328/328/328 256/256/256 340/340/340 
f 906/906/906 888/888/888 953/953/953 
f 453/453/453 208/208/208 520/520/520 
f 680/680/680 991/991/991 947/947/947 
f 278/278/278 230/230/230 484/484/484 
f 772/772/772 971/971/971 315/315/315 
f 790/790/790 207/207/207 824/824/824 
f 10/10/10 395/395/395 645/645/645 
f 658/658/658 663/663/663 771/771/771 
f 788/788/788 746/746/746 869/869/869 
f 9/9/9 416/416/416 304/304/304 
f 665/665/665 343/343/343 664/664/664 
f 28/28/28 528/528/528 655/655/655 
f 444/444/444 664/664/664 413/413/413 
f 209/209/209 520/520/520 208/208/208 
f 317/317/317 385/385/385 443/443/443 
f 281/281/281 643/643/643 230/230/230 
f 712/712/712 805/805/805 796/796/796 
f 785/785/785 786/786/786 535/535/535 
f 574/574/574 230/230/230 643/643/643 
f 768/768/768 879/879/879 828/828/828 
f 1057/1057/1057 1064/1064/1064 265/265/265 
f 294/294/294 505/505/505 202/202/202 
f 7/7/7 877/877/877 818/818/818 
f 389/389/389 260/260/260 400/400/400 
f 446/446/446 398/398/398 284/284/284 
f 370/370/370 426/426/426 495/495/495 
f 768/768/768 804/804/804 610/610/610 
f 269/269/269 415/415/415 573/573/573 
f 422/422/422 458/458/458 546/546/546 
f 218/218/218 279/279/279 216/216/216 
f 459/459/459 292/292/292 347/347/347 
f 624/624/624 292/292/292 418/418/418 
f 648/648/648 431/431/431 551/551/551 
f 225/225/225 270/270/270 346/346/346 
f 534/534/534 638/638/638 279/279/279 
f 223/223/223 606/606/606 264/264/264 
f 302/302/302 477/477/477 499/499/499 
f 593/593/593 511/511/511 749/749/749 
f 461/461/461 550/550/550 579/579/579 
f 204/204/204 427/427/427 294/294/294 
f 305/305/305 221/221/221 1070/1070/1070 
f 521/521/521 322/322/322 195/195/195 
f 444/444/444 413/413/413 461/461/461 
f 233/233/233 404/404/404 1050/1050/1050 
f 795/795/795 751/751/751 262/262/262 
f 238/238/238 235/235/235 1090/1090/1090 
f 236/236/236 235/235/235 437/437/437 
f 235/235/235 236/236/236 1088/1088/1088 
f 246/246/246 237/237/237 519/519/519 
f 243/243/243 1090/1090/1090 1165/1165/1165 
f 350/350/350 334/334/334 538/538/538 
f 283/283/283 490/490/490 515/515/515 
f 242/242/242 239/239/239 546/546/546 
f 781/781/781 770/770/770 777/777/777 
f 766/766/766 729/729/729 827/827/827 
f 376/376/376 425/425/425 633/633/633 
f 241/241/241 506/506/506 387/387/387 
f 759/759/759 761/761/761 300/300/300 
f 239/239/239 242/242/242 472/472/472 
f 243/243/243 24/24/24 1218/1218/1218 
f 335/335/335 238/238/238 245/245/245 
f 244/244/244 33/33/33 1109/1109/1109 
f 364/364/364 345/345/345 483/483/483 
f 245/245/245 25/25/25 248/248/248 
f 335/335/335 245/245/245 359/359/359 
f 305/305/305 288/288/288 531/531/531 
f 246/246/246 26/26/26 1098/1098/1098 
f 244/244/244 247/247/247 33/33/33 
f 357/357/357 364/364/364 524/524/524 
f 248/248/248 25/25/25 252/252/252 
f 360/360/360 248/248/248 365/365/365 
f 246/246/246 249/249/249 26/26/26 
f 510/510/510 367/367/367 513/513/513 
f 349/349/349 250/250/250 352/352/352 
f 249/249/249 250/250/250 26/26/26 
f 247/247/247 251/251/251 33/33/33 
f 248/248/248 252/252/252 358/358/358 
f 621/621/621 910/910/910 904/904/904 
f 379/379/379 241/241/241 387/387/387 
f 256/256/256 254/254/254 393/393/393 
f 372/372/372 463/463/463 584/584/584 
f 584/584/584 199/199/199 633/633/633 
f 384/384/384 255/255/255 286/286/286 
f 428/428/428 378/378/378 511/511/511 
f 568/568/568 747/747/747 686/686/686 
f 305/305/305 1070/1070/1070 421/421/421 
f 529/529/529 210/210/210 463/463/463 
f 314/314/314 344/344/344 212/212/212 
f 705/705/705 708/708/708 861/861/861 
f 415/415/415 1063/1063/1063 333/333/333 
f 667/667/667 631/631/631 757/757/757 
f 453/453/453 428/428/428 208/208/208 
f 274/274/274 297/297/297 308/308/308 
f 807/807/807 607/607/607 920/920/920 
f 328/328/328 508/508/508 497/497/497 
f 392/392/392 390/390/390 387/387/387 
f 395/395/395 669/669/669 1060/1060/1060 
f 211/211/211 486/486/486 4/4/4 
f 272/272/272 194/194/194 469/469/469 
f 372/372/372 584/584/584 379/379/379 
f 532/532/532 253/253/253 323/323/323 
f 714/714/714 240/240/240 725/725/725 
f 275/275/275 304/304/304 416/416/416 
f 414/414/414 285/285/285 465/465/465 
f 227/227/227 388/388/388 597/597/597 
f 268/268/268 195/195/195 517/517/517 
f 267/267/267 220/220/220 341/341/341 
f 841/841/841 644/644/644 834/834/834 
f 382/382/382 633/633/633 425/425/425 
f 1677/1677/1677 16/16/16 1681/1681/1681 
f 657/657/657 573/573/573 415/415/415 
f 271/271/271 193/193/193 403/403/403 
f 658/658/658 652/652/652 770/770/770 
f 650/650/650 385/385/385 317/317/317 
f 539/539/539 246/246/246 540/540/540 
f 215/215/215 217/217/217 276/276/276 
f 585/585/585 660/660/660 353/353/353 
f 656/656/656 615/615/615 628/628/628 
f 274/274/274 276/276/276 531/531/531 
f 638/638/638 474/474/474 281/281/281 
f 285/285/285 342/342/342 465/465/465 
f 266/266/266 212/212/212 344/344/344 
f 277/277/277 275/275/275 423/423/423 
f 635/635/635 388/388/388 600/600/600 
f 378/378/378 428/428/428 391/391/391 
f 410/410/410 334/334/334 403/403/403 
f 1613/1613/1613 466/466/466 1618/1618/1618 
f 556/556/556 592/592/592 559/559/559 
f 982/982/982 793/793/793 1022/1022/1022 
f 282/282/282 475/475/475 489/489/489 
f 405/405/405 239/239/239 490/490/490 
f 287/287/287 320/320/320 302/302/302 
f 267/267/267 341/341/341 201/201/201 
f 396/396/396 639/639/639 438/438/438 
f 425/425/425 725/725/725 382/382/382 
f 347/347/347 583/583/583 1055/1055/1055 
f 623/623/623 429/429/429 278/278/278 
f 587/587/587 591/591/591 396/396/396 
f 1108/1108/1108 26/26/26 1184/1184/1184 
f 563/563/563 890/890/890 198/198/198 
f 462/462/462 1053/1053/1053 312/312/312 
f 307/307/307 312/312/312 460/460/460 
f 441/441/441 290/290/290 443/443/443 
f 430/430/430 1066/1066/1066 377/377/377 
f 304/304/304 314/314/314 212/212/212 
f 375/375/375 295/295/295 419/419/419 
f 214/214/214 308/308/308 297/297/297 
f 817/817/817 845/845/845 711/711/711 
f 386/386/386 651/651/651 391/391/391 
f 553/553/553 389/389/389 611/611/611 
f 455/455/455 576/576/576 342/342/342 
f 263/263/263 471/471/471 390/390/390 
f 546/546/546 239/239/239 608/608/608 
f 268/268/268 202/202/202 505/505/505 
f 566/566/566 548/548/548 858/858/858 
f 444/444/444 1059/1059/1059 664/664/664 
f 326/326/326 570/570/570 309/309/309 
f 431/431/431 221/221/221 1061/1061/1061 
f 650/650/650 317/317/317 451/451/451 
f 874/874/874 747/747/747 893/893/893 
f 531/531/531 288/288/288 274/274/274 
f 398/398/398 1054/1054/1054 488/488/488 
f 426/426/426 201/201/201 341/341/341 
f 231/231/231 219/219/219 499/499/499 
f 603/603/603 484/484/484 230/230/230 
f 764/764/764 854/854/854 691/691/691 
f 662/662/662 347/347/347 589/589/589 
f 587/587/587 454/454/454 591/591/591 
f 426/426/426 370/370/370 203/203/203 
f 655/655/655 594/594/594 612/612/612 
f 466/466/466 615/615/615 656/656/656 
f 528/528/528 265/265/265 436/436/436 
f 318/318/318 303/303/303 331/331/331 
f 294/294/294 399/399/399 505/505/505 
f 255/255/255 547/547/547 286/286/286 
f 317/317/317 443/443/443 290/290/290 
f 271/271/271 195/195/195 322/322/322 
f 257/257/257 668/668/668 622/622/622 
f 301/301/301 547/547/547 532/532/532 
f 982/982/982 812/812/812 793/793/793 
f 673/673/673 578/578/578 266/266/266 
f 253/253/253 532/532/532 255/255/255 
f 860/860/860 813/813/813 548/548/548 
f 383/383/383 417/417/417 749/749/749 
f 289/289/289 1055/1055/1055 583/583/583 
f 469/469/469 229/229/229 272/272/272 
f 261/261/261 284/284/284 369/369/369 
f 210/210/210 604/604/604 463/463/463 
f 326/326/326 299/299/299 481/481/481 
f 287/287/287 423/423/423 416/416/416 
f 835/835/835 273/273/273 984/984/984 
f 429/429/429 230/230/230 278/278/278 
f 208/208/208 666/666/666 209/209/209 
f 231/231/231 534/534/534 279/279/279 
f 306/306/306 216/216/216 279/279/279 
f 5/5/5 214/214/214 297/297/297 
f 242/242/242 546/546/546 458/458/458 
f 498/498/498 281/281/281 672/672/672 
f 297/297/297 288/288/288 293/293/293 
f 336/336/336 807/807/807 896/896/896 
f 435/435/435 506/506/506 489/489/489 
f 319/319/319 394/394/394 375/375/375 
f 319/319/319 419/419/419 222/222/222 
f 694/694/694 750/750/750 542/542/542 
f 198/198/198 890/890/890 885/885/885 
f 536/536/536 885/885/885 936/936/936 
f 288/288/288 305/305/305 293/293/293 
f 482/482/482 565/565/565 362/362/362 
f 788/788/788 869/869/869 683/683/683 
f 461/461/461 1052/1052/1052 444/444/444 
f 1057/1057/1057 211/211/211 1064/1064/1064 
f 654/654/654 669/669/669 395/395/395 
f 727/727/727 907/907/907 700/700/700 
f 343/343/343 413/413/413 664/664/664 
f 320/320/320 287/287/287 479/479/479 
f 313/313/313 362/362/362 636/636/636 
f 357/357/357 316/316/316 364/364/364 
f 546/546/546 608/608/608 422/422/422 
f 388/388/388 1065/1065/1065 433/433/433 
f 874/874/874 621/621/621 886/886/886 
f 30/30/30 1058/1058/1058 522/522/522 
f 575/575/575 278/278/278 635/635/635 
f 301/301/301 318/318/318 547/547/547 
f 490/490/490 472/472/472 515/515/515 
f 595/595/595 1066/1066/1066 1045/1045/1045 
f 216/216/216 277/277/277 218/218/218 
f 442/442/442 569/569/569 598/598/598 
f 337/337/337 334/334/334 410/410/410 
f 276/276/276 217/217/217 305/305/305 
f 434/434/434 361/361/361 359/359/359 
f 243/243/243 245/245/245 238/238/238 
f 485/485/485 238/238/238 538/538/538 
f 262/262/262 593/593/593 468/468/468 
f 334/334/334 337/337/337 437/437/437 
f 348/348/348 338/338/338 409/409/409 
f 478/478/478 421/421/421 232/232/232 
f 255/255/255 532/532/532 547/547/547 
f 204/204/204 206/206/206 427/427/427 
f 634/634/634 300/300/300 833/833/833 
f 438/438/438 535/535/535 786/786/786 
f 535/535/535 677/677/677 785/785/785 
f 715/715/715 636/636/636 766/766/766 
f 791/791/791 614/614/614 894/894/894 
f 342/342/342 223/223/223 465/465/465 
f 916/916/916 629/629/629 1038/1038/1038 
f 327/327/327 823/823/823 199/199/199 
f 598/598/598 269/269/269 228/228/228 
f 203/203/203 541/541/541 201/201/201 
f 345/345/345 244/244/244 349/349/349 
f 362/362/362 313/313/313 381/381/381 
f 609/609/609 504/504/504 230/230/230 
f 639/639/639 535/535/535 438/438/438 
f 577/577/577 933/933/933 1037/1037/1037 
f 503/503/503 194/194/194 513/513/513 
f 338/338/338 348/348/348 540/540/540 
f 250/250/250 349/349/349 244/244/244 
f 407/407/407 740/740/740 849/849/849 
f 595/595/595 1045/1045/1045 553/553/553 
f 281/281/281 279/279/279 638/638/638 
f 930/930/930 938/938/938 973/973/973 
f 356/356/356 348/348/348 503/503/503 
f 249/249/249 352/352/352 250/250/250 
f 340/340/340 374/374/374 440/440/440 
f 363/363/363 350/350/350 543/543/543 
f 427/427/427 206/206/206 455/455/455 
f 914/914/914 880/880/880 496/496/496 
f 261/261/261 369/369/369 224/224/224 
f 522/522/522 212/212/212 1051/1051/1051 
f 539/539/539 356/356/356 558/558/558 
f 247/247/247 357/357/357 251/251/251 
f 346/346/346 439/439/439 462/462/462 
f 359/359/359 245/245/245 360/360/360 
f 656/656/656 454/454/454 466/466/466 
f 248/248/248 360/360/360 245/245/245 
f 359/359/359 360/360/360 434/434/434 
f 202/202/202 268/268/268 434/434/434 
f 335/335/335 361/361/361 557/557/557 
f 285/285/285 294/294/294 427/427/427 
f 510/510/510 196/196/196 537/537/537 
f 361/361/361 363/363/363 557/557/557 
f 497/497/497 508/508/508 226/226/226 
f 541/541/541 203/203/203 524/524/524 
f 345/345/345 364/364/364 316/316/316 
f 365/365/365 248/248/248 358/358/358 
f 462/462/462 312/312/312 346/346/346 
f 473/473/473 366/366/366 537/537/537 
f 366/366/366 249/249/249 367/367/367 
f 367/367/367 249/249/249 558/558/558 
f 367/367/367 510/510/510 366/366/366 
f 438/438/438 491/491/491 1615/1615/1615 
f 328/328/328 497/497/497 394/394/394 
f 307/307/307 346/346/346 312/312/312 
f 330/330/330 408/408/408 286/286/286 
f 548/548/548 566/566/566 860/860/860 
f 357/357/357 247/247/247 316/316/316 
f 309/309/309 570/570/570 464/464/464 
f 290/290/290 451/451/451 317/317/317 
f 393/393/393 340/340/340 256/256/256 
f 314/314/314 304/304/304 275/275/275 
f 328/328/328 340/340/340 508/508/508 
f 266/266/266 355/355/355 1051/1051/1051 
f 4/4/4 214/214/214 523/523/523 
f 856/856/856 776/776/776 710/710/710 
f 479/479/479 416/416/416 30/30/30 
f 346/346/346 270/270/270 439/439/439 
f 427/427/427 455/455/455 342/342/342 
f 332/332/332 1065/1065/1065 278/278/278 
f 284/284/284 261/261/261 445/445/445 
f 571/571/571 671/671/671 347/347/347 
f 254/254/254 242/242/242 386/386/386 
f 208/208/208 511/511/511 593/593/593 
f 754/754/754 591/591/591 454/454/454 
f 253/253/253 387/387/387 506/506/506 
f 211/211/211 354/354/354 1064/1064/1064 
f 271/271/271 322/322/322 193/193/193 
f 230/230/230 429/429/429 351/351/351 
f 324/324/324 295/295/295 515/515/515 
f 376/376/376 199/199/199 717/717/717 
f 379/379/379 382/382/382 241/241/241 
f 378/378/378 383/383/383 749/749/749 
f 242/242/242 458/458/458 651/651/651 
f 370/370/370 432/432/432 326/326/326 
f 392/392/392 263/263/263 390/390/390 
f 447/447/447 443/443/443 385/385/385 
f 393/393/393 391/391/391 374/374/374 
f 393/393/393 386/386/386 391/391/391 
f 386/386/386 242/242/242 651/651/651 
f 387/387/387 253/253/253 392/392/392 
f 379/379/379 387/387/387 390/390/390 
f 667/667/667 339/339/339 756/756/756 
f 486/486/486 211/211/211 580/580/580 
f 374/374/374 340/340/340 393/393/393 
f 204/204/204 294/294/294 202/202/202 
f 299/299/299 326/326/326 432/432/432 
f 376/376/376 633/633/633 199/199/199 
f 653/653/653 579/579/579 550/550/550 
f 378/378/378 391/391/391 651/651/651 
f 372/372/372 390/390/390 471/471/471 
f 384/384/384 392/392/392 255/255/255 
f 428/428/428 511/511/511 208/208/208 
f 386/386/386 393/393/393 254/254/254 
f 217/217/217 1061/1061/1061 221/221/221 
f 595/595/595 377/377/377 1066/1066/1066 
f 310/310/310 341/341/341 220/220/220 
f 657/657/657 415/415/415 292/292/292 
f 761/761/761 833/833/833 300/300/300 
f 559/559/559 457/457/457 1069/1069/1069 
f 590/590/590 430/430/430 377/377/377 
f 497/497/497 441/441/441 329/329/329 
f 410/410/410 403/403/403 193/193/193 
f 350/350/350 403/403/403 334/334/334 
f 404/404/404 282/282/282 489/489/489 
f 239/239/239 405/405/405 234/234/234 
f 318/318/318 301/301/301 303/303/303 
f 1042/1042/1042 964/964/964 12/12/12 
f 309/309/309 464/464/464 560/560/560 
f 791/791/791 837/837/837 875/875/875 
f 254/254/254 222/222/222 450/450/450 
f 440/440/440 508/508/508 340/340/340 
f 28/28/28 1057/1057/1057 528/528/528 
f 656/656/656 816/816/816 454/454/454 
f 4/4/4 308/308/308 214/214/214 
f 494/494/494 606/606/606 223/223/223 
f 768/768/768 610/610/610 912/912/912 
f 583/583/583 637/637/637 431/431/431 
f 369/369/369 284/284/284 1056/1056/1056 
f 230/230/230 351/351/351 281/281/281 
f 212/212/212 9/9/9 304/304/304 
f 966/966/966 918/918/918 1012/1012/1012 
f 277/277/277 302/302/302 218/218/218 
f 287/287/287 302/302/302 423/423/423 
f 219/219/219 218/218/218 302/302/302 
f 449/449/449 430/430/430 590/590/590 
f 458/458/458 422/422/422 383/383/383 
f 585/585/585 353/353/353 311/311/311 
f 210/210/210 568/568/568 604/604/604 
f 267/267/267 196/196/196 220/220/220 
f 241/241/241 382/382/382 725/725/725 
f 453/453/453 520/520/520 440/440/440 
f 734/734/734 417/417/417 548/548/548 
f 331/331/331 298/298/298 353/353/353 
f 545/545/545 737/737/737 882/882/882 
f 691/691/691 262/262/262 751/751/751 
f 379/379/379 390/390/390 372/372/372 
f 234/234/234 608/608/608 239/239/239 
f 502/502/502 1063/1063/1063 269/269/269 
f 397/397/397 606/606/606 225/225/225 
f 660/660/660 561/561/561 258/258/258 
f 478/478/478 321/321/321 421/421/421 
f 331/331/331 303/303/303 298/298/298 
f 453/453/453 374/374/374 428/428/428 
f 279/279/279 281/281/281 306/306/306 
f 705/705/705 850/850/850 701/701/701 
f 441/441/441 497/497/497 290/290/290 
f 325/325/325 521/521/521 505/505/505 
f 574/574/574 609/609/609 230/230/230 
f 573/573/573 632/632/632 269/269/269 
f 544/544/544 664/664/664 1059/1059/1059 
f 498/498/498 643/643/643 281/281/281 
f 461/461/461 413/413/413 550/550/550 
f 603/603/603 230/230/230 504/504/504 
f 678/678/678 652/652/652 842/842/842 
f 553/553/553 1062/1062/1062 389/389/389 
f 798/798/798 883/883/883 7/7/7 
f 613/613/613 211/211/211 1057/1057/1057 
f 747/747/747 874/874/874 686/686/686 
f 801/801/801 678/678/678 815/815/815 
f 517/517/517 434/434/434 268/268/268 
f 335/335/335 359/359/359 361/361/361 
f 240/240/240 489/489/489 506/506/506 
f 507/507/507 311/311/311 353/353/353 
f 411/411/411 292/292/292 333/333/333 
f 623/623/623 278/278/278 620/620/620 
f 437/437/437 337/337/337 518/518/518 
f 437/437/437 235/235/235 485/485/485 
f 397/397/397 264/264/264 606/606/606 
f 583/583/583 347/347/347 476/476/476 
f 808/808/808 911/911/911 649/649/649 
f 258/258/258 626/626/626 660/660/660 
f 479/479/479 287/287/287 416/416/416 
f 296/296/296 645/645/645 402/402/402 
f 321/321/321 480/480/480 293/293/293 
f 232/232/232 648/648/648 551/551/551 
f 653/653/653 311/311/311 579/579/579 
f 324/324/324 419/419/419 295/295/295 
f 477/477/477 302/302/302 320/320/320 
f 328/328/328 394/394/394 319/319/319 
f 408/408/408 330/330/330 380/380/380 
f 494/494/494 270/270/270 606/606/606 
f 200/200/200 873/873/873 894/894/894 
f 384/384/384 408/408/408 263/263/263 
f 493/493/493 570/570/570 481/481/481 
f 324/324/324 222/222/222 419/419/419 
f 212/212/212 1058/1058/1058 9/9/9 
f 262/262/262 468/468/468 734/734/734 
f 199/199/199 584/584/584 604/604/604 
f 828/828/828 879/879/879 686/686/686 
f 253/253/253 506/506/506 435/435/435 
f 297/297/297 480/480/480 5/5/5 
f 472/472/472 450/450/450 324/324/324 
f 254/254/254 450/450/450 242/242/242 
f 275/275/275 416/416/416 423/423/423 
f 215/215/215 1061/1061/1061 217/217/217 
f 593/593/593 666/666/666 208/208/208 
f 554/554/554 645/645/645 395/395/395 
f 224/224/224 481/481/481 299/299/299 
f 897/897/897 848/848/848 999/999/999 
f 582/582/582 735/735/735 840/840/840 
f 567/567/567 209/209/209 666/666/666 
f 481/481/481 224/224/224 369/369/369 
f 219/219/219 279/279/279 218/218/218 
f 550/550/550 343/343/343 665/665/665 
f 196/196/196 229/229/229 220/220/220 
f 391/391/391 428/428/428 374/374/374 
f 549/549/549 400/400/400 260/260/260 
f 203/203/203 370/370/370 205/205/205 
f 223/223/223 576/576/576 494/494/494 
f 385/385/385 260/260/260 447/447/447 
f 297/297/297 274/274/274 288/288/288 
f 301/301/301 532/532/532 514/514/514 
f 227/227/227 600/600/600 388/388/388 
f 415/415/415 269/269/269 1063/1063/1063 
f 618/618/618 10/10/10 296/296/296 
f 417/417/417 383/383/383 422/422/422 
f 266/266/266 1051/1051/1051 212/212/212 
f 798/798/798 767/767/767 883/883/883 
f 221/221/221 305/305/305 217/217/217 
f 277/277/277 423/423/423 302/302/302 
f 588/588/588 544/544/544 213/213/213 
f 369/369/369 1056/1056/1056 368/368/368 
f 616/616/616 292/292/292 640/640/640 
f 650/650/650 549/549/549 385/385/385 
f 370/370/370 560/560/560 205/205/205 
f 677/677/677 535/535/535 775/775/775 
f 454/454/454 587/587/587 466/466/466 
f 313/313/313 542/542/542 381/381/381 
f 427/427/427 342/342/342 285/285/285 
f 289/289/289 583/583/583 431/431/431 
f 345/345/345 316/316/316 247/247/247 
f 435/435/435 323/323/323 253/253/253 
f 618/618/618 296/296/296 266/266/266 
f 310/310/310 220/220/220 229/229/229 
f 817/817/817 711/711/711 706/706/706 
f 324/324/324 450/450/450 222/222/222 
f 450/450/450 472/472/472 242/242/242 
f 473/473/473 201/201/201 483/483/483 
f 345/345/345 349/349/349 483/483/483 
f 281/281/281 474/474/474 672/672/672 
f 708/708/708 710/710/710 776/776/776 
f 9/9/9 30/30/30 416/416/416 
f 582/582/582 840/840/840 789/789/789 
f 599/599/599 470/470/470 257/257/257 
f 753/753/753 729/729/729 833/833/833 
f 636/636/636 362/362/362 565/565/565 
f 708/708/708 705/705/705 564/564/564 
f 493/493/493 481/481/481 368/368/368 
f 470/470/470 424/424/424 257/257/257 
f 648/648/648 421/421/421 1070/1070/1070 
f 601/601/601 269/269/269 632/632/632 
f 483/483/483 201/201/201 541/541/541 
f 473/473/473 483/483/483 349/349/349 
f 529/529/529 463/463/463 471/471/471 
f 488/488/488 284/284/284 398/398/398 
f 238/238/238 485/485/485 235/235/235 
f 437/437/437 485/485/485 334/334/334 
f 368/368/368 481/481/481 369/369/369 
f 453/453/453 440/440/440 374/374/374 
f 939/939/939 872/872/872 946/946/946 
f 330/330/330 286/286/286 331/331/331 
f 225/225/225 606/606/606 270/270/270 
f 693/693/693 454/454/454 816/816/816 
f 323/323/323 489/489/489 475/475/475 
f 489/489/489 240/240/240 1050/1050/1050 
f 773/773/773 794/794/794 759/759/759 
f 405/405/405 490/490/490 283/283/283 
f 226/226/226 622/622/622 497/497/497 
f 435/435/435 489/489/489 323/323/323 
f 472/472/472 490/490/490 239/239/239 
f 395/395/395 1060/1060/1060 554/554/554 
f 466/466/466 396/396/396 1619/1619/1619 
f 714/714/714 530/530/530 718/718/718 
f 618/618/618 266/266/266 578/578/578 
f 544/544/544 1059/1059/1059 213/213/213 
f 231/231/231 279/279/279 219/219/219 
f 352/352/352 473/473/473 349/349/349 
f 409/409/409 194/194/194 503/503/503 
f 461/461/461 579/579/579 1052/1052/1052 
f 403/403/403 350/350/350 512/512/512 
f 384/384/384 286/286/286 408/408/408 
f 434/434/434 360/360/360 526/526/526 
f 231/231/231 499/499/499 477/477/477 
f 592/592/592 457/457/457 559/559/559 
f 837/837/837 791/791/791 873/873/873 
f 512/512/512 501/501/501 271/271/271 
f 350/350/350 363/363/363 512/512/512 
f 212/212/212 522/522/522 1058/1058/1058 
f 307/307/307 401/401/401 346/346/346 
f 409/409/409 503/503/503 348/348/348 
f 272/272/272 513/513/513 194/194/194 
f 372/372/372 471/471/471 463/463/463 
f 1256/1256/1256 1114/1114/1114 1260/1260/1260 
f 260/260/260 389/389/389 844/844/844 
f 562/562/562 471/471/471 263/263/263 
f 294/294/294 285/285/285 399/399/399 
f 366/366/366 473/473/473 352/352/352 
f 347/347/347 1055/1055/1055 459/459/459 
f 750/750/750 694/694/694 796/796/796 
f 321/321/321 293/293/293 305/305/305 
f 885/885/885 872/872/872 675/675/675 
f 823/823/823 259/259/259 850/850/850 
f 594/594/594 664/664/664 612/612/612 
f 655/655/655 528/528/528 594/594/594 
f 356/356/356 513/513/513 367/367/367 
f 319/319/319 222/222/222 256/256/256 
f 853/853/853 695/695/695 941/941/941 
f 501/501/501 512/512/512 363/363/363 
f 403/403/403 512/512/512 271/271/271 
f 513/513/513 272/272/272 510/510/510 
f 503/503/503 513/513/513 356/356/356 
f 318/318/318 331/331/331 286/286/286 
f 223/223/223 342/342/342 576/576/576 
f 30/30/30 9/9/9 1058/1058/1058 
f 323/323/323 475/475/475 514/514/514 
f 362/362/362 381/381/381 1614/1614/1614 
f 254/254/254 256/256/256 222/222/222 
f 501/501/501 517/517/517 195/195/195 
f 733/733/733 868/868/868 802/802/802 
f 437/437/437 518/518/518 236/236/236 
f 519/519/519 338/338/338 552/552/552 
f 412/412/412 482/482/482 1620/1620/1620 
f 302/302/302 499/499/499 219/219/219 
f 641/641/641 258/258/258 561/561/561 
f 370/370/370 495/495/495 432/432/432 
f 324/324/324 515/515/515 472/472/472 
f 1261/1261/1261 1204/1204/1204 1300/1300/1300 
f 934/934/934 924/924/924 986/986/986 
f 305/305/305 531/531/531 276/276/276 
f 365/365/365 526/526/526 360/360/360 
f 434/434/434 526/526/526 202/202/202 
f 588/588/588 1069/1069/1069 457/457/457 
f 211/211/211 4/4/4 291/291/291 
f 605/605/605 418/418/418 292/292/292 
f 588/588/588 213/213/213 1069/1069/1069 
f 264/264/264 465/465/465 223/223/223 
f 196/196/196 510/510/510 272/272/272 
f 225/225/225 401/401/401 397/397/397 
f 517/517/517 501/501/501 361/361/361 
f 526/526/526 525/525/525 204/204/204 
f 358/358/358 525/525/525 365/365/365 
f 434/434/434 517/517/517 361/361/361 
f 442/442/442 460/460/460 312/312/312 
f 195/195/195 505/505/505 521/521/521 
f 524/524/524 364/364/364 541/541/541 
f 990/990/990 903/903/903 1039/1039/1039 
f 639/639/639 396/396/396 591/591/591 
f 905/905/905 926/926/926 808/808/808 
f 7/7/7 883/883/883 877/877/877 
f 525/525/525 526/526/526 365/365/365 
f 613/613/613 580/580/580 211/211/211 
f 473/473/473 537/537/537 201/201/201 
f 537/537/537 366/366/366 510/510/510 
f 538/538/538 238/238/238 543/543/543 
f 485/485/485 538/538/538 334/334/334 
f 246/246/246 539/539/539 249/249/249 
f 356/356/356 539/539/539 348/348/348 
f 539/539/539 540/540/540 348/348/348 
f 540/540/540 246/246/246 552/552/552 
f 483/483/483 541/541/541 364/364/364 
f 205/205/205 524/524/524 203/203/203 
f 854/854/854 764/764/764 200/200/200 
f 319/319/319 256/256/256 328/328/328 
f 543/543/543 238/238/238 557/557/557 
f 538/538/538 543/543/543 350/350/350 
f 1670/1670/1670 18/18/18 1676/1676/1676 
f 267/267/267 201/201/201 537/537/537 
f 597/597/597 388/388/388 398/398/398 
f 297/297/297 293/293/293 480/480/480 
f 267/267/267 537/537/537 196/196/196 
f 329/329/329 394/394/394 497/497/497 
f 493/493/493 464/464/464 570/570/570 
f 325/325/325 505/505/505 399/399/399 
f 318/318/318 286/286/286 547/547/547 
f 1053/1053/1053 502/502/502 569/569/569 
f 627/627/627 412/412/412 644/644/644 
f 326/326/326 481/481/481 570/570/570 
f 311/311/311 507/507/507 555/555/555 
f 630/630/630 278/278/278 575/575/575 
f 519/519/519 552/552/552 246/246/246 
f 540/540/540 552/552/552 338/338/338 
f 309/309/309 370/370/370 326/326/326 
f 414/414/414 399/399/399 285/285/285 
f 679/679/679 631/631/631 814/814/814 
f 555/555/555 1052/1052/1052 579/579/579 
f 388/388/388 278/278/278 1065/1065/1065 
f 445/445/445 446/446/446 284/284/284 
f 565/565/565 482/482/482 634/634/634 
f 290/290/290 668/668/668 451/451/451 
f 572/572/572 1032/1032/1032 516/516/516 
f 543/543/543 557/557/557 363/363/363 
f 539/539/539 558/558/558 249/249/249 
f 367/367/367 558/558/558 356/356/356 
f 335/335/335 557/557/557 238/238/238 
f 842/842/842 771/771/771 931/931/931 
f 5/5/5 523/523/523 214/214/214 
f 1073/1073/1073 1067/1067/1067 1199/1199/1199 
f 620/620/620 278/278/278 630/630/630 
f 323/323/323 514/514/514 532/532/532 
f 471/471/471 562/562/562 529/529/529 
f 554/554/554 402/402/402 645/645/645 
f 330/330/330 660/660/660 626/626/626 
f 555/555/555 579/579/579 311/311/311 
f 383/383/383 651/651/651 458/458/458 
f 662/662/662 476/476/476 347/347/347 
f 782/782/782 984/984/984 820/820/820 
f 726/726/726 765/765/765 809/809/809 
f 509/509/509 441/441/441 443/443/443 
f 266/266/266 296/296/296 355/355/355 
f 327/327/327 879/879/879 823/823/823 
f 388/388/388 433/433/433 398/398/398 
f 308/308/308 4/4/4 486/486/486 
f 296/296/296 402/402/402 355/355/355 
f 813/813/813 706/706/706 734/734/734 
f 705/705/705 717/717/717 850/850/850 
f 823/823/823 850/850/850 717/717/717 
f 757/757/757 925/925/925 897/897/897 
f 787/787/787 676/676/676 773/773/773 
f 724/724/724 974/974/974 994/994/994 
f 330/330/330 353/353/353 660/660/660 
f 605/605/605 292/292/292 411/411/411 
f 567/567/567 200/200/200 847/847/847 
f 831/831/831 784/784/784 744/744/744 
f 584/584/584 633/633/633 379/379/379 
f 290/290/290 622/622/622 668/668/668 
f 269/269/269 598/598/598 569/569/569 
f 553/553/553 1045/1045/1045 1062/1062/1062 
f 666/666/666 593/593/593 691/691/691 
f 668/668/668 257/257/257 424/424/424 
f 8/8/8 794/794/794 792/792/792 
f 656/656/656 628/628/628 816/816/816 
f 683/683/683 824/824/824 207/207/207 
f 670/670/670 553/553/553 611/611/611 
f 459/459/459 640/640/640 292/292/292 
f 680/680/680 1021/1021/1021 1001/1001/1001 
f 838/838/838 197/197/197 808/808/808 
f 321/321/321 305/305/305 421/421/421 
f 832/832/832 866/866/866 677/677/677 
f 468/468/468 749/749/749 417/417/417 
f 773/773/773 792/792/792 794/794/794 
f 571/571/571 292/292/292 624/624/624 
f 596/596/596 258/258/258 641/641/641 
f 644/644/644 787/787/787 300/300/300 
f 582/582/582 809/809/809 806/806/806 
f 415/415/415 333/333/333 292/292/292 
f 431/431/431 1061/1061/1061 289/289/289 
f 482/482/482 412/412/412 627/627/627 
f 785/785/785 685/685/685 803/803/803 
f 436/436/436 1064/1064/1064 354/354/354 
f 674/674/674 663/663/663 781/781/781 
f 601/601/601 228/228/228 269/269/269 
f 637/637/637 583/583/583 476/476/476 
f 627/627/627 634/634/634 482/482/482 
f 225/225/225 346/346/346 401/401/401 
f 889/889/889 703/703/703 197/197/197 
f 343/343/343 550/550/550 413/413/413 
f 260/260/260 385/385/385 549/549/549 
f 661/661/661 880/880/880 846/846/846 
f 380/380/380 330/330/330 626/626/626 
f 269/269/269 569/569/569 502/502/502 
f 265/265/265 528/528/528 1057/1057/1057 
f 373/373/373 965/965/965 731/731/731 
f 373/373/373 756/756/756 820/820/820 
f 388/388/388 635/635/635 278/278/278 
f 798/798/798 7/7/7 733/733/733 
f 523/523/523 291/291/291 4/4/4 
f 211/211/211 291/291/291 354/354/354 
f 442/442/442 312/312/312 569/569/569 
f 669/669/669 654/654/654 611/611/611 
f 10/10/10 645/645/645 296/296/296 
f 551/551/551 431/431/431 637/637/637 
f 431/431/431 648/648/648 221/221/221 
f 648/648/648 232/232/232 421/421/421 
f 616/616/616 657/657/657 292/292/292 
f 344/344/344 673/673/673 266/266/266 
f 1053/1053/1053 569/569/569 312/312/312 
f 780/780/780 667/667/667 756/756/756 
f 611/611/611 400/400/400 669/669/669 
f 396/396/396 466/466/466 587/587/587 
f 306/306/306 281/281/281 351/351/351 
f 774/774/774 877/877/877 832/832/832 
f 412/412/412 467/467/467 834/834/834 
f 682/682/682 882/882/882 789/789/789 
f 507/507/507 353/353/353 298/298/298 
f 8/8/8 746/746/746 788/788/788 
f 684/684/684 676/676/676 841/841/841 
f 646/646/646 197/197/197 703/703/703 
f 278/278/278 484/484/484 332/332/332 
f 329/329/329 375/375/375 394/394/394 
f 720/720/720 826/826/826 806/806/806 
f 594/594/594 665/665/665 664/664/664 
f 875/875/875 887/887/887 692/692/692 
f 742/742/742 849/849/849 1013/1013/1013 
f 950/950/950 922/922/922 943/943/943 
f 789/789/789 882/882/882 737/737/737 
f 585/585/585 311/311/311 653/653/653 
f 713/713/713 628/628/628 752/752/752 
f 400/400/400 611/611/611 389/389/389 
f 908/908/908 675/675/675 872/872/872 
f 798/798/798 733/733/733 802/802/802 
f 375/375/375 419/419/419 319/319/319 
f 795/795/795 871/871/871 863/863/863 
f 527/527/527 970/970/970 1029/1029/1029 
f 191/191/191 259/259/259 768/768/768 
f 852/852/852 564/564/564 701/701/701 
f 853/853/853 979/979/979 748/748/748 
f 914/914/914 922/922/922 952/952/952 
f 591/591/591 689/689/689 639/639/639 
f 313/313/313 836/836/836 542/542/542 
f 692/692/692 646/646/646 876/876/876 
f 771/771/771 772/772/772 1002/1002/1002 
f 682/682/682 868/868/868 882/882/882 
f 376/376/376 861/861/861 425/425/425 
f 790/790/790 862/862/862 736/736/736 
f 780/780/780 859/859/859 814/814/814 
f 644/644/644 300/300/300 627/627/627 
f 736/736/736 11/11/11 796/796/796 
f 666/666/666 854/854/854 567/567/567 
f 536/536/536 864/864/864 923/923/923 
f 571/571/571 347/347/347 292/292/292 
f 797/797/797 1014/1014/1014 956/956/956 
f 6/6/6 721/721/721 619/619/619 
f 463/463/463 604/604/604 584/584/584 
f 8/8/8 792/792/792 884/884/884 
f 841/841/841 467/467/467 867/867/867 
f 746/746/746 915/915/915 869/869/869 
f 192/192/192 863/863/863 871/871/871 
f 746/746/746 659/659/659 915/915/915 
f 533/533/533 273/273/273 835/835/835 
f 761/761/761 763/763/763 753/753/753 
f 841/841/841 867/867/867 684/684/684 
f 8/8/8 884/884/884 746/746/746 
f 766/766/766 805/805/805 715/715/715 
f 746/746/746 744/744/744 921/921/921 
f 659/659/659 921/921/921 846/846/846 
f 955/955/955 755/755/755 1019/1019/1019 
f 758/758/758 698/698/698 937/937/937 
f 621/621/621 198/198/198 910/910/910 
f 736/736/736 796/796/796 805/805/805 
f 376/376/376 705/705/705 861/861/861 
f 860/860/860 709/709/709 813/813/813 
f 795/795/795 845/845/845 871/871/871 
f 711/711/711 734/734/734 706/706/706 
f 420/420/420 856/856/856 530/530/530 
f 191/191/191 870/870/870 259/259/259 
f 856/856/856 420/420/420 776/776/776 
f 840/840/840 830/830/830 743/743/743 
f 924/924/924 1015/1015/1015 962/962/962 
f 548/548/548 813/813/813 734/734/734 
f 795/795/795 863/863/863 751/751/751 
f 804/804/804 768/768/768 886/886/886 
f 715/715/715 712/712/712 836/836/836 
f 608/608/608 234/234/234 719/719/719 
f 720/720/720 713/713/713 826/826/826 
f 240/240/240 714/714/714 233/233/233 
f 530/530/530 714/714/714 420/420/420 
f 679/679/679 851/851/851 631/631/631 
f 800/800/800 487/487/487 965/965/965 
f 500/500/500 1038/1038/1038 919/919/919 
f 771/771/771 842/842/842 652/652/652 
f 764/764/764 751/751/751 863/863/863 
f 828/828/828 686/686/686 874/874/874 
f 714/714/714 718/718/718 233/233/233 
f 608/608/608 719/719/719 858/858/858 
f 735/735/735 582/582/582 806/806/806 
f 621/621/621 874/874/874 198/198/198 
f 721/721/721 647/647/647 688/688/688 
f 733/733/733 882/882/882 868/868/868 
f 885/885/885 675/675/675 910/910/910 
f 629/629/629 919/919/919 1038/1038/1038 
f 875/875/875 702/702/702 887/887/887 
f 696/696/696 728/728/728 800/800/800 
f 420/420/420 725/725/725 425/425/425 
f 241/241/241 725/725/725 240/240/240 
f 636/636/636 565/565/565 833/833/833 
f 714/714/714 725/725/725 420/420/420 
f 696/696/696 647/647/647 1033/1033/1033 
f 629/629/629 916/916/916 1023/1023/1023 
f 753/753/753 833/833/833 761/761/761 
f 929/929/929 918/918/918 1026/1026/1026 
f 730/730/730 572/572/572 770/770/770 
f 808/808/808 649/649/649 938/938/938 
f 731/731/731 965/965/965 487/487/487 
f 500/500/500 814/814/814 859/859/859 
f 843/843/843 866/866/866 745/745/745 
f 704/704/704 692/692/692 887/887/887 
f 738/738/738 207/207/207 827/827/827 
f 790/790/790 824/824/824 862/862/862 
f 422/422/422 548/548/548 417/417/417 
f 417/417/417 734/734/734 468/468/468 
f 735/735/735 29/29/29 830/830/830 
f 693/693/693 720/720/720 806/806/806 
f 694/694/694 542/542/542 836/836/836 
f 705/705/705 701/701/701 564/564/564 
f 828/828/828 886/886/886 768/768/768 
f 545/545/545 733/733/733 7/7/7 
f 766/766/766 827/827/827 805/805/805 
f 8/8/8 788/788/788 794/794/794 
f 865/865/865 500/500/500 919/919/919 
f 713/713/713 720/720/720 816/816/816 
f 313/313/313 636/636/636 836/836/836 
f 765/765/765 693/693/693 806/806/806 
f 837/837/837 192/192/192 913/913/913 
f 739/739/739 533/533/533 970/970/970 
f 761/761/761 759/759/759 763/763/763 
f 875/875/875 692/692/692 791/791/791 
f 535/535/535 639/639/639 689/689/689 
f 807/807/807 336/336/336 767/767/767 
f 568/568/568 327/327/327 604/604/604 
f 696/696/696 968/968/968 688/688/688 
f 545/545/545 882/882/882 733/733/733 
f 685/685/685 677/677/677 866/866/866 
f 784/784/784 900/900/900 891/891/891 
f 881/881/881 920/920/920 607/607/607 
f 593/593/593 749/749/749 468/468/468 
f 378/378/378 749/749/749 511/511/511 
f 783/783/783 737/737/737 818/818/818 
f 262/262/262 734/734/734 711/711/711 
f 614/614/614 456/456/456 892/892/892 
f 818/818/818 760/760/760 783/783/783 
f 752/752/752 29/29/29 826/826/826 
f 717/717/717 199/199/199 823/823/823 
f 726/726/726 754/754/754 454/454/454 
f 691/691/691 751/751/751 764/764/764 
f 711/711/711 795/795/795 262/262/262 
f 755/755/755 1039/1039/1039 903/903/903 
f 676/676/676 787/787/787 644/644/644 
f 756/756/756 339/339/339 782/782/782 
f 572/572/572 777/777/777 770/770/770 
f 757/757/757 631/631/631 851/851/851 
f 726/726/726 809/809/809 754/754/754 
f 757/757/757 527/527/527 1029/1029/1029 
f 759/759/759 300/300/300 787/787/787 
f 831/831/831 744/744/744 884/884/884 
f 591/591/591 762/762/762 689/689/689 
f 774/774/774 760/760/760 818/818/818 
f 729/729/729 753/753/753 827/827/827 
f 634/634/634 627/627/627 300/300/300 
f 760/760/760 689/689/689 762/762/762 
f 7/7/7 818/818/818 545/545/545 
f 763/763/763 794/794/794 738/738/738 
f 738/738/738 794/794/794 788/788/788 
f 754/754/754 762/762/762 591/591/591 
f 971/971/971 674/674/674 740/740/740 
f 582/582/582 737/737/737 809/809/809 
f 693/693/693 765/765/765 454/454/454 
f 452/452/452 805/805/805 827/827/827 
f 798/798/798 602/602/602 767/767/767 
f 765/765/765 726/726/726 454/454/454 
f 614/614/614 791/791/791 692/692/692 
f 729/729/729 766/766/766 636/636/636 
f 950/950/950 943/943/943 1009/1009/1009 
f 1022/1022/1022 989/989/989 982/982/982 
f 767/767/767 602/602/602 909/909/909 
f 516/516/516 492/492/492 572/572/572 
f 658/658/658 770/770/770 663/663/663 
f 704/704/704 646/646/646 692/692/692 
f 658/658/658 771/771/771 652/652/652 
f 808/808/808 197/197/197 911/911/911 
f 674/674/674 772/772/772 663/663/663 
f 192/192/192 837/837/837 863/863/863 
f 773/773/773 831/831/831 792/792/792 
f 412/412/412 834/834/834 644/644/644 
f 760/760/760 774/774/774 775/775/775 
f 644/644/644 841/841/841 676/676/676 
f 977/977/977 811/811/811 779/779/779 
f 679/679/679 812/812/812 851/851/851 
f 448/448/448 960/960/960 923/923/923 
f 339/339/339 667/667/667 1029/1029/1029 
f 921/921/921 744/744/744 932/932/932 
f 772/772/772 771/771/771 663/663/663 
f 851/851/851 812/812/812 925/925/925 
f 712/712/712 796/796/796 694/694/694 
f 770/770/770 652/652/652 801/801/801 
f 731/731/731 780/780/780 373/373/373 
f 667/667/667 780/780/780 631/631/631 
f 770/770/770 781/781/781 663/663/663 
f 715/715/715 805/805/805 712/712/712 
f 782/782/782 339/339/339 835/835/835 
f 619/619/619 820/820/820 984/984/984 
f 885/885/885 536/536/536 872/872/872 
f 200/200/200 567/567/567 854/854/854 
f 902/902/902 707/707/707 957/957/957 
f 781/781/781 777/777/777 1013/1013/1013 
f 831/831/831 773/773/773 676/676/676 
f 685/685/685 785/785/785 677/677/677 
f 841/841/841 834/834/834 467/467/467 
f 577/577/577 1037/1037/1037 989/989/989 
f 780/780/780 756/756/756 373/373/373 
f 949/949/949 857/857/857 996/996/996 
f 736/736/736 452/452/452 790/790/790 
f 822/822/822 945/945/945 981/981/981 
f 897/897/897 978/978/978 848/848/848 
f 607/607/607 807/807/807 767/767/767 
f 11/11/11 736/736/736 829/829/829 
f 788/788/788 683/683/683 207/207/207 
f 535/535/535 689/689/689 775/775/775 
f 743/743/743 723/723/723 840/840/840 
f 617/617/617 942/942/942 1016/1016/1016 
f 373/373/373 688/688/688 968/968/968 
f 1026/1026/1026 1036/1036/1036 929/929/929 
f 577/577/577 1022/1022/1022 778/778/778 
f 979/979/979 924/924/924 1007/1007/1007 
f 794/794/794 763/763/763 759/759/759 
f 730/730/730 586/586/586 819/819/819 
f 998/998/998 964/964/964 1030/1030/1030 
f 839/839/839 948/948/948 697/697/697 
f 822/822/822 1001/1001/1001 1021/1021/1021 
f 804/804/804 690/690/690 610/610/610 
f 738/738/738 788/788/788 207/207/207 
f 752/752/752 826/826/826 713/713/713 
f 902/902/902 888/888/888 707/707/707 
f 572/572/572 730/730/730 907/907/907 
f 821/821/821 681/681/681 996/996/996 
f 696/696/696 965/965/965 968/968/968 
f 782/782/782 820/820/820 756/756/756 
f 730/730/730 801/801/801 586/586/586 
f 678/678/678 801/801/801 652/652/652 
f 978/978/978 982/982/982 989/989/989 
f 814/814/814 631/631/631 780/780/780 
f 847/847/847 200/200/200 894/894/894 
f 772/772/772 674/674/674 971/971/971 
f 872/872/872 536/536/536 923/923/923 
f 855/855/855 904/904/904 910/910/910 
f 781/781/781 1013/1013/1013 849/849/849 
f 736/736/736 805/805/805 452/452/452 
f 977/977/977 1034/1034/1034 810/810/810 
f 735/735/735 806/806/806 826/826/826 
f 715/715/715 836/836/836 636/636/636 
f 745/745/745 883/883/883 767/767/767 
f 406/406/406 954/954/954 993/993/993 
f 891/891/891 661/661/661 932/932/932 
f 763/763/763 827/827/827 753/753/753 
f 745/745/745 767/767/767 336/336/336 
f 937/937/937 895/895/895 943/943/943 
f 789/789/789 840/840/840 723/723/723 
f 492/492/492 516/516/516 722/722/722 
f 873/873/873 200/200/200 764/764/764 
f 709/709/709 817/817/817 706/706/706 
f 770/770/770 801/801/801 730/730/730 
f 823/823/823 879/879/879 259/259/259 
f 801/801/801 815/815/815 586/586/586 
f 776/776/776 420/420/420 861/861/861 
f 780/780/780 731/731/731 859/859/859 
f 713/713/713 816/816/816 628/628/628 
f 395/395/395 10/10/10 654/654/654 
f 795/795/795 711/711/711 845/845/845 
f 967/967/967 1003/1003/1003 976/976/976 
f 819/819/819 917/917/917 700/700/700 
f 681/681/681 895/895/895 996/996/996 
f 500/500/500 487/487/487 1038/1038/1038 
f 688/688/688 373/373/373 619/619/619 
f 783/783/783 809/809/809 737/737/737 
f 750/750/750 796/796/796 11/11/11 
f 850/850/850 259/259/259 870/870/870 
f 790/790/790 452/452/452 207/207/207 
f 820/820/820 619/619/619 373/373/373 
f 735/735/735 830/830/830 840/840/840 
f 327/327/327 686/686/686 879/879/879 
f 744/744/744 746/746/746 884/884/884 
f 582/582/582 789/789/789 737/737/737 
f 735/735/735 826/826/826 29/29/29 
f 452/452/452 827/827/827 207/207/207 
f 737/737/737 545/545/545 818/818/818 
f 693/693/693 816/816/816 720/720/720 
f 951/951/951 898/898/898 969/969/969 
f 829/829/829 736/736/736 862/862/862 
f 940/940/940 707/707/707 888/888/888 
f 197/197/197 838/838/838 935/935/935 
f 634/634/634 833/833/833 565/565/565 
f 983/983/983 810/810/810 1046/1046/1046 
f 775/775/775 774/774/774 677/677/677 
f 831/831/831 676/676/676 625/625/625 
f 636/636/636 833/833/833 729/729/729 
f 759/759/759 787/787/787 773/773/773 
f 832/832/832 745/745/745 866/866/866 
f 642/642/642 835/835/835 339/339/339 
f 741/741/741 984/984/984 273/273/273 
f 694/694/694 836/836/836 712/712/712 
f 899/899/899 898/898/898 945/945/945 
f 905/905/905 901/901/901 926/926/926 
f 776/776/776 861/861/861 708/708/708 
f 961/961/961 406/406/406 697/697/697 
f 778/778/778 1044/1044/1044 1010/1010/1010 
f 760/760/760 775/775/775 689/689/689 
f 948/948/948 839/839/839 901/901/901 
f 774/774/774 818/818/818 877/877/877 
f 832/832/832 883/883/883 745/745/745 
f 425/425/425 861/861/861 420/420/420 
f 706/706/706 813/813/813 709/709/709 
f 642/642/642 970/970/970 533/533/533 
f 678/678/678 842/842/842 811/811/811 
f 533/533/533 835/835/835 642/642/642 
f 765/765/765 806/806/806 809/809/809 
f 705/705/705 376/376/376 717/717/717 
f 732/732/732 1004/1004/1004 1034/1034/1034 
f 850/850/850 870/870/870 852/852/852 
f 983/983/983 1025/1025/1025 810/810/810 
f 688/688/688 619/619/619 721/721/721 
f 998/998/998 1030/1030/1030 1000/1000/1000 
f 956/956/956 716/716/716 1035/1035/1035 
f 768/768/768 259/259/259 879/879/879 
f 905/905/905 808/808/808 930/930/930 
f 496/496/496 891/891/891 900/900/900 
f 781/781/781 849/849/849 674/674/674 
f 954/954/954 406/406/406 699/699/699 
f 1028/1028/1028 933/933/933 1010/1010/1010 
f 832/832/832 877/877/877 883/883/883 
f 837/837/837 873/873/873 863/863/863 
f 985/985/985 778/778/778 1022/1022/1022 
f 492/492/492 13/13/13 1013/1013/1013 
f 928/928/928 1044/1044/1044 1018/1018/1018 
f 684/684/684 625/625/625 676/676/676 
f 742/742/742 407/407/407 849/849/849 
f 785/785/785 491/491/491 786/786/786 
f 748/748/748 878/878/878 972/972/972 
f 832/832/832 677/677/677 774/774/774 
f 698/698/698 758/758/758 944/944/944 
f 785/785/785 803/803/803 491/491/491 
f 889/889/889 456/456/456 703/703/703 
f 199/199/199 604/604/604 327/327/327 
f 762/762/762 783/783/783 760/760/760 
f 566/566/566 858/858/858 719/719/719 
f 608/608/608 858/858/858 422/422/422 
f 500/500/500 859/859/859 731/731/731 
f 755/755/755 994/994/994 14/14/14 
f 563/563/563 198/198/198 874/874/874 
f 646/646/646 825/825/825 911/911/911 
f 977/977/977 1025/1025/1025 811/811/811 
f 438/438/438 786/786/786 491/491/491 
f 568/568/568 686/686/686 327/327/327 
f 789/789/789 723/723/723 682/682/682 
f 764/764/764 863/863/863 873/873/873 
f 674/674/674 849/849/849 740/740/740 
f 13/13/13 492/492/492 722/722/722 
f 262/262/262 691/691/691 593/593/593 
f 982/982/982 978/978/978 1043/1043/1043 
f 831/831/831 884/884/884 792/792/792 
f 857/857/857 998/998/998 1000/1000/1000 
f 448/448/448 695/695/695 960/960/960 
f 874/874/874 886/886/886 828/828/828 
f 804/804/804 886/886/886 621/621/621 
f 878/878/878 748/748/748 979/979/979 
f 661/661/661 891/891/891 496/496/496 
f 918/918/918 929/929/929 1027/1027/1027 
f 920/920/920 881/881/881 953/953/953 
f 876/876/876 703/703/703 456/456/456 
f 890/890/890 936/936/936 885/885/885 
f 614/614/614 892/892/892 894/894/894 
f 874/874/874 893/893/893 563/563/563 
f 791/791/791 894/894/894 873/873/873 
f 847/847/847 894/894/894 892/892/892 
f 819/819/819 586/586/586 956/956/956 
f 621/621/621 904/904/904 804/804/804 
f 940/940/940 888/888/888 969/969/969 
f 336/336/336 896/896/896 843/843/843 
f 798/798/798 802/802/802 602/602/602 
f 757/757/757 897/897/897 527/527/527 
f 732/732/732 1034/1034/1034 779/779/779 
f 448/448/448 923/923/923 864/864/864 
f 371/371/371 901/901/901 839/839/839 
f 872/872/872 923/923/923 946/946/946 
f 496/496/496 900/900/900 944/944/944 
f 784/784/784 891/891/891 744/744/744 
f 800/800/800 1020/1020/1020 1038/1038/1038 
f 902/902/902 807/807/807 920/920/920 
f 646/646/646 704/704/704 825/825/825 
f 942/942/942 617/617/617 975/975/975 
f 1026/1026/1026 810/810/810 1036/1036/1036 
f 843/843/843 745/745/745 336/336/336 
f 988/988/988 697/697/697 993/993/993 
f 902/902/902 896/896/896 807/807/807 
f 692/692/692 876/876/876 614/614/614 
f 777/777/777 572/572/572 492/492/492 
f 688/688/688 647/647/647 696/696/696 
f 1011/1011/1011 966/966/966 1017/1017/1017 
f 885/885/885 910/910/910 198/198/198 
f 855/855/855 910/910/910 958/958/958 
f 911/911/911 825/825/825 959/959/959 
f 646/646/646 911/911/911 197/197/197 
f 768/768/768 912/912/912 191/191/191 
f 837/837/837 913/913/913 702/702/702 
f 758/758/758 922/922/922 914/914/914 
f 940/940/940 898/898/898 899/899/899 
f 758/758/758 914/914/914 496/496/496 
f 954/954/954 1024/1024/1024 1012/1012/1012 
f 797/797/797 1005/1005/1005 1014/1014/1014 
f 767/767/767 909/909/909 607/607/607 
f 853/853/853 748/748/748 960/960/960 
f 661/661/661 496/496/496 880/880/880 
f 724/724/724 919/919/919 974/974/974 
f 888/888/888 906/906/906 969/969/969 
f 646/646/646 703/703/703 876/876/876 
f 819/819/819 956/956/956 917/917/917 
f 1008/1008/1008 697/697/697 948/948/948 
f 838/838/838 808/808/808 926/926/926 
f 746/746/746 921/921/921 659/659/659 
f 865/865/865 919/919/919 724/724/724 
f 997/997/997 1028/1028/1028 1010/1010/1010 
f 758/758/758 943/943/943 922/922/922 
f 905/905/905 930/930/930 948/948/948 
f 851/851/851 925/925/925 757/757/757 
f 842/842/842 931/931/931 811/811/811 
f 994/994/994 903/903/903 724/724/724 
f 921/921/921 932/932/932 846/846/846 
f 891/891/891 932/932/932 744/744/744 
f 197/197/197 935/935/935 889/889/889 
f 536/536/536 936/936/936 864/864/864 
f 872/872/872 939/939/939 908/908/908 
f 976/976/976 962/962/962 1015/1015/1015 
f 941/941/941 987/987/987 986/986/986 
f 675/675/675 908/908/908 958/958/958 
f 991/991/991 680/680/680 1019/1019/1019 
f 945/945/945 947/947/947 995/995/995 
f 937/937/937 943/943/943 758/758/758 
f 943/943/943 895/895/895 1009/1009/1009 
f 496/496/496 944/944/944 758/758/758 
f 939/939/939 946/946/946 972/972/972 
f 946/946/946 923/923/923 960/960/960 
f 800/800/800 965/965/965 696/696/696 
f 769/769/769 948/948/948 973/973/973 
f 905/905/905 948/948/948 901/901/901 
f 857/857/857 949/949/949 992/992/992 
f 681/681/681 821/821/821 980/980/980 
f 898/898/898 951/951/951 981/981/981 
f 914/914/914 952/952/952 880/880/880 
f 920/920/920 953/953/953 888/888/888 
f 907/907/907 1032/1032/1032 572/572/572 
f 934/934/934 986/986/986 987/987/987 
f 928/928/928 1003/1003/1003 997/997/997 
f 931/931/931 779/779/779 811/811/811 
f 797/797/797 956/956/956 586/586/586 
f 998/998/998 992/992/992 1041/1041/1041 
f 902/902/902 957/957/957 896/896/896 
f 675/675/675 958/958/958 910/910/910 
f 911/911/911 959/959/959 649/649/649 
f 972/972/972 946/946/946 748/748/748 
f 853/853/853 960/960/960 695/695/695 
f 406/406/406 961/961/961 699/699/699 
f 994/994/994 755/755/755 903/903/903 
f 808/808/808 938/938/938 930/930/930 
f 800/800/800 728/728/728 1020/1020/1020 
f 997/997/997 1010/1010/1010 1044/1044/1044 
f 1019/1019/1019 799/799/799 955/955/955 
f 1006/1006/1006 989/989/989 1037/1037/1037 
f 947/947/947 945/945/945 1021/1021/1021 
f 1015/1015/1015 934/934/934 1016/1016/1016 
f 967/967/967 997/997/997 1003/1003/1003 
f 960/960/960 748/748/748 946/946/946 
f 373/373/373 968/968/968 965/965/965 
f 951/951/951 969/969/969 906/906/906 
f 940/940/940 969/969/969 898/898/898 
f 963/963/963 954/954/954 1012/1012/1012 
f 371/371/371 839/839/839 697/697/697 
f 930/930/930 973/973/973 948/948/948 
f 629/629/629 974/974/974 919/919/919 
f 755/755/755 955/955/955 1039/1039/1039 
f 918/918/918 966/966/966 1011/1011/1011 
f 581/581/581 988/988/988 993/993/993 
f 697/697/697 988/988/988 371/371/371 
f 697/697/697 1008/1008/1008 961/961/961 
f 769/769/769 1008/1008/1008 948/948/948 
f 978/978/978 989/989/989 1048/1048/1048 
f 897/897/897 925/925/925 1043/1043/1043 
f 681/681/681 980/980/980 1009/1009/1009 
f 898/898/898 981/981/981 945/945/945 
f 925/925/925 812/812/812 1043/1043/1043 
f 956/956/956 1035/1035/1035 917/917/917 
f 629/629/629 1023/1023/1023 974/974/974 
f 979/979/979 853/853/853 986/986/986 
f 963/963/963 1012/1012/1012 1027/1027/1027 
f 778/778/778 985/985/985 1049/1049/1049 
f 941/941/941 986/986/986 853/853/853 
f 979/979/979 986/986/986 924/924/924 
f 934/934/934 987/987/987 617/617/617 
f 755/755/755 14/14/14 1019/1019/1019 
f 1002/1002/1002 779/779/779 931/931/931 
f 315/315/315 1002/1002/1002 772/772/772 
f 907/907/907 727/727/727 1032/1032/1032 
f 928/928/928 997/997/997 1044/1044/1044 
f 406/406/406 993/993/993 697/697/697 
f 1024/1024/1024 699/699/699 687/687/687 
f 1028/1028/1028 997/997/997 942/942/942 
f 821/821/821 996/996/996 857/857/857 
f 945/945/945 995/995/995 899/899/899 
f 975/975/975 1028/1028/1028 942/942/942 
f 990/990/990 724/724/724 903/903/903 
f 942/942/942 997/997/997 967/967/967 
f 998/998/998 12/12/12 964/964/964 
f 992/992/992 998/998/998 857/857/857 
f 897/897/897 999/999/999 527/527/527 
f 857/857/857 1000/1000/1000 821/821/821 
f 1019/1019/1019 680/680/680 799/799/799 
f 1031/1031/1031 1014/1014/1014 1005/1005/1005 
f 581/581/581 993/993/993 954/954/954 
f 696/696/696 1033/1033/1033 728/728/728 
f 835/835/835 984/984/984 782/782/782 
f 979/979/979 1007/1007/1007 878/878/878 
f 962/962/962 1007/1007/1007 924/924/924 
f 1006/1006/1006 1048/1048/1048 989/989/989 
f 1031/1031/1031 1005/1005/1005 1042/1042/1042 
f 977/977/977 810/810/810 1025/1025/1025 
f 950/950/950 1009/1009/1009 980/980/980 
f 681/681/681 1009/1009/1009 895/895/895 
f 577/577/577 1010/1010/1010 933/933/933 
f 577/577/577 778/778/778 1010/1010/1010 
f 927/927/927 1017/1017/1017 966/966/966 
f 6/6/6 619/619/619 984/984/984 
f 966/966/966 1012/1012/1012 1024/1024/1024 
f 6/6/6 984/984/984 741/741/741 
f 742/742/742 1013/1013/1013 13/13/13 
f 492/492/492 1013/1013/1013 777/777/777 
f 976/976/976 1015/1015/1015 967/967/967 
f 934/934/934 1015/1015/1015 924/924/924 
f 967/967/967 1016/1016/1016 942/942/942 
f 617/617/617 1016/1016/1016 934/934/934 
f 1011/1011/1011 1017/1017/1017 1047/1047/1047 
f 778/778/778 1018/1018/1018 1044/1044/1044 
f 1001/1001/1001 799/799/799 680/680/680 
f 1019/1019/1019 14/14/14 1040/1040/1040 
f 977/977/977 779/779/779 1034/1034/1034 
f 819/819/819 700/700/700 907/907/907 
f 822/822/822 1021/1021/1021 945/945/945 
f 947/947/947 1021/1021/1021 680/680/680 
f 985/985/985 1022/1022/1022 793/793/793 
f 724/724/724 990/990/990 865/865/865 
f 1024/1024/1024 687/687/687 927/927/927 
f 1015/1015/1015 1016/1016/1016 967/967/967 
f 966/966/966 1024/1024/1024 927/927/927 
f 699/699/699 1024/1024/1024 954/954/954 
f 12/12/12 1031/1031/1031 1042/1042/1042 
f 1014/1014/1014 1031/1031/1031 716/716/716 
f 1004/1004/1004 1036/1036/1036 810/810/810 
f 1026/1026/1026 1011/1011/1011 1046/1046/1046 
f 918/918/918 1027/1027/1027 1012/1012/1012 
f 819/819/819 907/907/907 730/730/730 
f 642/642/642 1029/1029/1029 970/970/970 
f 757/757/757 1029/1029/1029 667/667/667 
f 918/918/918 1011/1011/1011 1026/1026/1026 
f 1022/1022/1022 577/577/577 989/989/989 
f 1004/1004/1004 810/810/810 1034/1034/1034 
f 1002/1002/1002 931/931/931 771/771/771 
f 1019/1019/1019 1040/1040/1040 991/991/991 
f 998/998/998 1041/1041/1041 12/12/12 
f 330/330/330 331/331/331 353/353/353 
f 800/800/800 1038/1038/1038 487/487/487 
f 982/982/982 1043/1043/1043 812/812/812 
f 897/897/897 1043/1043/1043 978/978/978 
f 916/916/916 1038/1038/1038 1020/1020/1020 
f 290/290/290 497/497/497 622/622/622 
f 983/983/983 1046/1046/1046 1047/1047/1047 
f 1026/1026/1026 1046/1046/1046 810/810/810 
f 1011/1011/1011 1047/1047/1047 1046/1046/1046 
f 978/978/978 1048/1048/1048 848/848/848 
f 778/778/778 1049/1049/1049 1018/1018/1018 
f 233/233/233 1050/1050/1050 240/240/240 
f 489/489/489 1050/1050/1050 404/404/404 
f 648/648/648 1070/1070/1070 221/221/221 
f 1078/1078/1078 1071/1071/1071 1211/1211/1211 
f 1115/1115/1115 1112/1112/1112 1182/1182/1182 
f 1128/1128/1128 1124/1124/1124 1238/1238/1238 
f 1067/1067/1067 1073/1073/1073 1239/1239/1239 
f 1157/1157/1157 1113/1113/1113 1258/1258/1258 
f 1075/1075/1075 1162/1162/1162 1222/1222/1222 
f 1134/1134/1134 1133/1133/1133 1216/1216/1216 
f 1074/1074/1074 1162/1162/1162 1217/1217/1217 
f 1144/1144/1144 44/44/44 1155/1155/1155 
f 1152/1152/1152 1099/1099/1099 1250/1250/1250 
f 79/79/79 1095/1095/1095 1145/1145/1145 
f 1168/1168/1168 35/35/35 1476/1476/1476 
f 1078/1078/1078 1206/1206/1206 1198/1198/1198 
f 1091/1091/1091 1079/1079/1079 1152/1152/1152 
f 1142/1142/1142 1139/1139/1139 1271/1271/1271 
f 1146/1146/1146 1097/1097/1097 1170/1170/1170 
f 1077/1077/1077 1080/1080/1080 1168/1168/1168 
f 1087/1087/1087 1081/1081/1081 1315/1315/1315 
f 1283/1283/1283 149/149/149 1285/1285/1285 
f 1280/1280/1280 1082/1082/1082 1205/1205/1205 
f 1209/1209/1209 1083/1083/1083 1314/1314/1314 
f 151/151/151 1233/1233/1233 1291/1291/1291 
f 1110/1110/1110 1224/1224/1224 1243/1243/1243 
f 1314/1314/1314 1322/1322/1322 1209/1209/1209 
f 149/149/149 147/147/147 1304/1304/1304 
f 1086/1086/1086 1169/1169/1169 1221/1221/1221 
f 1145/1145/1145 1143/1143/1143 1267/1267/1267 
f 1288/1288/1288 1087/1087/1087 1229/1229/1229 
f 1316/1316/1316 1283/1283/1283 1325/1325/1325 
f 1092/1092/1092 1088/1088/1088 1172/1172/1172 
f 1089/1089/1089 237/237/237 1098/1098/1098 
f 1090/1090/1090 235/235/235 1092/1092/1092 
f 238/238/238 1090/1090/1090 243/243/243 
f 38/38/38 1091/1091/1091 1181/1181/1181 
f 1158/1158/1158 1091/1091/1091 1177/1177/1177 
f 1088/1088/1088 1092/1092/1092 235/235/235 
f 1090/1090/1090 1092/1092/1092 1174/1174/1174 
f 1093/1093/1093 1202/1202/1202 1161/1161/1161 
f 42/42/42 1093/1093/1093 43/43/43 
f 1141/1141/1141 1263/1263/1263 1275/1275/1275 
f 1269/1269/1269 36/36/36 1273/1273/1273 
f 1096/1096/1096 76/76/76 1142/1142/1142 
f 1096/1096/1096 91/91/91 1106/1106/1106 
f 1097/1097/1097 36/36/36 1104/1104/1104 
f 1097/1097/1097 34/34/34 1161/1161/1161 
f 246/246/246 1098/1098/1098 237/237/237 
f 1098/1098/1098 1108/1108/1108 1178/1178/1178 
f 45/45/45 1101/1101/1101 1180/1180/1180 
f 1154/1154/1154 1076/1076/1076 1166/1166/1166 
f 74/74/74 1471/1471/1471 1487/1487/1487 
f 1250/1250/1250 1100/1100/1100 1492/1492/1492 
f 1101/1101/1101 45/45/45 1207/1207/1207 
f 1100/1100/1100 1099/1099/1099 1180/1180/1180 
f 1102/1102/1102 32/32/32 1247/1247/1247 
f 1102/1102/1102 24/24/24 1165/1165/1165 
f 1096/1096/1096 1103/1103/1103 76/76/76 
f 1097/1097/1097 1104/1104/1104 1107/1107/1107 
f 1105/1105/1105 1476/1476/1476 1576/1576/1576 
f 1105/1105/1105 78/78/78 1171/1171/1171 
f 1096/1096/1096 1106/1106/1106 1103/1103/1103 
f 1097/1097/1097 1107/1107/1107 34/34/34 
f 1108/1108/1108 27/27/27 1173/1173/1173 
f 1135/1135/1135 1116/1116/1116 1226/1226/1226 
f 244/244/244 1109/1109/1109 26/26/26 
f 1071/1071/1071 1068/1068/1068 1197/1197/1197 
f 1500/1500/1500 1429/1429/1429 1513/1513/1513 
f 1153/1153/1153 1147/1147/1147 1228/1228/1228 
f 1243/1243/1243 1196/1196/1196 1429/1429/1429 
f 35/35/35 1202/1202/1202 1093/1093/1093 
f 1205/1205/1205 1277/1277/1277 1306/1306/1306 
f 1071/1071/1071 1182/1182/1182 1265/1265/1265 
f 1244/1244/1244 1268/1268/1268 1113/1113/1113 
f 1110/1110/1110 1074/1074/1074 1223/1223/1223 
f 1116/1116/1116 1114/1114/1114 1183/1183/1183 
f 1184/1184/1184 1109/1109/1109 1260/1260/1260 
f 1192/1192/1192 1115/1115/1115 1193/1193/1193 
f 1328/1328/1328 1356/1356/1356 1354/1354/1354 
f 1183/1183/1183 1160/1160/1160 1249/1249/1249 
f 1114/1114/1114 1116/1116/1116 1201/1201/1201 
f 1187/1187/1187 1117/1117/1117 1199/1199/1199 
f 1241/1241/1241 1127/1127/1127 1186/1186/1186 
f 1323/1323/1323 1151/1151/1151 1360/1360/1360 
f 1122/1122/1122 1118/1118/1118 1219/1219/1219 
f 1190/1190/1190 1119/1119/1119 1188/1188/1188 
f 1185/1185/1185 1119/1119/1119 1189/1189/1189 
f 1124/1124/1124 1120/1120/1120 1212/1212/1212 
f 1130/1130/1130 1120/1120/1120 1214/1214/1214 
f 1083/1083/1083 1209/1209/1209 1329/1329/1329 
f 1126/1126/1126 1121/1121/1121 1259/1259/1259 
f 1474/1474/1474 1122/1122/1122 1430/1430/1430 
f 1207/1207/1207 1122/1122/1122 1227/1227/1227 
f 1126/1126/1126 1123/1123/1123 1208/1208/1208 
f 1123/1123/1123 33/33/33 1137/1137/1137 
f 1212/1212/1212 1075/1075/1075 1238/1238/1238 
f 1120/1120/1120 1124/1124/1124 1213/1213/1213 
f 1130/1130/1130 1125/1125/1125 1223/1223/1223 
f 1113/1113/1113 1125/1125/1125 1246/1246/1246 
f 1121/1121/1121 1126/1126/1126 1197/1197/1197 
f 1123/1123/1123 1126/1126/1126 1259/1259/1259 
f 1117/1117/1117 1127/1127/1127 1240/1240/1240 
f 1110/1110/1110 1243/1243/1243 1500/1500/1500 
f 1136/1136/1136 1129/1129/1129 1215/1215/1215 
f 1074/1074/1074 1110/1110/1110 1153/1153/1153 
f 1120/1120/1120 1130/1130/1130 1217/1217/1217 
f 1125/1125/1125 1130/1130/1130 1221/1221/1221 
f 1194/1194/1194 129/129/129 1313/1313/1313 
f 1138/1138/1138 1132/1132/1132 1248/1248/1248 
f 1075/1075/1075 1216/1216/1216 1210/1210/1210 
f 1131/1131/1131 1133/1133/1133 1247/1247/1247 
f 1136/1136/1136 1134/1134/1134 1216/1216/1216 
f 1147/1147/1147 1253/1253/1253 1129/1129/1129 
f 1138/1138/1138 1135/1135/1135 1226/1226/1226 
f 1201/1201/1201 1135/1135/1135 1257/1257/1257 
f 1129/1129/1129 1136/1136/1136 1222/1222/1222 
f 142/142/142 1322/1322/1322 1284/1284/1284 
f 1137/1137/1137 1211/1211/1211 1123/1123/1123 
f 1190/1190/1190 1265/1265/1265 1182/1182/1182 
f 1266/1266/1266 1138/1138/1138 1248/1248/1248 
f 76/76/76 1094/1094/1094 1270/1270/1270 
f 1076/1076/1076 1079/1079/1079 1271/1271/1271 
f 1146/1146/1146 1140/1140/1140 1273/1273/1273 
f 1140/1140/1140 1077/1077/1077 1143/1143/1143 
f 1076/1076/1076 1275/1275/1275 1263/1263/1263 
f 1141/1141/1141 1094/1094/1094 1144/1144/1144 
f 1142/1142/1142 76/76/76 1274/1274/1274 
f 1079/1079/1079 1167/1167/1167 1271/1271/1271 
f 1077/1077/1077 1086/1086/1086 1267/1267/1267 
f 1143/1143/1143 1095/1095/1095 1269/1269/1269 
f 44/44/44 1144/1144/1144 1094/1094/1094 
f 1085/1085/1085 1263/1263/1263 1155/1155/1155 
f 1086/1086/1086 1156/1156/1156 1267/1267/1267 
f 1143/1143/1143 1145/1145/1145 1095/1095/1095 
f 1097/1097/1097 1146/1146/1146 36/36/36 
f 1080/1080/1080 1276/1276/1276 1170/1170/1170 
f 147/147/147 1278/1278/1278 1082/1082/1082 
f 1297/1297/1297 1315/1315/1315 1302/1302/1302 
f 1298/1298/1298 1334/1334/1334 1344/1344/1344 
f 1330/1330/1330 1323/1323/1323 1349/1349/1349 
f 1281/1281/1281 1329/1329/1329 1209/1209/1209 
f 1386/1386/1386 1363/1363/1363 141/141/141 
f 1235/1235/1235 1245/1245/1245 1153/1153/1153 
f 1301/1301/1301 1149/1149/1149 1336/1336/1336 
f 1152/1152/1152 1079/1079/1079 1154/1154/1154 
f 39/39/39 1181/1181/1181 1250/1250/1250 
f 1200/1200/1200 1243/1243/1243 1224/1224/1224 
f 1149/1149/1149 1301/1301/1301 1329/1329/1329 
f 1076/1076/1076 1154/1154/1154 1079/1079/1079 
f 1152/1152/1152 1154/1154/1154 1099/1099/1099 
f 1144/1144/1144 1155/1155/1155 1263/1263/1263 
f 1186/1186/1186 1111/1111/1111 1185/1185/1185 
f 1156/1156/1156 1086/1086/1086 1214/1214/1214 
f 1145/1145/1145 1156/1156/1156 79/79/79 
f 1105/1105/1105 1157/1157/1157 78/78/78 
f 1157/1157/1157 1491/1491/1491 1244/1244/1244 
f 1096/1096/1096 1158/1158/1158 91/91/91 
f 1091/1091/1091 1158/1158/1158 1079/1079/1079 
f 1293/1293/1293 1159/1159/1159 1382/1382/1382 
f 1297/1297/1297 1334/1334/1334 1298/1298/1298 
f 1188/1188/1188 1111/1111/1111 1187/1187/1187 
f 1160/1160/1160 1067/1067/1067 1249/1249/1249 
f 1093/1093/1093 1161/1161/1161 34/34/34 
f 1161/1161/1161 1080/1080/1080 1170/1170/1170 
f 1162/1162/1162 1074/1074/1074 1228/1228/1228 
f 1162/1162/1162 1075/1075/1075 1212/1212/1212 
f 1099/1099/1099 1163/1163/1163 45/45/45 
f 1263/1263/1263 1085/1085/1085 1076/1076/1076 
f 1163/1163/1163 1164/1164/1164 45/45/45 
f 1189/1189/1189 1112/1112/1112 1192/1192/1192 
f 243/243/243 1165/1165/1165 24/24/24 
f 1165/1165/1165 1090/1090/1090 1176/1176/1176 
f 1163/1163/1163 1166/1166/1166 1076/1076/1076 
f 1154/1154/1154 1166/1166/1166 1099/1099/1099 
f 1158/1158/1158 1167/1167/1167 1079/1079/1079 
f 1142/1142/1142 1167/1167/1167 1096/1096/1096 
f 35/35/35 1168/1168/1168 1202/1202/1202 
f 1168/1168/1168 1105/1105/1105 1175/1175/1175 
f 1077/1077/1077 1169/1169/1169 1086/1086/1086 
f 1169/1169/1169 78/78/78 1246/1246/1246 
f 1146/1146/1146 1170/1170/1170 1276/1276/1276 
f 1161/1161/1161 1170/1170/1170 1097/1097/1097 
f 1169/1169/1169 1171/1171/1171 78/78/78 
f 1171/1171/1171 1077/1077/1077 1175/1175/1175 
f 1172/1172/1172 32/32/32 1179/1179/1179 
f 1173/1173/1173 1089/1089/1089 1178/1178/1178 
f 1174/1174/1174 1092/1092/1092 1179/1179/1179 
f 1174/1174/1174 1102/1102/1102 1176/1176/1176 
f 1168/1168/1168 1175/1175/1175 1077/1077/1077 
f 1171/1171/1171 1175/1175/1175 1105/1105/1105 
f 1165/1165/1165 1176/1176/1176 1102/1102/1102 
f 1174/1174/1174 1176/1176/1176 1090/1090/1090 
f 38/38/38 1177/1177/1177 1091/1091/1091 
f 1158/1158/1158 1177/1177/1177 91/91/91 
f 1098/1098/1098 1178/1178/1178 1089/1089/1089 
f 1173/1173/1173 1178/1178/1178 1108/1108/1108 
f 1172/1172/1172 1179/1179/1179 1092/1092/1092 
f 1174/1174/1174 1179/1179/1179 32/32/32 
f 45/45/45 1180/1180/1180 1099/1099/1099 
f 1100/1100/1100 1180/1180/1180 1101/1101/1101 
f 1181/1181/1181 39/39/39 1475/1475/1475 
f 1152/1152/1152 1181/1181/1181 1091/1091/1091 
f 1182/1182/1182 1071/1071/1071 1191/1191/1191 
f 1182/1182/1182 1112/1112/1112 1190/1190/1190 
f 1554/1554/1554 1588/1588/1588 1442/1442/1442 
f 1121/1121/1121 1183/1183/1183 1114/1114/1114 
f 1114/1114/1114 1201/1201/1201 1260/1260/1260 
f 1109/1109/1109 1184/1184/1184 26/26/26 
f 1155/1155/1155 1185/1185/1185 1085/1085/1085 
f 1119/1119/1119 1185/1185/1185 1111/1111/1111 
f 44/44/44 1186/1186/1186 1155/1155/1155 
f 1111/1111/1111 1186/1186/1186 1117/1117/1117 
f 1160/1160/1160 1187/1187/1187 1067/1067/1067 
f 1117/1117/1117 1187/1187/1187 1111/1111/1111 
f 1068/1068/1068 1188/1188/1188 1160/1160/1160 
f 1111/1111/1111 1188/1188/1188 1119/1119/1119 
f 1085/1085/1085 1189/1189/1189 1164/1164/1164 
f 1112/1112/1112 1189/1189/1189 1119/1119/1119 
f 1119/1119/1119 1190/1190/1190 1112/1112/1112 
f 1068/1068/1068 1265/1265/1265 1188/1188/1188 
f 1191/1191/1191 1071/1071/1071 1198/1198/1198 
f 1115/1115/1115 1191/1191/1191 1118/1118/1118 
f 1164/1164/1164 1192/1192/1192 45/45/45 
f 1115/1115/1115 1192/1192/1192 1112/1112/1112 
f 1192/1192/1192 1193/1193/1193 45/45/45 
f 1118/1118/1118 1193/1193/1193 1115/1115/1115 
f 1193/1193/1193 1118/1118/1118 1207/1207/1207 
f 1204/1204/1204 1272/1272/1272 1290/1290/1290 
f 1398/1398/1398 144/144/144 1388/1388/1388 
f 1182/1182/1182 1191/1191/1191 1115/1115/1115 
f 1160/1160/1160 1183/1183/1183 1068/1068/1068 
f 1196/1196/1196 1200/1200/1200 1236/1236/1236 
f 1197/1197/1197 1126/1126/1126 1220/1220/1220 
f 1197/1197/1197 1068/1068/1068 1183/1183/1183 
f 1117/1117/1117 1186/1186/1186 1127/1127/1127 
f 1191/1191/1191 1198/1198/1198 1206/1206/1206 
f 1199/1199/1199 1117/1117/1117 1240/1240/1240 
f 1187/1187/1187 1199/1199/1199 1067/1067/1067 
f 1255/1255/1255 1305/1305/1305 1312/1312/1312 
f 1186/1186/1186 1185/1185/1185 1155/1155/1155 
f 1237/1237/1237 1210/1210/1210 1133/1133/1133 
f 1135/1135/1135 1201/1201/1201 1116/1116/1116 
f 1080/1080/1080 1202/1202/1202 1168/1168/1168 
f 1188/1188/1188 1187/1187/1187 1160/1160/1160 
f 1272/1272/1272 1204/1204/1204 1313/1313/1313 
f 1185/1185/1185 1189/1189/1189 1085/1085/1085 
f 1082/1082/1082 1299/1299/1299 1277/1277/1277 
f 1190/1190/1190 1188/1188/1188 1265/1265/1265 
f 1286/1286/1286 1277/1277/1277 1299/1299/1299 
f 1189/1189/1189 1192/1192/1192 1164/1164/1164 
f 1191/1191/1191 1206/1206/1206 1118/1118/1118 
f 1206/1206/1206 1078/1078/1078 1481/1481/1481 
f 1122/1122/1122 1207/1207/1207 1118/1118/1118 
f 1193/1193/1193 1207/1207/1207 45/45/45 
f 1208/1208/1208 1071/1071/1071 1220/1220/1220 
f 1208/1208/1208 1123/1123/1123 1211/1211/1211 
f 1277/1277/1277 1286/1286/1286 1230/1230/1230 
f 1197/1197/1197 1183/1183/1183 1121/1121/1121 
f 1184/1184/1184 1201/1201/1201 1108/1108/1108 
f 1075/1075/1075 1210/1210/1210 1072/1072/1072 
f 1211/1211/1211 1137/1137/1137 1234/1234/1234 
f 1208/1208/1208 1211/1211/1211 1071/1071/1071 
f 1194/1194/1194 1203/1203/1203 1310/1310/1310 
f 1212/1212/1212 1120/1120/1120 1232/1232/1232 
f 1213/1213/1213 1124/1124/1124 1242/1242/1242 
f 1341/1341/1341 1159/1159/1159 1361/1361/1361 
f 1245/1245/1245 1235/1235/1235 1500/1500/1500 
f 1214/1214/1214 1120/1120/1120 1213/1213/1213 
f 1282/1282/1282 1252/1252/1252 1231/1231/1231 
f 1238/1238/1238 1124/1124/1124 1212/1212/1212 
f 1147/1147/1147 1153/1153/1153 1245/1245/1245 
f 1216/1216/1216 1133/1133/1133 1210/1210/1210 
f 1100/1100/1100 1250/1250/1250 1099/1099/1099 
f 1217/1217/1217 1162/1162/1162 1232/1232/1232 
f 1247/1247/1247 1133/1133/1133 1251/1251/1251 
f 1264/1264/1264 1218/1218/1218 24/24/24 
f 1430/1430/1430 1219/1219/1219 1503/1503/1503 
f 1206/1206/1206 1219/1219/1219 1118/1118/1118 
f 1197/1197/1197 1220/1220/1220 1071/1071/1071 
f 1208/1208/1208 1220/1220/1220 1126/1126/1126 
f 1221/1221/1221 1130/1130/1130 1214/1214/1214 
f 1221/1221/1221 1169/1169/1169 1254/1254/1254 
f 1222/1222/1222 1136/1136/1136 1216/1216/1216 
f 1291/1291/1291 142/142/142 1321/1321/1321 
f 1223/1223/1223 1125/1125/1125 1224/1224/1224 
f 1223/1223/1223 1074/1074/1074 1217/1217/1217 
f 1224/1224/1224 1125/1125/1125 1236/1236/1236 
f 1223/1223/1223 1224/1224/1224 1110/1110/1110 
f 1102/1102/1102 1225/1225/1225 24/24/24 
f 1136/1136/1136 1225/1225/1225 1134/1134/1134 
f 1236/1236/1236 1113/1113/1113 1268/1268/1268 
f 1226/1226/1226 1116/1116/1116 1249/1249/1249 
f 1227/1227/1227 1122/1122/1122 1474/1474/1474 
f 1207/1207/1207 1227/1227/1227 1101/1101/1101 
f 1153/1153/1153 1228/1228/1228 1074/1074/1074 
f 1228/1228/1228 1129/1129/1129 1222/1222/1222 
f 1128/1128/1128 1242/1242/1242 1124/1124/1124 
f 1213/1213/1213 1242/1242/1242 79/79/79 
f 1303/1303/1303 1279/1279/1279 1261/1261/1261 
f 1072/1072/1072 1238/1238/1238 1075/1075/1075 
f 1203/1203/1203 1261/1261/1261 1279/1279/1279 
f 1214/1214/1214 1213/1213/1213 1156/1156/1156 
f 1212/1212/1212 1232/1232/1232 1162/1162/1162 
f 1217/1217/1217 1232/1232/1232 1120/1120/1120 
f 1131/1131/1131 1237/1237/1237 1133/1133/1133 
f 1237/1237/1237 1072/1072/1072 1210/1210/1210 
f 1211/1211/1211 1234/1234/1234 1078/1078/1078 
f 1204/1204/1204 1261/1261/1261 1194/1194/1194 
f 1221/1221/1221 1214/1214/1214 1086/1086/1086 
f 1224/1224/1224 1236/1236/1236 1200/1200/1200 
f 1512/1512/1512 1244/1244/1244 1491/1491/1491 
f 1300/1300/1300 143/143/143 1233/1233/1233 
f 1264/1264/1264 1215/1215/1215 1253/1253/1253 
f 1239/1239/1239 1132/1132/1132 1262/1262/1262 
f 1147/1147/1147 1245/1245/1245 1253/1253/1253 
f 1078/1078/1078 1198/1198/1198 1071/1071/1071 
f 1339/1339/1339 1356/1356/1356 1342/1342/1342 
f 1264/1264/1264 1245/1245/1245 1482/1482/1482 
f 1153/1153/1153 1110/1110/1110 1235/1235/1235 
f 1226/1226/1226 1067/1067/1067 1262/1262/1262 
f 1501/1501/1501 1440/1440/1440 1507/1507/1507 
f 1222/1222/1222 1216/1216/1216 1075/1075/1075 
f 1429/1429/1429 1268/1268/1268 1472/1472/1472 
f 1246/1246/1246 78/78/78 1258/1258/1258 
f 1246/1246/1246 1125/1125/1125 1254/1254/1254 
f 243/243/243 1218/1218/1218 25/25/25 
f 1200/1200/1200 1196/1196/1196 1243/1243/1243 
f 1183/1183/1183 1249/1249/1249 1116/1116/1116 
f 1226/1226/1226 1249/1249/1249 1067/1067/1067 
f 1152/1152/1152 1250/1250/1250 1181/1181/1181 
f 1223/1223/1223 1217/1217/1217 1130/1130/1130 
f 1134/1134/1134 1251/1251/1251 1133/1133/1133 
f 1247/1247/1247 1251/1251/1251 1102/1102/1102 
f 1215/1215/1215 1129/1129/1129 1253/1253/1253 
f 1215/1215/1215 24/24/24 1225/1225/1225 
f 1225/1225/1225 1251/1251/1251 1134/1134/1134 
f 1264/1264/1264 1253/1253/1253 1245/1245/1245 
f 1221/1221/1221 1254/1254/1254 1125/1125/1125 
f 1246/1246/1246 1254/1254/1254 1169/1169/1169 
f 132/132/132 135/135/135 1319/1319/1319 
f 1228/1228/1228 1222/1222/1222 1162/1162/1162 
f 1114/1114/1114 1256/1256/1256 1121/1121/1121 
f 1256/1256/1256 1109/1109/1109 1259/1259/1259 
f 1257/1257/1257 1135/1135/1135 1266/1266/1266 
f 1201/1201/1201 1257/1257/1257 1108/1108/1108 
f 1157/1157/1157 1258/1258/1258 78/78/78 
f 1246/1246/1246 1258/1258/1258 1113/1113/1113 
f 1123/1123/1123 1259/1259/1259 1109/1109/1109 
f 1256/1256/1256 1259/1259/1259 1121/1121/1121 
f 1256/1256/1256 1260/1260/1260 1109/1109/1109 
f 1184/1184/1184 1260/1260/1260 1201/1201/1201 
f 1196/1196/1196 1236/1236/1236 1268/1268/1268 
f 1215/1215/1215 1225/1225/1225 1136/1136/1136 
f 1138/1138/1138 1262/1262/1262 1132/1132/1132 
f 1239/1239/1239 1262/1262/1262 1067/1067/1067 
f 1164/1164/1164 1076/1076/1076 1085/1085/1085 
f 1144/1144/1144 1263/1263/1263 1141/1141/1141 
f 1199/1199/1199 1240/1240/1240 1073/1073/1073 
f 1264/1264/1264 25/25/25 1218/1218/1218 
f 1071/1071/1071 1265/1265/1265 1068/1068/1068 
f 1226/1226/1226 1262/1262/1262 1138/1138/1138 
f 1138/1138/1138 1266/1266/1266 1135/1135/1135 
f 1257/1257/1257 1266/1266/1266 27/27/27 
f 1145/1145/1145 1267/1267/1267 1156/1156/1156 
f 1077/1077/1077 1267/1267/1267 1143/1143/1143 
f 1266/1266/1266 1248/1248/1248 27/27/27 
f 1281/1281/1281 1312/1312/1312 1305/1305/1305 
f 36/36/36 1269/1269/1269 1095/1095/1095 
f 1143/1143/1143 1269/1269/1269 1140/1140/1140 
f 1141/1141/1141 1270/1270/1270 1094/1094/1094 
f 1270/1270/1270 1139/1139/1139 1274/1274/1274 
f 1142/1142/1142 1271/1271/1271 1167/1167/1167 
f 1271/1271/1271 1139/1139/1139 1275/1275/1275 
f 135/135/135 137/137/137 1306/1306/1306 
f 1076/1076/1076 1164/1164/1164 1163/1163/1163 
f 1269/1269/1269 1273/1273/1273 1140/1140/1140 
f 1146/1146/1146 1273/1273/1273 36/36/36 
f 1142/1142/1142 1274/1274/1274 1139/1139/1139 
f 1270/1270/1270 1274/1274/1274 76/76/76 
f 1141/1141/1141 1275/1275/1275 1139/1139/1139 
f 1271/1271/1271 1275/1275/1275 1076/1076/1076 
f 1077/1077/1077 1276/1276/1276 1080/1080/1080 
f 1146/1146/1146 1276/1276/1276 1140/1140/1140 
f 1203/1203/1203 1279/1279/1279 1309/1309/1309 
f 1082/1082/1082 1280/1280/1280 1304/1304/1304 
f 142/142/142 1255/1255/1255 1312/1312/1312 
f 1284/1284/1284 1321/1321/1321 142/142/142 
f 1282/1282/1282 1231/1231/1231 1318/1318/1318 
f 1252/1252/1252 1282/1282/1282 1316/1316/1316 
f 1325/1325/1325 1081/1081/1081 1316/1316/1316 
f 1281/1281/1281 1305/1305/1305 1292/1292/1292 
f 1205/1205/1205 1082/1082/1082 1277/1277/1277 
f 1285/1285/1285 1311/1311/1311 1325/1325/1325 
f 149/149/149 1283/1283/1283 147/147/147 
f 1084/1084/1084 1315/1315/1315 1081/1081/1081 
f 1284/1284/1284 151/151/151 1321/1321/1321 
f 146/146/146 1278/1278/1278 1318/1318/1318 
f 1081/1081/1081 1311/1311/1311 1084/1084/1084 
f 1081/1081/1081 1325/1325/1325 1311/1311/1311 
f 1297/1297/1297 1289/1289/1289 1331/1331/1331 
f 145/145/145 1324/1324/1324 1353/1353/1353 
f 1289/1289/1289 1297/1297/1297 1353/1353/1353 
f 1281/1281/1281 1209/1209/1209 1312/1312/1312 
f 1291/1291/1291 143/143/143 1287/1287/1287 
f 1233/1233/1233 151/151/151 1303/1303/1303 
f 1203/1203/1203 1194/1194/1194 1261/1261/1261 
f 1290/1290/1290 143/143/143 1300/1300/1300 
f 1338/1338/1338 1298/1298/1298 1340/1340/1340 
f 119/119/119 1368/1368/1368 1380/1380/1380 
f 1336/1336/1336 1349/1349/1349 1360/1360/1360 
f 1294/1294/1294 1296/1296/1296 1364/1364/1364 
f 1084/1084/1084 1302/1302/1302 1315/1315/1315 
f 1340/1340/1340 1150/1150/1150 1361/1361/1361 
f 1295/1295/1295 1339/1339/1339 1335/1335/1335 
f 1149/1149/1149 1329/1329/1329 1343/1343/1343 
f 1352/1352/1352 141/141/141 1363/1363/1363 
f 1300/1300/1300 1233/1233/1233 1261/1261/1261 
f 1299/1299/1299 1278/1278/1278 146/146/146 
f 1314/1314/1314 1284/1284/1284 1322/1322/1322 
f 1339/1339/1339 1354/1354/1354 1356/1356/1356 
f 1233/1233/1233 1303/1303/1303 1261/1261/1261 
f 1306/1306/1306 137/137/137 1317/1317/1317 
f 1306/1306/1306 1277/1277/1277 1307/1307/1307 
f 1230/1230/1230 1307/1307/1307 1277/1277/1277 
f 1306/1306/1306 1307/1307/1307 135/135/135 
f 1205/1205/1205 1308/1308/1308 1280/1280/1280 
f 146/146/146 1318/1318/1318 1231/1231/1231 
f 1310/1310/1310 1203/1203/1203 1309/1309/1309 
f 1194/1194/1194 1310/1310/1310 129/129/129 
f 142/142/142 1287/1287/1287 1255/1255/1255 
f 1087/1087/1087 1315/1315/1315 1331/1331/1331 
f 1291/1291/1291 1321/1321/1321 151/151/151 
f 1281/1281/1281 1292/1292/1292 1343/1343/1343 
f 1194/1194/1194 1313/1313/1313 1204/1204/1204 
f 1313/1313/1313 129/129/129 1320/1320/1320 
f 1312/1312/1312 1209/1209/1209 1322/1322/1322 
f 147/147/147 1318/1318/1318 1278/1278/1278 
f 1087/1087/1087 1288/1288/1288 1316/1316/1316 
f 1354/1354/1354 1339/1339/1339 1371/1371/1371 
f 1252/1252/1252 1316/1316/1316 1288/1288/1288 
f 1283/1283/1283 1316/1316/1316 1282/1282/1282 
f 1308/1308/1308 1317/1317/1317 137/137/137 
f 1306/1306/1306 1317/1317/1317 1205/1205/1205 
f 1282/1282/1282 1318/1318/1318 1283/1283/1283 
f 1310/1310/1310 1309/1309/1309 138/138/138 
f 1307/1307/1307 1319/1319/1319 135/135/135 
f 132/132/132 1319/1319/1319 1230/1230/1230 
f 128/128/128 1320/1320/1320 129/129/129 
f 1313/1313/1313 1320/1320/1320 1272/1272/1272 
f 1289/1289/1289 1324/1324/1324 1229/1229/1229 
f 1087/1087/1087 1316/1316/1316 1081/1081/1081 
f 1285/1285/1285 1325/1325/1325 1283/1283/1283 
f 1159/1159/1159 1293/1293/1293 1369/1369/1369 
f 140/140/140 1330/1330/1330 1326/1326/1326 
f 1297/1297/1297 1302/1302/1302 1334/1334/1334 
f 1331/1331/1331 1229/1229/1229 1087/1087/1087 
f 1330/1330/1330 140/140/140 1323/1323/1323 
f 1083/1083/1083 1329/1329/1329 1301/1301/1301 
f 1312/1312/1312 1322/1322/1322 142/142/142 
f 1229/1229/1229 1331/1331/1331 1289/1289/1289 
f 1297/1297/1297 1331/1331/1331 1315/1315/1315 
f 1323/1323/1323 1332/1332/1332 1335/1335/1335 
f 1326/1326/1326 1343/1343/1343 1292/1292/1292 
f 1385/1385/1385 1373/1373/1373 1391/1391/1391 
f 1336/1336/1336 1149/1149/1149 1349/1349/1349 
f 1359/1359/1359 1351/1351/1351 1378/1378/1378 
f 1406/1406/1406 1384/1384/1384 1414/1414/1414 
f 1337/1337/1337 1367/1367/1367 1333/1333/1333 
f 1298/1298/1298 1338/1338/1338 145/145/145 
f 1339/1339/1339 1342/1342/1342 1335/1335/1335 
f 1347/1347/1347 1376/1376/1376 1381/1381/1381 
f 1338/1338/1338 1340/1340/1340 1369/1369/1369 
f 1150/1150/1150 1340/1340/1340 1344/1344/1344 
f 1328/1328/1328 1354/1354/1354 1381/1381/1381 
f 1151/1151/1151 1323/1323/1323 1335/1335/1335 
f 1149/1149/1149 1343/1343/1343 1330/1330/1330 
f 1281/1281/1281 1343/1343/1343 1329/1329/1329 
f 1150/1150/1150 1344/1344/1344 1334/1334/1334 
f 1370/1370/1370 1350/1350/1350 1366/1366/1366 
f 1148/1148/1148 1413/1413/1413 1409/1409/1409 
f 1351/1351/1351 1346/1346/1346 1372/1372/1372 
f 1330/1330/1330 1349/1349/1349 1149/1149/1149 
f 1348/1348/1348 148/148/148 1423/1423/1423 
f 1298/1298/1298 1344/1344/1344 1340/1340/1340 
f 1335/1335/1335 1332/1332/1332 1362/1362/1362 
f 1345/1345/1345 1417/1417/1417 1415/1415/1415 
f 1352/1352/1352 1381/1381/1381 1376/1376/1376 
f 1289/1289/1289 1353/1353/1353 1324/1324/1324 
f 145/145/145 1353/1353/1353 1298/1298/1298 
f 1382/1382/1382 1159/1159/1159 1366/1366/1366 
f 1355/1355/1355 1327/1327/1327 1370/1370/1370 
f 1295/1295/1295 1371/1371/1371 1339/1339/1339 
f 1151/1151/1151 1335/1335/1335 1342/1342/1342 
f 1352/1352/1352 1376/1376/1376 141/141/141 
f 1394/1394/1394 1358/1358/1358 1408/1408/1408 
f 1359/1359/1359 118/118/118 1380/1380/1380 
f 1351/1351/1351 1359/1359/1359 1346/1346/1346 
f 1323/1323/1323 1360/1360/1360 1349/1349/1349 
f 1336/1336/1336 1360/1360/1360 1151/1151/1151 
f 1341/1341/1341 1361/1361/1361 1150/1150/1150 
f 1340/1340/1340 1361/1361/1361 1369/1369/1369 
f 1335/1335/1335 1362/1362/1362 1295/1295/1295 
f 1352/1352/1352 1363/1363/1363 1387/1387/1387 
f 1341/1341/1341 1366/1366/1366 1159/1159/1159 
f 1374/1374/1374 1365/1365/1365 1405/1405/1405 
f 1341/1341/1341 1355/1355/1355 1366/1366/1366 
f 1395/1395/1395 1195/1195/1195 1414/1414/1414 
f 1364/1364/1364 1333/1333/1333 1367/1367/1367 
f 1364/1364/1364 1367/1367/1367 1294/1294/1294 
f 1159/1159/1159 1369/1369/1369 1361/1361/1361 
f 1385/1385/1385 189/189/189 1399/1399/1399 
f 1327/1327/1327 1402/1402/1402 1370/1370/1370 
f 1382/1382/1382 1366/1366/1366 1350/1350/1350 
f 1354/1354/1354 1371/1371/1371 1347/1347/1347 
f 1372/1372/1372 1296/1296/1296 1383/1383/1383 
f 1359/1359/1359 1368/1368/1368 1346/1346/1346 
f 1375/1375/1375 1403/1403/1403 1411/1411/1411 
f 1294/1294/1294 1383/1383/1383 1296/1296/1296 
f 1372/1372/1372 1383/1383/1383 1351/1351/1351 
f 1370/1370/1370 1377/1377/1377 1350/1350/1350 
f 1359/1359/1359 1378/1378/1378 118/118/118 
f 1379/1379/1379 190/190/190 1397/1397/1397 
f 1359/1359/1359 1380/1380/1380 1368/1368/1368 
f 1328/1328/1328 1381/1381/1381 1387/1387/1387 
f 1347/1347/1347 1381/1381/1381 1354/1354/1354 
f 1386/1386/1386 1403/1403/1403 1404/1404/1404 
f 1370/1370/1370 1366/1366/1366 1355/1355/1355 
f 1373/1373/1373 1399/1399/1399 1397/1397/1397 
f 1375/1375/1375 1404/1404/1404 1403/1403/1403 
f 1352/1352/1352 1387/1387/1387 1381/1381/1381 
f 1388/1388/1388 1365/1365/1365 1398/1398/1398 
f 1374/1374/1374 1398/1398/1398 1365/1365/1365 
f 1402/1402/1402 1388/1388/1388 144/144/144 
f 1377/1377/1377 1370/1370/1370 1402/1402/1402 
f 1357/1357/1357 1389/1389/1389 1401/1401/1401 
f 1390/1390/1390 1415/1415/1415 1417/1417/1417 
f 1384/1384/1384 1392/1392/1392 1405/1405/1405 
f 1358/1358/1358 1394/1394/1394 1411/1411/1411 
f 1195/1195/1195 1395/1395/1395 1412/1412/1412 
f 1406/1406/1406 1414/1414/1414 1195/1195/1195 
f 1379/1379/1379 1397/1397/1397 1399/1399/1399 
f 1391/1391/1391 1389/1389/1389 1385/1385/1385 
f 1385/1385/1385 1399/1399/1399 1373/1373/1373 
f 1379/1379/1379 1399/1399/1399 189/189/189 
f 1416/1416/1416 1400/1400/1400 1426/1426/1426 
f 1374/1374/1374 1405/1405/1405 1392/1392/1392 
f 1384/1384/1384 1406/1406/1406 1392/1392/1392 
f 1388/1388/1388 1402/1402/1402 1327/1327/1327 
f 1377/1377/1377 1402/1402/1402 144/144/144 
f 1386/1386/1386 1404/1404/1404 1363/1363/1363 
f 1357/1357/1357 1401/1401/1401 1148/1148/1148 
f 1408/1408/1408 1420/1420/1420 1424/1424/1424 
f 1407/1407/1407 1424/1424/1424 1420/1420/1420 
f 1148/1148/1148 1409/1409/1409 1357/1357/1357 
f 1410/1410/1410 1418/1418/1418 1421/1421/1421 
f 1396/1396/1396 1421/1421/1421 1418/1418/1418 
f 1358/1358/1358 1411/1411/1411 1403/1403/1403 
f 1412/1412/1412 1395/1395/1395 1425/1425/1425 
f 1393/1393/1393 1413/1413/1413 1422/1422/1422 
f 1345/1345/1345 1415/1415/1415 1427/1427/1427 
f 1400/1400/1400 1416/1416/1416 1393/1393/1393 
f 1390/1390/1390 1417/1417/1417 1407/1407/1407 
f 1396/1396/1396 1418/1418/1418 1348/1348/1348 
f 1413/1413/1413 1419/1419/1419 1409/1409/1409 
f 1407/1407/1407 1420/1420/1420 1390/1390/1390 
f 1410/1410/1410 1421/1421/1421 1412/1412/1412 
f 1393/1393/1393 1422/1422/1422 1400/1400/1400 
f 1348/1348/1348 1423/1423/1423 1396/1396/1396 
f 1408/1408/1408 1424/1424/1424 1394/1394/1394 
f 1412/1412/1412 1425/1425/1425 1410/1410/1410 
f 1416/1416/1416 1426/1426/1426 188/188/188 
f 1345/1345/1345 1427/1427/1427 150/150/150 
f 1428/1428/1428 25/25/25 1482/1482/1482 
f 1512/1512/1512 1472/1472/1472 1244/1244/1244 
f 1245/1245/1245 1500/1500/1500 1428/1428/1428 
f 1586/1586/1586 1596/1596/1596 1601/1601/1601 
f 1488/1488/1488 178/178/178 1518/1518/1518 
f 182/182/182 1458/1458/1458 1435/1435/1435 
f 1541/1541/1541 1584/1584/1584 1587/1587/1587 
f 176/176/176 1436/1436/1436 1459/1459/1459 
f 1433/1433/1433 186/186/186 1483/1483/1483 
f 1437/1437/1437 1570/1570/1570 1511/1511/1511 
f 1458/1458/1458 1572/1572/1572 1557/1557/1557 
f 1435/1435/1435 1509/1509/1509 1559/1559/1559 
f 1571/1571/1571 1553/1553/1553 1507/1507/1507 
f 1484/1484/1484 1434/1434/1434 1570/1570/1570 
f 1515/1515/1515 94/94/94 1529/1529/1529 
f 1504/1504/1504 1438/1438/1438 1514/1514/1514 
f 1453/1453/1453 1531/1531/1531 1565/1565/1565 
f 1572/1572/1572 1508/1508/1508 1557/1557/1557 
f 1507/1507/1507 1489/1489/1489 175/175/175 
f 1445/1445/1445 1563/1563/1563 1535/1535/1535 
f 1268/1268/1268 1429/1429/1429 1196/1196/1196 
f 1543/1543/1543 1499/1499/1499 1546/1546/1546 
f 1516/1516/1516 1443/1443/1443 1523/1523/1523 
f 1457/1457/1457 1443/1443/1443 1530/1530/1530 
f 1444/1444/1444 1536/1536/1536 1567/1567/1567 
f 1441/1441/1441 1563/1563/1563 1534/1534/1534 
f 1582/1582/1582 1601/1601/1601 1596/1596/1596 
f 1449/1449/1449 1447/1447/1447 1579/1579/1579 
f 1544/1544/1544 1550/1550/1550 1498/1498/1498 
f 95/95/95 1550/1550/1550 1547/1547/1547 
f 1448/1448/1448 1580/1580/1580 1446/1446/1446 
f 1466/1466/1466 1450/1450/1450 1529/1529/1529 
f 1516/1516/1516 41/41/41 1569/1569/1569 
f 1451/1451/1451 1475/1475/1475 1552/1552/1552 
f 1464/1464/1464 1452/1452/1452 1558/1558/1558 
f 1473/1473/1473 1452/1452/1452 1539/1539/1539 
f 1462/1462/1462 1453/1453/1453 1565/1565/1565 
f 1439/1439/1439 1531/1531/1531 1567/1567/1567 
f 1454/1454/1454 1564/1564/1564 1534/1534/1534 
f 1454/1454/1454 1561/1561/1561 1545/1545/1545 
f 53/53/53 1478/1478/1478 42/42/42 
f 1219/1219/1219 1430/1430/1430 1122/1122/1122 
f 1494/1494/1494 157/157/157 1573/1573/1573 
f 1456/1456/1456 101/101/101 1486/1486/1486 
f 1457/1457/1457 39/39/39 1492/1492/1492 
f 1443/1443/1443 1457/1457/1457 1517/1517/1517 
f 1562/1562/1562 1578/1578/1578 1575/1575/1575 
f 1459/1459/1459 1436/1436/1436 1553/1553/1553 
f 1456/1456/1456 1460/1460/1460 158/158/158 
f 1493/1493/1493 1461/1461/1461 1568/1568/1568 
f 1453/1453/1453 1462/1462/1462 1468/1468/1468 
f 1463/1463/1463 170/170/170 1564/1564/1564 
f 35/35/35 1514/1514/1514 1558/1558/1558 
f 1452/1452/1452 1464/1464/1464 1538/1538/1538 
f 75/75/75 1577/1577/1577 1471/1471/1471 
f 1465/1465/1465 1100/1100/1100 1487/1487/1487 
f 1450/1450/1450 1466/1466/1466 1528/1528/1528 
f 1467/1467/1467 40/40/40 1523/1523/1523 
f 1500/1500/1500 1555/1555/1555 1428/1428/1428 
f 1432/1432/1432 1587/1587/1587 1584/1584/1584 
f 1451/1451/1451 1469/1469/1469 38/38/38 
f 1469/1469/1469 41/41/41 1479/1479/1479 
f 1470/1470/1470 77/77/77 1539/1539/1539 
f 1465/1465/1465 1471/1471/1471 1577/1577/1577 
f 1113/1113/1113 1157/1157/1157 1244/1244/1244 
f 1566/1566/1566 1537/1537/1537 1542/1542/1542 
f 77/77/77 1491/1491/1491 1539/1539/1539 
f 1452/1452/1452 1473/1473/1473 1576/1576/1576 
f 1474/1474/1474 74/74/74 1485/1485/1485 
f 1478/1478/1478 93/93/93 1515/1515/1515 
f 1475/1475/1475 39/39/39 1530/1530/1530 
f 1181/1181/1181 1475/1475/1475 38/38/38 
f 1168/1168/1168 1476/1476/1476 1105/1105/1105 
f 1476/1476/1476 35/35/35 1558/1558/1558 
f 1461/1461/1461 1477/1477/1477 155/155/155 
f 98/98/98 1477/1477/1477 99/99/99 
f 1501/1501/1501 1436/1436/1436 1510/1510/1510 
f 1562/1562/1562 1580/1580/1580 1578/1578/1578 
f 102/102/102 1479/1479/1479 41/41/41 
f 1469/1469/1469 1479/1479/1479 48/48/48 
f 100/100/100 1480/1480/1480 1494/1494/1494 
f 1479/1479/1479 1480/1480/1480 48/48/48 
f 1206/1206/1206 1481/1481/1481 1219/1219/1219 
f 1481/1481/1481 1078/1078/1078 1503/1503/1503 
f 1264/1264/1264 1482/1482/1482 25/25/25 
f 1428/1428/1428 1482/1482/1482 1245/1245/1245 
f 185/185/185 1483/1483/1483 186/186/186 
f 1483/1483/1483 1435/1435/1435 1559/1559/1559 
f 160/160/160 1484/1484/1484 168/168/168 
f 1434/1434/1434 1484/1484/1484 159/159/159 
f 1589/1589/1589 1585/1585/1585 1593/1593/1593 
f 1474/1474/1474 1485/1485/1485 1227/1227/1227 
f 49/49/49 1486/1486/1486 101/101/101 
f 100/100/100 1456/1456/1456 49/49/49 
f 1101/1101/1101 1487/1487/1487 1100/1100/1100 
f 1465/1465/1465 1487/1487/1487 1471/1471/1471 
f 1508/1508/1508 1488/1488/1488 1518/1518/1518 
f 1555/1555/1555 1513/1513/1513 1472/1472/1472 
f 103/103/103 1490/1490/1490 1493/1493/1493 
f 52/52/52 1490/1490/1490 93/93/93 
f 1512/1512/1512 1491/1491/1491 77/77/77 
f 1473/1473/1473 1491/1491/1491 1157/1157/1157 
f 1250/1250/1250 1492/1492/1492 39/39/39 
f 1457/1457/1457 1492/1492/1492 1465/1465/1465 
f 103/103/103 1493/1493/1493 156/156/156 
f 1461/1461/1461 1493/1493/1493 1477/1477/1477 
f 1460/1460/1460 1456/1456/1456 1573/1573/1573 
f 102/102/102 1494/1494/1494 1480/1480/1480 
f 1495/1495/1495 180/180/180 1560/1560/1560 
f 1496/1496/1496 1545/1545/1545 1561/1561/1561 
f 1543/1543/1543 1546/1546/1546 1556/1556/1556 
f 1498/1498/1498 96/96/96 1544/1544/1544 
f 1487/1487/1487 1485/1485/1485 74/74/74 
f 1244/1244/1244 1472/1472/1472 1268/1268/1268 
f 1110/1110/1110 1500/1500/1500 1235/1235/1235 
f 1429/1429/1429 1500/1500/1500 1243/1243/1243 
f 1502/1502/1502 1439/1439/1439 1525/1525/1525 
f 1502/1502/1502 1435/1435/1435 1557/1557/1557 
f 1481/1481/1481 1503/1503/1503 1219/1219/1219 
f 1093/1093/1093 1504/1504/1504 35/35/35 
f 1504/1504/1504 42/42/42 1527/1527/1527 
f 1505/1505/1505 169/169/169 1511/1511/1511 
f 1506/1506/1506 1433/1433/1433 1559/1559/1559 
f 1501/1501/1501 1507/1507/1507 1553/1553/1553 
f 1507/1507/1507 1440/1440/1440 1519/1519/1519 
f 1502/1502/1502 1508/1508/1508 1439/1439/1439 
f 1508/1508/1508 1572/1572/1572 183/183/183 
f 1502/1502/1502 1509/1509/1509 1435/1435/1435 
f 1506/1506/1506 1509/1509/1509 181/181/181 
f 1501/1501/1501 1510/1510/1510 1526/1526/1526 
f 1505/1505/1505 1511/1511/1511 1570/1570/1570 
f 1575/1575/1575 1554/1554/1554 1442/1442/1442 
f 1551/1551/1551 1556/1556/1556 1546/1546/1546 
f 1555/1555/1555 1500/1500/1500 1513/1513/1513 
f 1472/1472/1472 1513/1513/1513 1429/1429/1429 
f 1504/1504/1504 1514/1514/1514 35/35/35 
f 1450/1450/1450 1514/1514/1514 1438/1438/1438 
f 94/94/94 1515/1515/1515 93/93/93 
f 1478/1478/1478 1515/1515/1515 1438/1438/1438 
f 1443/1443/1443 1516/1516/1516 1451/1451/1451 
f 41/41/41 1516/1516/1516 40/40/40 
f 1517/1517/1517 1457/1457/1457 1577/1577/1577 
f 1443/1443/1443 1517/1517/1517 1523/1523/1523 
f 1432/1432/1432 1455/1455/1455 1587/1587/1587 
f 1518/1518/1518 178/178/178 1565/1565/1565 
f 1489/1489/1489 1519/1519/1519 174/174/174 
f 1520/1520/1520 1441/1441/1441 1534/1534/1534 
f 1521/1521/1521 1445/1445/1445 1532/1532/1532 
f 1521/1521/1521 1454/1454/1454 1534/1534/1534 
f 1522/1522/1522 1453/1453/1453 1560/1560/1560 
f 1522/1522/1522 1444/1444/1444 1567/1567/1567 
f 1516/1516/1516 1523/1523/1523 40/40/40 
f 1467/1467/1467 1523/1523/1523 1517/1517/1517 
f 1524/1524/1524 171/171/171 1535/1535/1535 
f 1525/1525/1525 1439/1439/1439 1567/1567/1567 
f 1502/1502/1502 1525/1525/1525 1509/1509/1509 
f 1501/1501/1501 1526/1526/1526 1440/1440/1440 
f 1478/1478/1478 1527/1527/1527 42/42/42 
f 1504/1504/1504 1527/1527/1527 1438/1438/1438 
f 80/80/80 1528/1528/1528 1466/1466/1466 
f 1450/1450/1450 1528/1528/1528 1464/1464/1464 
f 1575/1575/1575 1442/1442/1442 1562/1562/1562 
f 1515/1515/1515 1529/1529/1529 1438/1438/1438 
f 1457/1457/1457 1530/1530/1530 39/39/39 
f 1530/1530/1530 1443/1443/1443 1552/1552/1552 
f 1518/1518/1518 1531/1531/1531 1439/1439/1439 
f 1522/1522/1522 1531/1531/1531 1453/1453/1453 
f 1521/1521/1521 1532/1532/1532 1561/1561/1561 
f 1522/1522/1522 1533/1533/1533 1444/1444/1444 
f 1520/1520/1520 1534/1534/1534 1564/1564/1564 
f 1521/1521/1521 1534/1534/1534 1563/1563/1563 
f 1524/1524/1524 1535/1535/1535 1563/1563/1563 
f 1525/1525/1525 1536/1536/1536 181/181/181 
f 1466/1466/1466 1529/1529/1529 94/94/94 
f 1537/1537/1537 1455/1455/1455 1432/1432/1432 
f 80/80/80 1538/1538/1538 1528/1528/1528 
f 1452/1452/1452 1538/1538/1538 1539/1539/1539 
f 1473/1473/1473 1539/1539/1539 1491/1491/1491 
f 1470/1470/1470 1539/1539/1539 1538/1538/1538 
f 1448/1448/1448 1578/1578/1578 1580/1580/1580 
f 1548/1548/1548 1541/1541/1541 1591/1591/1591 
f 167/167/167 1546/1546/1546 1499/1499/1499 
f 1448/1448/1448 1446/1446/1446 1551/1551/1551 
f 1497/1497/1497 1543/1543/1543 166/166/166 
f 1540/1540/1540 1588/1588/1588 1583/1583/1583 
f 1574/1574/1574 1431/1431/1431 1447/1447/1447 
f 1544/1544/1544 1547/1547/1547 1550/1550/1550 
f 1597/1597/1597 1593/1593/1593 1599/1599/1599 
f 1551/1551/1551 1446/1446/1446 1556/1556/1556 
f 1541/1541/1541 1548/1548/1548 1584/1584/1584 
f 1581/1581/1581 1549/1549/1549 1595/1595/1595 
f 167/167/167 1499/1499/1499 1497/1497/1497 
f 1544/1544/1544 1431/1431/1431 1547/1547/1547 
f 1549/1549/1549 1581/1581/1581 1592/1592/1592 
f 1543/1543/1543 1497/1497/1497 1499/1499/1499 
f 1451/1451/1451 1552/1552/1552 1443/1443/1443 
f 1530/1530/1530 1552/1552/1552 1475/1475/1475 
f 1501/1501/1501 1553/1553/1553 1436/1436/1436 
f 1459/1459/1459 1553/1553/1553 1571/1571/1571 
f 1585/1585/1585 1589/1589/1589 1602/1602/1602 
f 1508/1508/1508 183/183/183 1488/1488/1488 
f 1507/1507/1507 175/175/175 1571/1571/1571 
f 1449/1449/1449 1574/1574/1574 1447/1447/1447 
f 1449/1449/1449 1579/1579/1579 1542/1542/1542 
f 1464/1464/1464 1514/1514/1514 1450/1450/1450 
f 1458/1458/1458 1557/1557/1557 1435/1435/1435 
f 1502/1502/1502 1557/1557/1557 1508/1508/1508 
f 1464/1464/1464 1558/1558/1558 1514/1514/1514 
f 1476/1476/1476 1558/1558/1558 1452/1452/1452 
f 1483/1483/1483 1559/1559/1559 1433/1433/1433 
f 1506/1506/1506 1559/1559/1559 1509/1509/1509 
f 1495/1495/1495 1560/1560/1560 1468/1468/1468 
f 1522/1522/1522 1560/1560/1560 1533/1533/1533 
f 1521/1521/1521 1561/1561/1561 1454/1454/1454 
f 1496/1496/1496 1561/1561/1561 172/172/172 
f 173/173/173 1545/1545/1545 1496/1496/1496 
f 1454/1454/1454 1545/1545/1545 1463/1463/1463 
f 1524/1524/1524 1563/1563/1563 1441/1441/1441 
f 1521/1521/1521 1563/1563/1563 1445/1445/1445 
f 1520/1520/1520 1564/1564/1564 170/170/170 
f 1463/1463/1463 1564/1564/1564 1454/1454/1454 
f 1462/1462/1462 1565/1565/1565 178/178/178 
f 1518/1518/1518 1565/1565/1565 1531/1531/1531 
f 1537/1537/1537 1566/1566/1566 1455/1455/1455 
f 1453/1453/1453 1468/1468/1468 1560/1560/1560 
f 1522/1522/1522 1567/1567/1567 1531/1531/1531 
f 1525/1525/1525 1567/1567/1567 1536/1536/1536 
f 1493/1493/1493 1568/1568/1568 156/156/156 
f 1469/1469/1469 1569/1569/1569 41/41/41 
f 1516/1516/1516 1569/1569/1569 1451/1451/1451 
f 1505/1505/1505 1570/1570/1570 1434/1434/1434 
f 1484/1484/1484 1570/1570/1570 1437/1437/1437 
f 1548/1548/1548 1591/1591/1591 1582/1582/1582 
f 1566/1566/1566 1542/1542/1542 1579/1579/1579 
f 1494/1494/1494 1573/1573/1573 1456/1456/1456 
f 1540/1540/1540 1583/1583/1583 1549/1549/1549 
f 1507/1507/1507 1519/1519/1519 1489/1489/1489 
f 1508/1508/1508 1518/1518/1518 1439/1439/1439 
f 1554/1554/1554 1583/1583/1583 1588/1588/1588 
f 1105/1105/1105 1576/1576/1576 1473/1473/1473 
f 1452/1452/1452 1576/1576/1576 1476/1476/1476 
f 1465/1465/1465 1577/1577/1577 1457/1457/1457 
f 1517/1517/1517 1577/1577/1577 75/75/75 
f 1581/1581/1581 1595/1595/1595 1602/1602/1602 
f 1582/1582/1582 1596/1596/1596 1548/1548/1548 
f 1593/1593/1593 1597/1597/1597 1589/1589/1589 
f 1600/1600/1600 1598/1598/1598 1604/1604/1604 
f 1599/1599/1599 165/165/165 1603/1603/1603 
f 1598/1598/1598 1600/1600/1600 1594/1594/1594 
f 1586/1586/1586 1601/1601/1601 1590/1590/1590 
f 1585/1585/1585 1602/1602/1602 1595/1595/1595 
f 1599/1599/1599 1603/1603/1603 1597/1597/1597 
f 1600/1600/1600 1604/1604/1604 97/97/97 
f 1642/1642/1642 1640/1640/1640 1638/1638/1638 
f 1607/1607/1607 1606/1606/1606 1709/1709/1709 
f 1697/1697/1697 1747/1747/1747 1710/1710/1710 
f 1606/1606/1606 1607/1607/1607 1637/1637/1637 
f 1608/1608/1608 1691/1691/1691 1718/1718/1718 
f 1629/1629/1629 1751/1751/1751 1749/1749/1749 
f 1609/1609/1609 1712/1712/1712 1637/1637/1637 
f 1609/1609/1609 1717/1717/1717 1611/1611/1611 
f 1656/1656/1656 1652/1652/1652 1721/1721/1721 
f 1610/1610/1610 1718/1718/1718 1691/1691/1691 
f 1706/1706/1706 1611/1611/1611 1704/1704/1704 
f 1653/1653/1653 1646/1646/1646 1668/1668/1668 
f 466/466/466 1613/1613/1613 615/615/615 
f 1617/1617/1617 1614/1614/1614 1661/1661/1661 
f 1623/1623/1623 1615/1615/1615 1663/1663/1663 
f 412/412/412 1616/1616/1616 467/467/467 
f 1666/1666/1666 1628/1628/1628 1671/1671/1671 
f 1614/1614/1614 1617/1617/1617 362/362/362 
f 1618/1618/1618 466/466/466 1621/1621/1621 
f 1662/1662/1662 1618/1618/1618 1665/1665/1665 
f 438/438/438 1619/1619/1619 396/396/396 
f 1659/1659/1659 1621/1621/1621 1625/1625/1625 
f 362/362/362 1620/1620/1620 482/482/482 
f 1660/1660/1660 1626/1626/1626 1622/1622/1622 
f 1618/1618/1618 1621/1621/1621 1669/1669/1669 
f 1619/1619/1619 1621/1621/1621 466/466/466 
f 1660/1660/1660 1622/1622/1622 1676/1676/1676 
f 1617/1617/1617 1622/1622/1622 362/362/362 
f 1673/1673/1673 1631/1631/1631 1679/1679/1679 
f 1615/1615/1615 1623/1623/1623 438/438/438 
f 1664/1664/1664 1624/1624/1624 1674/1674/1674 
f 1624/1624/1624 412/412/412 1626/1626/1626 
f 1659/1659/1659 1625/1625/1625 1681/1681/1681 
f 1623/1623/1623 1625/1625/1625 438/438/438 
f 1620/1620/1620 1626/1626/1626 412/412/412 
f 1624/1624/1624 1626/1626/1626 1678/1678/1678 
f 1627/1627/1627 31/31/31 1665/1665/1665 
f 1722/1722/1722 16/16/16 1723/1723/1723 
f 1656/1656/1656 1650/1650/1650 1705/1705/1705 
f 1670/1670/1670 1617/1617/1617 1671/1671/1671 
f 1641/1641/1641 1648/1648/1648 1639/1639/1639 
f 1644/1644/1644 20/20/20 1693/1693/1693 
f 1648/1648/1648 15/15/15 1695/1695/1695 
f 1677/1677/1677 1623/1623/1623 1679/1679/1679 
f 1632/1632/1632 23/23/23 1674/1674/1674 
f 1708/1708/1708 1716/1716/1716 1714/1714/1714 
f 1643/1643/1643 1633/1633/1633 1702/1702/1702 
f 1634/1634/1634 1736/1736/1736 1690/1690/1690 
f 1652/1652/1652 1635/1635/1635 1699/1699/1699 
f 1635/1635/1635 1691/1691/1691 1642/1642/1642 
f 1687/1687/1687 1630/1630/1630 1740/1740/1740 
f 1641/1641/1641 1636/1636/1636 1648/1648/1648 
f 1636/1636/1636 1637/1637/1637 1712/1712/1712 
f 1637/1637/1637 1641/1641/1641 1684/1684/1684 
f 1643/1643/1643 1702/1702/1702 1685/1685/1685 
f 1699/1699/1699 18/18/18 1724/1724/1724 
f 1641/1641/1641 1639/1639/1639 1684/1684/1684 
f 23/23/23 1632/1632/1632 1696/1696/1696 
f 1636/1636/1636 1641/1641/1641 1637/1637/1637 
f 1707/1707/1707 1737/1737/1737 1727/1727/1727 
f 1683/1683/1683 1647/1647/1647 1605/1605/1605 
f 1735/1735/1735 1758/1758/1758 1755/1755/1755 
f 1644/1644/1644 1729/1729/1729 1709/1709/1709 
f 1633/1633/1633 1643/1643/1643 1727/1727/1727 
f 1683/1683/1683 1642/1642/1642 1691/1691/1691 
f 1710/1710/1710 1714/1714/1714 1738/1738/1738 
f 1607/1607/1607 1645/1645/1645 1717/1717/1717 
f 1693/1693/1693 1654/1654/1654 1729/1729/1729 
f 21/21/21 1727/1727/1727 1643/1643/1643 
f 1610/1610/1610 1612/1612/1612 1718/1718/1718 
f 20/20/20 1644/1644/1644 1690/1690/1690 
f 1608/1608/1608 1605/1605/1605 1647/1647/1647 
f 1689/1689/1689 1643/1643/1643 1692/1692/1692 
f 15/15/15 1648/1648/1648 1631/1631/1631 
f 1657/1657/1657 1649/1649/1649 1704/1704/1704 
f 1655/1655/1655 1649/1649/1649 1725/1725/1725 
f 1628/1628/1628 17/17/17 1719/1719/1719 
f 1612/1612/1612 1610/1610/1610 1705/1705/1705 
f 1634/1634/1634 1690/1690/1690 1644/1644/1644 
f 1655/1655/1655 1651/1651/1651 1712/1712/1712 
f 18/18/18 1628/1628/1628 1721/1721/1721 
f 1635/1635/1635 1652/1652/1652 1711/1711/1711 
f 1644/1644/1644 1715/1715/1715 1634/1634/1634 
f 1707/1707/1707 1700/1700/1700 1737/1737/1737 
f 1609/1609/1609 1706/1706/1706 1712/1712/1712 
f 1627/1627/1627 1722/1722/1722 1725/1725/1725 
f 1610/1610/1610 1711/1711/1711 1705/1705/1705 
f 1628/1628/1628 1726/1726/1726 1721/1721/1721 
f 1657/1657/1657 31/31/31 1720/1720/1720 
f 1701/1701/1701 1692/1692/1692 1643/1643/1643 
f 1659/1659/1659 16/16/16 1675/1675/1675 
f 1619/1619/1619 1625/1625/1625 1621/1621/1621 
f 1660/1660/1660 18/18/18 1682/1682/1682 
f 1620/1620/1620 1622/1622/1622 1626/1626/1626 
f 1661/1661/1661 17/17/17 1666/1666/1666 
f 1618/1618/1618 1662/1662/1662 1613/1613/1613 
f 1663/1663/1663 15/15/15 1673/1673/1673 
f 1624/1624/1624 1664/1664/1664 1616/1616/1616 
f 1662/1662/1662 1665/1665/1665 31/31/31 
f 1665/1665/1665 1618/1618/1618 1672/1672/1672 
f 1628/1628/1628 1666/1666/1666 17/17/17 
f 1661/1661/1661 1666/1666/1666 1617/1617/1617 
f 1731/1731/1731 1749/1749/1749 1751/1751/1751 
f 1607/1607/1607 1709/1709/1709 1645/1645/1645 
f 1608/1608/1608 1646/1646/1646 1701/1701/1701 
f 1643/1643/1643 1689/1689/1689 21/21/21 
f 1669/1669/1669 1621/1621/1621 1675/1675/1675 
f 1669/1669/1669 1627/1627/1627 1672/1672/1672 
f 18/18/18 1670/1670/1670 1628/1628/1628 
f 1617/1617/1617 1670/1670/1670 1622/1622/1622 
f 1666/1666/1666 1671/1671/1671 1617/1617/1617 
f 1670/1670/1670 1671/1671/1671 1628/1628/1628 
f 1665/1665/1665 1672/1672/1672 1627/1627/1627 
f 1669/1669/1669 1672/1672/1672 1618/1618/1618 
f 1631/1631/1631 1673/1673/1673 15/15/15 
f 1663/1663/1663 1673/1673/1673 1623/1623/1623 
f 1664/1664/1664 1674/1674/1674 23/23/23 
f 1674/1674/1674 1624/1624/1624 1680/1680/1680 
f 1659/1659/1659 1675/1675/1675 1621/1621/1621 
f 1669/1669/1669 1675/1675/1675 16/16/16 
f 1670/1670/1670 1676/1676/1676 1622/1622/1622 
f 1660/1660/1660 1676/1676/1676 18/18/18 
f 16/16/16 1677/1677/1677 1631/1631/1631 
f 1623/1623/1623 1677/1677/1677 1625/1625/1625 
f 1678/1678/1678 1626/1626/1626 1682/1682/1682 
f 1678/1678/1678 1632/1632/1632 1680/1680/1680 
f 1673/1673/1673 1679/1679/1679 1623/1623/1623 
f 1677/1677/1677 1679/1679/1679 1631/1631/1631 
f 1674/1674/1674 1680/1680/1680 1632/1632/1632 
f 1678/1678/1678 1680/1680/1680 1624/1624/1624 
f 1677/1677/1677 1681/1681/1681 1625/1625/1625 
f 1659/1659/1659 1681/1681/1681 16/16/16 
f 1660/1660/1660 1682/1682/1682 1626/1626/1626 
f 1678/1678/1678 1682/1682/1682 18/18/18 
f 1642/1642/1642 1683/1683/1683 1640/1640/1640 
f 1716/1716/1716 1697/1697/1697 1738/1738/1738 
f 1685/1685/1685 1605/1605/1605 1701/1701/1701 
f 1795/1795/1795 1753/1753/1753 1800/1800/1800 
f 1630/1630/1630 1687/1687/1687 1748/1748/1748 
f 1644/1644/1644 1688/1688/1688 1715/1715/1715 
f 1637/1637/1637 1684/1684/1684 1606/1606/1606 
f 1707/1707/1707 1733/1733/1733 1713/1713/1713 
f 1710/1710/1710 1738/1738/1738 1697/1697/1697 
f 1608/1608/1608 1647/1647/1647 1691/1691/1691 
f 1610/1610/1610 1691/1691/1691 1711/1711/1711 
f 1683/1683/1683 1691/1691/1691 1647/1647/1647 
f 1713/1713/1713 1742/1742/1742 1707/1707/1707 
f 1609/1609/1609 1637/1637/1637 1717/1717/1717 
f 1638/1638/1638 1632/1632/1632 1699/1699/1699 
f 1642/1642/1642 1638/1638/1638 1635/1635/1635 
f 1694/1694/1694 1631/1631/1631 1648/1648/1648 
f 1651/1651/1651 1694/1694/1694 1636/1636/1636 
f 1648/1648/1648 1695/1695/1695 1639/1639/1639 
f 1638/1638/1638 1696/1696/1696 1632/1632/1632 
f 1708/1708/1708 1736/1736/1736 1716/1716/1716 
f 1694/1694/1694 1648/1648/1648 1636/1636/1636 
f 1708/1708/1708 1714/1714/1714 1734/1734/1734 
f 1708/1708/1708 1734/1734/1734 1690/1690/1690 
f 18/18/18 1699/1699/1699 1632/1632/1632 
f 1638/1638/1638 1699/1699/1699 1635/1635/1635 
f 1694/1694/1694 1651/1651/1651 1723/1723/1723 
f 20/20/20 1690/1690/1690 1734/1734/1734 
f 1608/1608/1608 1701/1701/1701 1605/1605/1605 
f 1685/1685/1685 1701/1701/1701 1643/1643/1643 
f 1688/1688/1688 1644/1644/1644 1709/1709/1709 
f 1728/1728/1728 1730/1730/1730 1742/1742/1742 
f 1689/1689/1689 1692/1692/1692 1653/1653/1653 
f 1668/1668/1668 1646/1646/1646 1718/1718/1718 
f 1667/1667/1667 1611/1611/1611 1717/1717/1717 
f 1654/1654/1654 1667/1667/1667 1645/1645/1645 
f 1656/1656/1656 1705/1705/1705 1711/1711/1711 
f 1705/1705/1705 1650/1650/1650 1703/1703/1703 
f 1611/1611/1611 1706/1706/1706 1609/1609/1609 
f 1655/1655/1655 1706/1706/1706 1649/1649/1649 
f 1707/1707/1707 1727/1727/1727 1733/1733/1733 
f 1700/1700/1700 1707/1707/1707 1742/1742/1742 
f 1708/1708/1708 1690/1690/1690 1736/1736/1736 
f 1698/1698/1698 1732/1732/1732 1750/1750/1750 
f 1644/1644/1644 1693/1693/1693 1729/1729/1729 
f 1688/1688/1688 1709/1709/1709 1606/1606/1606 
f 1645/1645/1645 1729/1729/1729 1654/1654/1654 
f 1701/1701/1701 1646/1646/1646 1692/1692/1692 
f 1635/1635/1635 1711/1711/1711 1691/1691/1691 
f 1656/1656/1656 1711/1711/1711 1652/1652/1652 
f 1636/1636/1636 1712/1712/1712 1651/1651/1651 
f 1655/1655/1655 1712/1712/1712 1706/1706/1706 
f 1706/1706/1706 1704/1704/1704 1649/1649/1649 
f 1732/1732/1732 1698/1698/1698 1754/1754/1754 
f 1658/1658/1658 1703/1703/1703 1650/1650/1650 
f 1705/1705/1705 1703/1703/1703 1612/1612/1612 
f 1633/1633/1633 1727/1727/1727 1737/1737/1737 
f 1646/1646/1646 1653/1653/1653 1692/1692/1692 
f 1738/1738/1738 1714/1714/1714 1716/1716/1716 
f 1730/1730/1730 1728/1728/1728 1746/1746/1746 
f 1667/1667/1667 1717/1717/1717 1645/1645/1645 
f 1607/1607/1607 1717/1717/1717 1637/1637/1637 
f 1608/1608/1608 1718/1718/1718 1646/1646/1646 
f 1668/1668/1668 1718/1718/1718 1612/1612/1612 
f 1658/1658/1658 1719/1719/1719 17/17/17 
f 1719/1719/1719 1650/1650/1650 1726/1726/1726 
f 1627/1627/1627 1720/1720/1720 31/31/31 
f 1657/1657/1657 1720/1720/1720 1649/1649/1649 
f 1656/1656/1656 1721/1721/1721 1726/1726/1726 
f 1721/1721/1721 1652/1652/1652 1724/1724/1724 
f 16/16/16 1722/1722/1722 1627/1627/1627 
f 1655/1655/1655 1722/1722/1722 1651/1651/1651 
f 1722/1722/1722 1723/1723/1723 1651/1651/1651 
f 1694/1694/1694 1723/1723/1723 16/16/16 
f 1699/1699/1699 1724/1724/1724 1652/1652/1652 
f 1721/1721/1721 1724/1724/1724 18/18/18 
f 1720/1720/1720 1725/1725/1725 1649/1649/1649 
f 1655/1655/1655 1725/1725/1725 1722/1722/1722 
f 1656/1656/1656 1726/1726/1726 1650/1650/1650 
f 1719/1719/1719 1726/1726/1726 1628/1628/1628 
f 1686/1686/1686 1739/1739/1739 1629/1629/1629 
f 1743/1743/1743 1755/1755/1755 1758/1758/1758 
f 1740/1740/1740 1710/1710/1710 1747/1747/1747 
f 1741/1741/1741 1773/1773/1773 1774/1774/1774 
f 1700/1700/1700 1742/1742/1742 1730/1730/1730 
f 1728/1728/1728 1742/1742/1742 1713/1713/1713 
f 1744/1744/1744 1774/1774/1774 1773/1773/1773 
f 1739/1739/1739 1686/1686/1686 1746/1746/1746 
f 1739/1739/1739 1746/1746/1746 1728/1728/1728 
f 1740/1740/1740 1747/1747/1747 1687/1687/1687 
f 1630/1630/1630 1748/1748/1748 1750/1750/1750 
f 1629/1629/1629 1749/1749/1749 1686/1686/1686 
f 1698/1698/1698 1750/1750/1750 1748/1748/1748 
f 1731/1731/1731 1751/1751/1751 1735/1735/1735 
f 1794/1794/1794 1752/1752/1752 1804/1804/1804 
f 1759/1759/1759 1768/1768/1768 1788/1788/1788 
f 1732/1732/1732 1754/1754/1754 1757/1757/1757 
f 1735/1735/1735 1755/1755/1755 1731/1731/1731 
f 1780/1780/1780 1796/1796/1796 1790/1790/1790 
f 1741/1741/1741 1757/1757/1757 1754/1754/1754 
f 1743/1743/1743 1758/1758/1758 1769/1769/1769 
f 1759/1759/1759 1790/1790/1790 1796/1796/1796 
f 19/19/19 1814/1814/1814 1847/1847/1847 
f 1745/1745/1745 1761/1761/1761 1771/1771/1771 
f 1760/1760/1760 1777/1777/1777 1782/1782/1782 
f 1761/1761/1761 1745/1745/1745 1776/1776/1776 
f 1763/1763/1763 1782/1782/1782 1777/1777/1777 
f 1797/1797/1797 1785/1785/1785 1826/1826/1826 
f 1756/1756/1756 1783/1783/1783 1799/1799/1799 
f 1766/1766/1766 1765/1765/1765 1776/1776/1776 
f 1766/1766/1766 1775/1775/1775 1765/1765/1765 
f 1743/1743/1743 1769/1769/1769 1771/1771/1771 
f 1778/1778/1778 1792/1792/1792 1805/1805/1805 
f 1745/1745/1745 1771/1771/1771 1769/1769/1769 
f 1764/1764/1764 1772/1772/1772 1763/1763/1763 
f 1744/1744/1744 1773/1773/1773 1760/1760/1760 
f 1741/1741/1741 1774/1774/1774 1757/1757/1757 
f 1784/1784/1784 1775/1775/1775 1788/1788/1788 
f 1766/1766/1766 1776/1776/1776 1745/1745/1745 
f 1763/1763/1763 1777/1777/1777 1764/1764/1764 
f 1770/1770/1770 1799/1799/1799 1783/1783/1783 
f 1772/1772/1772 1764/1764/1764 1787/1787/1787 
f 1791/1791/1791 1779/1779/1779 1800/1800/1800 
f 1789/1789/1789 1781/1781/1781 1792/1792/1792 
f 1760/1760/1760 1782/1782/1782 1744/1744/1744 
f 1770/1770/1770 1783/1783/1783 1787/1787/1787 
f 1775/1775/1775 1784/1784/1784 1765/1765/1765 
f 1827/1827/1827 1842/1842/1842 1833/1833/1833 
f 1786/1786/1786 1822/1822/1822 1816/1816/1816 
f 1772/1772/1772 1787/1787/1787 1783/1783/1783 
f 1784/1784/1784 1788/1788/1788 1768/1768/1768 
f 1781/1781/1781 1789/1789/1789 1756/1756/1756 
f 1780/1780/1780 1790/1790/1790 1779/1779/1779 
f 1779/1779/1779 1791/1791/1791 1780/1780/1780 
f 1789/1789/1789 1792/1792/1792 1778/1778/1778 
f 1793/1793/1793 1816/1816/1816 1822/1822/1822 
f 1752/1752/1752 1794/1794/1794 1778/1778/1778 
f 1753/1753/1753 1795/1795/1795 1807/1807/1807 
f 1759/1759/1759 1796/1796/1796 1768/1768/1768 
f 1785/1785/1785 1797/1797/1797 1810/1810/1810 
f 1854/1854/1854 1851/1851/1851 1808/1808/1808 
f 1756/1756/1756 1799/1799/1799 1781/1781/1781 
f 1795/1795/1795 1800/1800/1800 1779/1779/1779 
f 1824/1824/1824 1802/1802/1802 1840/1840/1840 
f 1844/1844/1844 1808/1808/1808 1851/1851/1851 
f 1793/1793/1793 1803/1803/1803 1804/1804/1804 
f 1794/1794/1794 1804/1804/1804 1803/1803/1803 
f 1778/1778/1778 1805/1805/1805 1752/1752/1752 
f 1819/1819/1819 1809/1809/1809 1829/1829/1829 
f 1753/1753/1753 1807/1807/1807 1810/1810/1810 
f 1817/1817/1817 22/22/22 1834/1834/1834 
f 1820/1820/1820 1806/1806/1806 1828/1828/1828 
f 1785/1785/1785 1810/1810/1810 1807/1807/1807 
f 1830/1830/1830 1813/1813/1813 1836/1836/1836 
f 1832/1832/1832 1825/1825/1825 1843/1843/1843 
f 1836/1836/1836 1811/1811/1811 1848/1848/1848 
f 1814/1814/1814 1767/1767/1767 1823/1823/1823 
f 1815/1815/1815 22/22/22 1817/1817/1817 
f 1809/1809/1809 1819/1819/1819 1797/1797/1797 
f 1844/1844/1844 1798/1798/1798 1853/1853/1853 
f 1815/1815/1815 1817/1817/1817 1838/1838/1838 
f 1786/1786/1786 1816/1816/1816 1831/1831/1831 
f 1806/1806/1806 1820/1820/1820 1849/1849/1849 
f 1818/1818/1818 1808/1808/1808 1850/1850/1850 
f 1793/1793/1793 1822/1822/1822 1803/1803/1803 
f 1813/1813/1813 1846/1846/1846 1837/1837/1837 
f 1802/1802/1802 1824/1824/1824 1841/1841/1841 
f 1837/1837/1837 1812/1812/1812 1843/1843/1843 
f 1797/1797/1797 1826/1826/1826 1809/1809/1809 
f 1818/1818/1818 1833/1833/1833 1842/1842/1842 
f 1820/1820/1820 1828/1828/1828 1829/1829/1829 
f 1819/1819/1819 1829/1829/1829 1828/1828/1828 
f 1813/1813/1813 1830/1830/1830 1845/1845/1845 
f 1786/1786/1786 1831/1831/1831 1841/1841/1841 
f 1825/1825/1825 1832/1832/1832 1840/1840/1840 
f 1824/1824/1824 1840/1840/1840 1832/1832/1832 
f 1834/1834/1834 22/22/22 1839/1839/1839 
f 1827/1827/1827 1833/1833/1833 1849/1849/1849 
f 1813/1813/1813 1835/1835/1835 1846/1846/1846 
f 1812/1812/1812 1837/1837/1837 1846/1846/1846 
f 1815/1815/1815 1838/1838/1838 1762/1762/1762 
f 1811/1811/1811 1836/1836/1836 19/19/19 
f 1834/1834/1834 1839/1839/1839 1850/1850/1850 
f 1802/1802/1802 1841/1841/1841 1831/1831/1831 
f 1854/1854/1854 1798/1798/1798 1851/1851/1851 
f 1808/1808/1808 1818/1818/1818 1854/1854/1854 
f 1844/1844/1844 1851/1851/1851 1798/1798/1798 
f 19/19/19 1847/1847/1847 1811/1811/1811 
f 1823/1823/1823 1847/1847/1847 1814/1814/1814 
f 1852/1852/1852 1845/1845/1845 1855/1855/1855 
f 1818/1818/1818 1850/1850/1850 1839/1839/1839 
f 1845/1845/1845 1835/1835/1835 1813/1813/1813 
f 1853/1853/1853 1821/1821/1821 1856/1856/1856 
f 1836/1836/1836 1848/1848/1848 1830/1830/1830 
f 1806/1806/1806 1849/1849/1849 1833/1833/1833 
f 1842/1842/1842 1854/1854/1854 1818/1818/1818 
f 1845/1845/1845 1852/1852/1852 1835/1835/1835 
f 1837/1837/1837 1843/1843/1843 1825/1825/1825 
f 1852/1852/1852 1855/1855/1855 1801/1801/1801 
f 1853/1853/1853 1856/1856/1856 1844/1844/1844 
