355	20	255	255	691001.9375	13760.5791	9820.844727	1	0	//Остров Гвинея <Торговец оружием>/n Морис
356	20	255	255	689899.1875	12986.63281	14798.15723	1	0	1 //Guinea Island <Универсальный магазин>/n Olsen
357	20	255	255	685499.375	12653.58008	18564.46875	1	0	1 //Остров Гвинея <моряк>/nCook
337	20	255	255	686916.4375	13417.31055	12240.76758	0	0	1 //Остров Гвинея <Новичок
342	20	255	255	688493.6875	13431.82324	12019.8418	1	0	1 //Остров Гвинея <Волшебник>/nЮлия
680	20	255	255	689082.5625	13417.31055	11823.76563	1	0	1 //Безымянный <Комната ПК>/nHelper
947	20	255	255	688290.3125	13431.82324	9246.191406	0	0	1 //Остров Гвинея <Уведомление>
354	20	255	255	691334.4375	13732.23438	10929.1416	0	0	1 //Гвинея <Старый
2091	20	255	255	688752	13417.31055	11818.44238	1	0	1 //Безымянный <Подарочная коробка>/nExchange
355	30	255	255	740894.75	21851.84766	60675.71094	1	0	//Остров Гвинея <Торговец оружием>/n Морис
356	30	255	255	739171.375	21489.13086	57858.00781	1	0	1 //Guinea Island <Универсальный магазин>/n Olsen
357	30	255	255	740799.4375	20461.35742	51658.16016	1	0	1 //Остров Гвинея <моряк>/nCook
337	30	255	255	744085.25	22198.13867	61391.95313	0	0	1 //Остров Гвинея <Новичок
342	30	255	255	739691.6875	21192.30078	55007.95703	1	0	1 //Остров Гвинея <Волшебник>/nЮлия
680	30	255	255	739848.875	21192.30078	55450.04297	1	0	1 //Безымянный <Комната ПК>/nHelper
947	30	255	255	742073.5625	21489.13086	57678.58203	0	0	1 //Остров Гвинея <Уведомление>
354	30	255	255	741261.375	21834.13867	60363.33594	0	0	1 //Гвинея <Старый
2091	30	255	255	740341.5625	21192.30078	55599.02734	1	0	1 //Безымянный <Подарочная коробка>/nExchange
355	40	255	255	693236.9375	12550.57617	114200.6172	1	0	//Остров Гвинея <Торговец оружием>/n Морис
356	40	255	255	699477.5625	12540.25781	113768.75	1	0	1 //Guinea Island <Универсальный магазин>/n Olsen
357	40	255	255	696614.5625	13275.13965	107664.8672	1	0	1 //Остров Гвинея <моряк>/nCook
337	40	255	255	696469.0625	12540.25781	112292.1797	0	0	1 //Остров Гвинея <Новичок
342	40	255	255	696563.5625	12932.27539	110882.4453	1	0	1 //Остров Гвинея <Волшебник>/nЮлия
680	40	255	255	695514.625	12940.52832	110728.1797	1	0	1 //Безымянный <Комната ПК>/nHelper
947	40	255	255	695991.25	12951.9209	109315.5625	0	0	1 //Остров Гвинея <Уведомление>
354	40	255	255	693472.1875	12540.25781	112929.6094	0	0	1 //Гвинея <Старый
2091	40	255	255	695992.9375	12937.76074	110699.3906	1	0	1 //Безымянный <Подарочная коробка>/nExchange
375	20	255	255	686471.625	13436.31836	12143.36816	1	0	1 // Мануэль, Гвинея
376	20	255	255	689392.4375	12671.83496	17366.94531	1	0	1 // Паралич Гвинеи
352	0	255	255	710099.8125	13218.44336	25622.53516	1	0	1 // Уолтер, Гвинея
350	0	255	255	713529.4375	12929.31836	27978.58984	1	0	1 //Остров Гвинея <Guard>/nWorston
349	0	255	255	663018.8125	12915.30566	39870.28125	1	0	1 //Остров Гвинея <Guardian>/nHoward
382	0	255	255	705691.8125	12561.90625	29294.86133	1	0	1 // Бартон, Гвинея
378	80	255	255	718619.5	11807.0459	16136.50684	1	0	1 // Ламкин, остров Гвинея
343	0	255	255	714226.9375	12983.12109	29452.30078	1	0	1 // гвинейский пенни
381	90	255	255	670828.25	16777.90625	57871.62891	1	0	1 // Мавр Гвинеи
384	0	255	255	727248.125	15622.84473	75552.16406	1	0	1 // Леа, Гвинея
374	0	255	255	703711.875	13831.96289	71161.90625	1	0	1 // Мойр, остров Гвинея
339	90	255	255	688880.25	14063.31836	70555.67188	1	0	1 //Остров Гвинея <Guardian>/n Bannister
341	0	255	255	725848.6875	15616.03613	58401.22656	1	0	1 //Освальт, Гвинея
383	70	255	255	734386.25	11979.52148	96531.61719	1	0	1 //Акоста, остров Гвинея
379	0	255	255	704812.9375	13909.59277	71061.5625	1	0	1//Гвинеа Айленд Лейкерс
353	90	255	255	688542.5	14082.6084	71486.53906	1	0	1 //Остров Гвинея <Guard>/nClayton
2064	30	255	255	742765.125	21823.15039	59894.17188	1	0	// Марке, остров Гвинея
2066	30	255	255	738698.9375	20817.30664	52821.46875	1	0	1 //Барби с острова Гвинея
345	0	255	255	677607.4375	14059.68359	91151.13281	1	0	1 // Оливия, Гвинея
387	0	255	255	668336	13771.82227	86627.625	1	0	1 // Амас, Гвинея
351	90	255	255	660489.5	13873.19824	67151.91406	1	0	1 //Остров Гвинея <Guardian>/nKelly
340	0	255	255	686077.75	12884.60156	97743.98438	1	0	1 // Понсон, остров Гвинея
372	60	255	255	668303.6875	11324.86719	100255.3516	1	0	1 // Почта Гвинеи
386	0	255	255	673960	13365.03613	87162.32813	1	0	1 // Аломар, остров Гвинея
338	90	255	255	670740.3125	16680.16211	58327.26563	1	0	1 // Дорога на остров Гвинея
2065	40	255	255	695471	12531.48633	112719.2031	1	0	1 // Метельс, Гвинея
2067	40	255	255	694541.8125	13274.64356	106289.1563	1	0	1 //Мари, Гвинея
357	50	255	255	654414.5625	12100.98145	77378.46875	1	0	1 //Остров Гвинея <моряк>/nCook
857	20	255	255	686300.9375	13431.82324	13223.13379	0	0	1 //Безымянный <Гадалка>/нКаган
945	20	255	255	686771.125	13431.82422	13203.72168	0	0	1 //безымянный <обычный материал>/noperator
243	20	255	255	687219.5	13431.82422	13183.15527	0	0	1 //Безымянный <специальный материал>/noperator
128110	20	255	255	686743.5	13434.46387	13200.96582	0	0	1 //безымянный <обычный материал>/noperator
243	30	255	255	741468.4375	21192.30078	54504.63281	0	0	1 //Безымянный <специальный материал>/noperator
945	30	255	255	741848.9375	21192.30078	54724.96094	0	0	1 //безымянный <обычный материал>/noperator
857	30	255	255	741870	21192.30078	55152.35938	0	0	1 //Безымянный <Гадалка>/нКаган
128110	30	255	255	741825.5	21197.76563	54711.92969	0	0	1 //безымянный <обычный материал>/noperator
243	40	255	255	694830.125	13274.64356	108701.5625	0	0	1 //Безымянный <специальный материал>/noperator
945	40	255	255	694540.9375	13274.64356	108731.5781	0	0	1 //безымянный <обычный материал>/noperator
857	40	255	255	694222.9375	13274.64356	108748.6719	0	0	1 //Безымянный <Гадалка>/нКаган
128110	40	255	255	694564.3125	13291.3125	108722.4922	0	0	1 //безымянный <обычный материал>/noperator
1024	255	10	255	784854.0625	13999.80664	690309.875	1	0	1 //Эшбернард <вождь>/nBengal
1025	255	10	255	770217.9375	13812.59668	696919.125	1	0	1 //Эшбернард <Продавец товаров общего назначения>/нИга
1036	255	50	255	803862.4375	17383.63867	715814.6875	1	0	1 //Эшбернард <Привратник>/nKarajan
1037	255	10	255	785850.3125	13967.89551	690800.8125	1	0	1 //Эшбернард <Волшебник>/nДжулия
1038	255	10	255	781018.25	13511.13086	691254.0625	1	0	1 // Эшбернард <Старый
1039	255	10	255	790759.25	13970.34668	689290.4375	1	0	1 //Эшбернард <Охотник>/nРиореус
1040	255	10	255	773540.875	13798.30664	695173.5625	1	0	1 //Пепельный ожог <Кузнец>/nAgni
1047	255	10	255	786274.8125	13989.13281	690158.25	1	0	1 //Эшбернард <Пилот Телепорта>/н Ян
1048	255	10	255	774238.8125	13809.27148	697822.75	1	0	//Эшбернард <Хранитель Склада>/нЯнфу
1051	255	10	255	786117.1875	13974.67578	692189.9375	1	0	1 //Эшбернард <Волшебник>/nToscanini
1053	255	10	255	787410.375	13973.07617	688014.5625	1	0	1 //Эшбернард <Новичок
1054	255	10	255	773106.75	11345.10742	687066.0625	1	0	1 //Эшбернард <Волшебник>/nСерафим
1056	255	10	255	773799	13801.9375	695009.375	1	0	1 //Эшбернард <Торговец оружием>/nnicolo
2091	255	10	255	777749.25	13810.17481	694776.5625	1	0	1 //Безымянный <Подарочная коробка>/nExchange
1032	255	10	255	786466.375	13977.04883	692189.875	1	0	1 // Эшбернард Джулианна
1033	255	10	255	788010.9375	13989.33301	691410.625	1	0	1 // Эшбернард Анджелмо
1034	255	10	255	787808.5	13988.5791	691593.6875	1	0	1 // Шапочка Эшбернарда
1035	255	60	255	765299.5625	16212.29395	716875.875	1	0	1 // Эшбернард Рекс
1041	255	50	255	793011.6875	17128.71289	715096.5	1	0	1 // Эшбернард Бертельс
1042	255	30	255	793457.75	15329.98438	665016.1875	1	0	1 // Эшбернард Джинхуэй
1043	255	10	255	789249.6875	14032.76074	687851.6875	1	0	1 // Эшбернард Лансель
1044	255	0	255	768643.6875	13735.66016	706482.5	1	0	1 // Эшбернард Ивея
1045	255	0	255	799430.5	15210.1875	682577.3125	1	0	1 // Эшбернард Ино
1046	255	0	255	805463.4375	16327.46973	691007.375	1	0	1 // Эшбернард Батер
1052	255	70	255	718331.0625	11466.38965	723131	1	0	1 // Эшбернард Стрэндж
1049	255	10	255	776367.5	13784.60449	697230.125	1	0	1 // Пепельный охотник
1075	255	20	255	767747.625	12425.98242	665924.4375	1	0	1 // Эшбернард <Макабонта'с
1076	255	40	255	820942.3125	11481.44824	653892.3125	1	0	1 //Эшбернард <Разведчик>/ncase
1026	255	30	255	808551.9375	14111.11523	673291.375	1	0	1 //Эшбернард <Страж>/nГореган
1027	255	50	255	792919.3125	17198.49023	716610.75	1	0	1 //Эшбернард <Страж>/nДженнет
1028	255	0	255	750374.4375	17103.22852	686876.9375	1	0	1 //Страж Эшберна <Страж>/нМаду
1029	255	100	255	735753.4375	17466.39844	651057.0625	1	0	1 //Эшбернард <Страж>/nРамдан
1030	255	30	255	796940.5625	15042.55273	660965.125	1	0	//Эшбернард <Страж>/nРеус
1031	255	10	255	791415.125	14016.37305	688501.1875	1	0	1 //Эшбернард <Страж>/nДин
1061	255	10	255	772669.6875	13824.70313	698732.625	1	0	1 //Страж Эшберна <Торговец книгами навыков>/n
1062	255	10	255	772409.75	13820.74121	698767.625	1	0	1 //Страж Эшберна <Волшебный служащий>/n Длинный Хвост
1063	255	10	255	771645.75	13819.74609	695520.5	1	0	1 //Эшбернард <Продавец антиквариата>/n Разрушитель
1064	255	10	255	771060.8125	13814.84668	696170.125	0	0	1 //Эшбернард <Сундук с сокровищами>/nОрландо
1066	255	10	255	774323.0625	13814.375	694391.0625	1	0	1 //Эшбернард <Сборщик самоцветов>/nKubenis
813	255	10	255	772691.0625	13811.12207	695629.3125	0	0	1 //безымянный <охранник>/нСкалли
845	255	10	255	772528	13823.79492	695386.125	0	0	1 //безымянный <ученик>/nmanager
928	255	10	255	785103.8125	13975.70606	692276.8125	0	0	1 //безымянный <из Аида
857	255	10	255	771915.125	13830.68945	695307.4375	0	0	1 //Безымянный <Гадалка>/нКаган
938	255	10	255	772411.8125	13831.44434	695102.25	0	0	1 //безымянный <интеграция с сервером>/nadmin
901	255	10	255	772155.9375	13831.28027	695210.3125	0	0	1 //безымянное <событие>/nunknown
252	255	10	255	770623.375	13807.06152	698184.9375	0	0	1 //безымянное <событие>/nConcierge
968	255	10	255	770737.75	13783.18457	698661.3125	0	0	1 // без названия <платина
945	255	10	255	774094.6875	14020.38379	698850.4375	0	0	1 //безымянный <материал>/nhelper
929	255	10	255	783997.375	13928.36719	688531.75	0	0	1 //Безымянный <Золотой сундук с сокровищами>/nopener
243	255	10	255	774382.75	13987.65039	698851.875	0	0	1 //Безымянный <специальный материал>/noperator
128110	255	10	255	774124.0625	14023.31738	698848.3125	0	0	1 //безымянный <обычный материал>/noperator
135	255	10	10	349942.5	16038.27148	297200.4375	1	0	1 //Деревня Эшберн <Управляющий гильдией>/nБрэндон
167	255	10	10	358750.75	15762.0332	302329.875	1	0	1 //Деревня Эшбурн <Хранитель Склада>/nPopo
935	255	10	10	350936.375	15924.56055	290428.375	1	0	//Деревня Эшберн <Хранитель Склада>/nFufu
725	255	10	10	361565.8438	15648.06055	300138.5	1	0	1 //Деревня Эшберн <Эшберн>/nCrew Combat Manager
714	255	10	10	356539.7188	15476.42969	288006.8438	1	0	1 //Деревня Эшберн <Раса Драко>/n Управляющий Эшберном
247	255	10	10	352726.25	15607.06641	297881.1875	1	0	1 //Деревня Эшберн <Эшберн>/nBoard
252	255	10	10	350733.5938	16045.1377	298431.1563	1	0	1 //безымянное <событие>/nConcierge
609	255	10	10	361700.6875	15615.56445	292067.125	1	0	1 //Деревня Эшберн <Пилот телепортации>/nMerry
722	255	10	10	351539.625	16042.17969	298621.2188	1	0	1 //Деревня Эшберн <Эшберн>/nVillage
1691	255	10	10	366150.5	15887.17676	297684.4063	1	0	1 // без имени <ashburn
1873	255	10	10	348262.4688	16301.14648	298480.7188	0	0	1 //Деревня Эшберн <Дерево навыков
1924	255	10	10	358284.1563	15758.61816	302372.7188	1	0	1 //Черная земля <Консигнационная продажа
2057	255	160	160	383088.625	16611.05078	306653.5938	0	0	1 //Страж Блэкленда <Внутри Метеоса> Менеджер по перемещению
2102	255	10	10	361420.0938	15609.99609	291604	1	0	1 //Остров Гвинея <Помощник новичка> Лия
2103	255	10	10	359073.5625	15758.61914	302292.25	0	0	1 //безымянное <событие>/npotion
2806	255	10	10	361431.625	15625.46777	299941.5625	1	0	1 //Безымянный <Управляющий ареной>/nPionios
162	255	10	10	363756.5938	15693.53125	299892.5313	1	0	1 //Деревня Эшберн <Самоцветы
134	255	10	10	365655.5938	15888.23731	296320.1875	1	0	1 //Деревня Эшберн <Продавец товаров общего назначения>/nCeline
157	255	10	10	360987.5313	15729.40625	289222.75	1	0	1 //Деревня Эшберн <Торговец оружием>/nБарри
926	255	10	10	364528.5	15782.45313	292141.5938	1	0	1 //Деревня Эшберн <Универсальный магазин>/nSid
933	255	10	10	362650.75	15719.17188	289221.4063	1	0	1 //Деревня Эшберн <Продавец материалов>/nЛютер
934	255	10	10	365452.75	15888.80762	295237.625	1	0	//Деревня Эшберн <Продавец книг навыков>/nKen
944	255	10	10	366561.2813	15541.73926	298550.1563	1	0	1 //Деревня Эшберн <Magic Desk Man>/nSchent
161	255	160	160	384197.3125	16536.11914	309574	1	0	1 //Деревня Эшберн <Продавец антиквариата>/n Воррел
936	255	160	160	378566.4375	16923.55078	312138.9375	1	0	1 //Деревня Эшберн <Хранитель Склада>/n Саймон
769	255	160	160	378847.0313	16896.83594	304729.9375	1	0	1 //Деревня неудачников <Продавец фейерверков>/nCracker
734	255	160	160	379363.4375	16895.26172	308070.4375	1	0	1 //Деревня неудачников <Ипподром
168	255	160	160	384690.3125	16544.66211	309585.0938	1	0	1 // Ева, деревня Эшберн
2039	255	160	160	380814.1563	16533.28125	308617.5938	1	0	1 //Деревня Неудачников <Пилот Телепортации>/n Венерома
680	255	10	10	361064.6563	15613.12109	291388.8125	0	0	1 //Безымянный <Комната ПК>/nHelper
2091	255	10	10	360068.4063	15609.9043	291863.625	0	0	1 //Безымянный <Подарочная коробка>/nExchange
160	255	10	10	362122.0313	15720.68555	289510.75	1	0	1 //Деревня Эшберн <Кузнец>/nRuss
166	255	10	10	361116.0625	15610.03516	292997.7188	1	0	1 // Подкроватная сетка в деревне Эшберн
165	255	10	10	359361.125	15607.55469	291377.875	1	0	1 // Сердце деревни Эшберн
265	255	10	10	356232.5313	15610.00293	291046.4063	1	0	1 // Эшберн Виллидж Кевин
245	255	10	10	354296.5625	15609.54688	292287.7188	1	0	1 //Томми, деревня Эшберн
266	255	10	10	353199.625	15609.95215	295607.3438	1	0	1 // Сесил, деревня Эшберн
261	255	10	10	354054.8125	15611.29981	297789.3438	1	0	1 // Альфред, деревня Эшберн
263	255	10	10	353850.8438	15604.93945	300155.4688	1	0	1 // Марш, деревня Эшберн
308	255	10	10	354039.375	15605.93262	300324.8125	1	0	1 // Фишер, деревня Эшберн
311	255	10	10	354302.7813	15607.30664	300526.5313	1	0	1 // Оленберг, деревня Эшберн
668	255	20	20	368856.5	14503.32813	304528.9375	1	0	1 //Кали, деревня Эшберн
164	255	10	10	356691.9063	15608.24316	299333.1875	1	0	1 // Шуман, деревня Эшберн
264	255	10	10	350556.75	16042.49805	299231.6563	1	0	1 // Креа, деревня Эшберн
262	255	10	10	360851.5938	15608.94824	298211.375	1	0	1 // Эшберн Лютер
765	255	20	20	364131.0938	12372.06934	313276.1563	1	0	1 //Безымянный капитан
2092	255	30	30	393188.2813	15836.77051	295490.9375	1	0	1 // Без имени <Hendelium
2093	255	100	100	343394.4063	18279.36133	240318.0938	1	0	1 // Без имени <Hendelium
2094	255	120	120	306505.9688	13656.54004	316882.375	1	0	1 // Без имени <Hendelium
270	255	10	10	368136.7188	16032.05273	300542.7813	0	0	//Деревня Эшберн <Страж>/nBird
273	255	10	10	366897.6563	16033.76367	301599.7188	0	0	1 //Деревня Эшберн <Страж>/nKir
267	255	10	10	364577.375	15776.29492	289916.125	1	0	1 //Деревня Эшберн <Страж>/nЦиммерман
155	255	10	10	365290.7813	15777.08691	291125.4688	1	0	1 //Деревня Эшберн <Страж>/nБраун
554	255	10	10	369862.9688	15449.85547	296895.1563	0	0	1 //Деревня Эшберн <Страж>/n Петио
560	255	10	10	369693.25	15390.70703	295331.1563	0	0	1 //Деревня Эшберн <Страж>/nUtaru
277	255	10	10	356091.5625	15558.3418	285964.8125	0	0	1 //Деревня Эшберн <Страж>/nNox
279	255	10	10	358994.0938	15615.19141	285933.625	1	0	1 //Деревня Эшберн <Страж>/нАрту
268	255	0	0	362298.0313	15597.01953	282913.625	0	0	1 //Деревня Эшберн <Страж>/nДункан
269	255	0	0	367088.75	15680.16016	280088.375	0	0	1 //Деревня Эшберн <Страж>/nRoverson
276	255	0	0	368593.2188	15869.27148	287248.75	0	0	1 //Деревня Эшберн <Страж>/nClark
275	255	0	0	369563.375	15857.5918	288831.7813	1	0	1 //Деревня Эшберн <Страж>/nМортон
274	255	10	10	373506.0625	15382.41797	294914.625	0	0	1 //Деревня Эшберн <Страж>/nKzeb
282	255	0	0	376084.5938	15536.30273	291189.75	0	0	1 //Деревня Эшберн <Страж>/нСева
280	255	160	160	380857.625	16528.26172	307234.875	0	0	1 //Деревня Эшберн <Страж>/nЛео
272	255	160	160	380770.2813	16536.00391	311489.4063	0	0	1 //Деревня Эшберн <Страж>/nZone
271	255	160	160	381777.1875	16431.45508	303285.7188	0	0	1 //Деревня Эшберн <Страж>/nPhillips
163	255	10	10	349372.375	15734.49219	295235.6563	0	0	1 //Деревня Эшберн <Сундук с сокровищами>/nLina
700	255	10	10	352346.2188	15476	287874.1875	0	0	1 //Байрон Виллидж Дикий Драко
700	255	10	10	351821.5	15478.39063	287923.1563	0	0	1 //Байрон Виллидж Дикий Драко
700	255	10	10	351524.7188	15494.21973	288298.7188	0	0	1 //Байрон Виллидж Дикий Драко
700	255	10	10	351796.3125	15489.55859	288696.5938	0	0	1 //Байрон Виллидж Дикий Драко
700	255	10	10	351997.0313	15476.13086	288256.8125	0	0	1 //Байрон Виллидж Дикий Драко
700	255	10	10	352354.9063	15478.20703	288605.7813	0	0	1 //Байрон Виллидж Дикий Драко
700	255	10	10	352565.5938	15476	288221.7188	0	0	1 //Байрон Виллидж Дикий Драко
638	255	10	10	353111.2813	15476	288245.6875	0	0	//Деревня Байронов <Управляющий Фермой>/nPater
2314	255	10	10	363694.3125	15777.75098	292286.7188	1	0	1 //Безымянный <Абеллион
2579	255	10	10	362413.0625	15777.56934	290703.5313	1	0	1 //Деревня Эшберн <Учитель Слуг>/n Ирина
2690	255	10	10	363763.9688	15777.51465	290293.1875	1	0	1 //безымянный <офицер снабжения>/nneo
102085	255	10	10	363859.1563	15777.51367	290239.9063	0	0	1 //безымянный <офицер снабжения>/nneo
102086	255	10	10	363666.8438	15777.5166	290354.125	0	0	1 //безымянный <офицер снабжения>/nneo
2805	255	10	10	362093.2188	15609.96387	294502.4375	1	0	0 //безымянное <событие>/nholly
2857	255	10	10	363669.875	15777.51367	290152.6875	1	0	1 //Безымянный <офицер снабжения>/nTheo
2980	255	10	10	350091.4063	16042.74023	296497.5	0	0	1 //Безымянный <оператор>/nSerie
2980	255	255	5	190737.5313	23875.0332	110106.2734	0	0	1 //Безымянный <оператор>/nSerie
2980	10	10	255	202138.4688	12517.57715	226677.7969	0	0	1 //Безымянный <оператор>/nSerie
2982	255	10	10	350232.5	16042.72656	296412.25	0	0	1 //безымянный <оператор>/nmarin
2980	10	255	10	424365.5313	21132.41016	139373.3125	0	0	1 //Безымянный <оператор>/nSerie
2982	10	10	255	202256.9688	12517.56836	226594.6563	0	0	1 //безымянный <оператор>/nmarin
2982	255	255	5	190830.0156	23901.08008	110009.7969	0	0	1 //безымянный <оператор>/nmarin
2982	10	255	10	424371.25	21132.41016	139232.4063	0	0	1 //безымянный <оператор>/nmarin
3083	255	10	10	361148.1875	15610.0625	290322.0938	0	0	1 //Безымянный мужчина в черном
3084	255	10	10	363610.5625	15777.5127	290050.25	1	0	1 //Безымянный <офицер снабжения>/nЛео
3085	255	10	10	363550.4375	15777.51465	290090.7813	1	0	1 //Безымянный <офицер снабжения>/nЛео
101223	255	10	10	363525.9375	15777.5166	290239.7813	0	0	1 //безымянный <офицер снабжения>/n секция
101813	255	10	10	360802.4688	15254.86328	296121.875	0	0	1 //безымянный <событие>/n рефери
102341	255	10	10	362195.6875	15609.96973	294663.5313	1	0	1 //Безымянный <Сундук с сокровищами Точки Хаоса>/npoly
118309	255	10	10	361970.9063	15609.95508	294292.5	0	0	1 //безымянное <событие>/nlily
128566	255	10	10	359750.875	15246.67383	293244.9688	1	0	1 //безымянное <событие>/nновый год
2003	255	255	101	716626.0625	15388.67871	479270.6563	1	2	1 //Безымянный <Хранитель Склада>/нларка
2001	255	255	101	712194.875	15493.71289	477615.2188	1	2	1 //Безымянный <Торговец доспехами>/nLarka
2002	255	255	101	714971.625	15413.20508	476926.0938	1	2	1 //Безымянный <продавец товаров общего назначения>/nlarca
2006	255	255	101	716041.5625	15388.67773	479367.1875	1	1	1 //Безымянный <Хранитель Склада>/nPoby
2004	255	255	101	712453.9375	15493.71191	477611.0313	1	1	//Без имени <Отправка
2005	255	255	101	714976.625	15413.20508	476693.6875	1	1	//Без имени <Отправка
2001	255	255	107	825846.25	41291.96875	382854.9375	1	2	1 //Безымянный <Торговец доспехами>/nLarka
2002	255	255	107	824610.5	41298.99609	383729	1	2	1 //Безымянный <продавец товаров общего назначения>/nlarca
2004	255	255	107	826436	41291.625	385441.9688	1	1	//Без имени <Отправка
2005	255	255	107	826522.9375	41291.5	385258.875	1	1	//Без имени <Отправка
2015	255	255	112	435284.4063	20015.15234	280216.5625	1	0	1 //Деревня Эшберн <Полнолуние
2023	255	255	101	709437.75	17433.63867	488779.125	1	0	1 //безымянный <полная луна
2024	255	255	101	708613.25	17560.53906	486575.4688	1	0	1 // безымянный <larca
2025	255	255	101	713724.875	15389.80176	479751.5938	1	0	1 // безымянный <larca
2026	255	255	101	707977.3125	16320.83301	483881.2188	1	0	1 // безымянный <larca
2027	255	255	101	711848.875	16333.17285	481534.375	1	0	1 // умереть безымянным
2028	255	255	101	709460.75	16210.57813	478494	1	0	1 // В полнолуние без имени
2029	255	255	101	713585.4375	15389.80176	480044.4375	0	2	1 //Безымянный отдых
2029	255	255	101	713492.4375	15389.80176	480171.8438	0	2	1 //Безымянный отдых
2030	255	255	101	708935.8125	17560.53906	487498.2188	1	0	1 // безымянный <остальное
2031	255	255	101	710305.25	17425.75781	484235.6563	1	0	1 // без имени <ресурс
2032	255	255	101	708954	16399.9707	482372	1	0	1 // без имени <ресурс
2033	255	255	101	716168.25	15319.6709	481652.1875	1	0	1 // без имени <ресурс
2035	255	255	101	714451.25	15315.44434	475760.6875	1	1	1 //Безымянный мститель
2034	255	255	101	717026.6875	15388.67773	479919.2813	1	0	1 // без имени <ресурс
2036	255	255	101	713534.8125	15389.80176	480074.6875	1	1	1 //Безымянный отдых
2036	255	255	101	713671.125	15441.98633	480131.7188	1	1	1 //Безымянный отдых
2037	255	255	100	788382.3125	39061.74219	405014.3125	0	0	1 //без имени <земля
2029	255	255	101	713639	15389.80176	480167.7813	0	2	1 //Безымянный отдых
2029	255	255	101	713712.125	15435.23633	480083.9688	0	2	1 //Безымянный отдых
2044	255	255	104	784297.4375	24232.62305	426823.375	1	0	1 //Магазин NPC Лерион
2044	255	255	104	767389.25	24233.88281	469571.2188	1	0	1 //Магазин NPC Лерион
2044	255	255	109	774628.8125	49181.39844	372161.375	1	0	1 //Магазин NPC Лерион
2634	255	255	108	793576.125	46237.85547	367196.1563	1	0	1 //к безымянному горизонту
2635	255	1	100	1136246.75	13359.23047	596772.375	1	0	1 // безымянный разрыв в полнолуние 1
2636	255	1	100	1136325.375	13360.7002	569521	1	0	1 // безымянный разрыв в полнолуние 2
2637	255	1	100	1163302.25	13357.23731	569518	1	0	1 //Безымянный разрыв в полнолуние 3
2638	255	1	100	1163326	13357.02832	596710.6875	1	0	1 //Безымянный разрыв в полнолуние 4
2639	255	1	100	1146531.25	13433.63477	579731.25	1	0	1 //менеджер безымянного горизонта
2664	255	1	100	1152839.5	13433.63574	586355.625	1	0	1 //менеджер безымянного горизонта
2667	255	1	100	1149839.125	13356.86426	583084.625	1	0	1 //Магазин NPC Ларион
2624	255	255	107	825458.9375	41383.64844	383720.5313	1	0	1 //безымянный раненый улан
2625	255	255	107	825410.375	41335.40234	384734.5625	1	0	1 //Безымянный выздоравливающий старший офицер
884	230	240	220	17708.99023	29548.3457	248017.0156	0	0	1 //Черный наземный страж <Телепорт>/n Эльф
889	210	240	220	11463.91406	14175.2793	491769.8438	0	0	1 //Страж Блэкленда <Хранитель Склада>/nВинс
890	210	240	220	11078.20801	14150	490756.375	0	0	1 //Страж Блэкленда <Торговец>/nГермес
900	210	240	220	16492.38672	14223.4502	485973.2188	0	0	1 //Черный наземный страж <Телепорт>/n Эльф
902	210	240	220	11057.3418	14149.19336	490160.1875	0	0	1 //Черная наземная гвардия <Главный торговец>/nСтунон
2082	220	240	220	192467.2813	20733.04492	487354.6563	0	0	//безымянный <магический предмет
2081	210	240	220	16735.0918	14070.67969	491023.75	0	0	1 //безымянный <бог солнца
2981	210	240	220	12276.91016	14091.02051	490568.3438	0	0	1 //Безымянный <Открыватель ящиков Метеос>/nКебек
892	210	240	220	13983.64648	14161.5332	489743.4375	0	0	1 //Блэкленд Страж Билли
885	200	240	220	73114.25781	22056.2832	532285.75	0	0	1 //Гробовщик из Черной Стражи
427	210	240	220	12726.83887	14156.71289	487570.3125	0	0	1 //Страж Блэкленда <Передовая база
425	210	240	220	14124.5332	14172.49414	492125.8125	0	0	1 //Страж Блэкленда <Передовая база
2105	210	240	220	15805.53125	14109.17383	492043.1563	1	0	1 //Без имени <Метеос
2533	1	255	240	1163583.375	31712.32227	835195.3125	1	0	1 //Иллюзия стража Блэкленда Белкена
1710	190	10	255	962766.875	38494.78516	1270263.125	1	0	1 //Черноземная стража <земли
1711	190	10	255	965818.3125	43890.45703	1278074.25	1	0	1 //Блэкленд Страж <ветра
1712	190	10	255	958879.4375	48907.09375	1280904	1	0	1 //Страж Блэкленда <Вода
1713	190	10	255	955307.875	53926.86328	1275051.375	1	0	1 //Черноземная стража <солнца
1654	220	240	220	251587.3281	13285.66016	534009.5625	1	0	1 //Страж Блэкленда <Страж>/nГрантор
1719	190	10	255	960998.5625	38663.89063	1276808	1	0	1 // Участки Блэклендгард
2528	240	10	220	957926.5625	58079.54297	1273532.125	0	0	0 //Защитник земли Блэклендской стражи
2529	240	10	220	957478	58079.54297	1274031.625	0	0	0 //Воздушный герметик Blackland Guard
2530	240	10	220	957969.9375	58079.28906	1274477.125	0	0	0 // Морской тюлень Blackland Guard
2531	240	10	220	958433.375	58079.54297	1273977	0	0	0 //Солнечный герметик Blackland Guard
2532	240	10	220	957954.3125	58150.87891	1273999.375	1	0	0 //Мысли черноземного стража Грихентеля
107547	240	10	220	957733.3125	58079.54297	1273041.125	1	0	0 //Безымянный <Древний запечататель>/nGermain
1290	255	15	15	435557.9063	20073.4043	255637.1875	0	0	1 //безымянного измерения
1289	255	90	255	734549.3125	18538.03711	728747	0	0	//Безымянный <Телепорт камердинера>/нкуя
1291	255	25	25	972560.8125	13347.94629	1075254.5	1	0	1 //Безымянный <Рыцарь-командующий>/nКашу
1292	255	25	25	972544.6875	13354.84082	1098913.75	1	0	1 //Безымянный <высший эльф>/nIwen
1293	255	25	25	949211.25	13353.50293	1098925	1	0	1 //Безымянный <Старший призыватель>/n Lean
1294	255	25	25	949224.5	13351.9375	1075244.875	0	0	1 //Безымянный Наукил
1503	255	25	25	948927.3125	13348.68164	1075285.875	0	0	1 //Безымянный Найшелл
1502	255	25	25	949220.5625	13347.52246	1075505.375	0	0	1 //Безымянный Намар
2687	255	15	15	435557.4063	20073.90039	255636.9063	0	0	1 // Разлом анонимного измерения
2686	255	90	255	734548	18536.03516	728745.3125	0	0	//Безымянный <Телепорт камердинера>/нкуя
2689	255	15	15	435557.625	20073.90625	255636.3281	0	0	1 // Разлом анонимного измерения
2688	255	90	255	734546.125	18536.03516	728748.4375	0	0	//Безымянный <Телепорт камердинера>/нкуя
2682	255	10	100	1175189.25	13872.50879	937092.4375	1	0	1 //Безымянный <рыцарь-командующий>/nCarl
2683	255	10	100	1156823.125	13872.5166	953031.125	1	0	1 //Безымянный, робкий бульдозер
2684	255	20	100	1149253.375	13937.52637	780338.25	1	0	1 //Безымянный <ученый-исследователь>/nEmet
2685	255	20	100	1150017.375	11892.35547	767196.25	1	0	1 //Безымянный <высший эльф>/нАиша
1295	15	255	15	286290.0313	18122.51758	81181.74219	1	0	1 // безымянный ликан
1307	25	255	25	971027	13761.61231	1157737.125	0	0	1 // безымянный преданный
1297	25	255	25	951511	21359.72461	1159682.875	0	0	1 //Безымянный Nuweave
1296	35	255	35	975067.6875	12633.96289	1204171.625	0	0	1 //Безымянный Нуйвиль
1302	35	255	35	955432.25	16862.87891	1199726.5	0	0	1 // безымянный ликан
1303	35	255	35	965046.0625	17000.25391	1200382.75	0	0	1 //Безымянный Каспер
1304	35	255	35	947768.8125	16856.0293	1207967.875	0	0	1 //Безымянный Блэр
1305	35	255	35	948748.4375	16123.36816	1225436.375	0	0	1 // безымянного раба
1298	35	255	35	955628.5	16758.17773	1205187.25	0	0	1 //Комната Безымянного Ликана
1299	35	255	35	962884.9375	16893.49609	1205590.875	0	0	1 //Комната Безымянного Каспера
1300	35	255	35	953158.8125	16768.87109	1207481.25	0	0	1 // Комната Безымянной Блэр
1301	35	255	35	952422.1875	16028.83203	1221019.875	0	0	1 //Комната безымянных рабов
1504	35	255	35	964946.9375	16889.82031	1202590.875	0	0	//Безымянный поиск невидимости
1504	35	255	35	963525.375	16869.01367	1201926.5	0	0	//Безымянный поиск невидимости
1504	35	255	35	956095.75	16741.63672	1201740.375	0	0	//Безымянный поиск невидимости
1504	35	255	35	954548.25	16729.11719	1201754.625	0	0	//Безымянный поиск невидимости
1504	35	255	35	949809.25	16751.50195	1208727.25	0	0	//Безымянный поиск невидимости
1504	35	255	35	949681.625	16733.91016	1207249.75	0	0	//Безымянный поиск невидимости
1504	35	255	35	949748.125	15992.69336	1223467.125	0	0	//Безымянный поиск невидимости
1504	35	255	35	950739.0625	16013.31641	1224460	0	0	//Безымянный поиск невидимости
1287	50	50	50	949244.5	14312.53418	137047.9531	0	0	1 //Безымянный <Торговец доспехами>/n
1286	50	50	50	949080	14303.42188	152843.3594	0	0	1 //Безымянный <продавец обычных товаров>/n
1281	50	50	50	950598.8125	13622.36816	132413.9375	0	0	1 //Безымянный архимаг
1835	255	255	11	598262.1875	15864.82422	404358.9063	1	0	1 //Без имени <Хендлиум
1816	255	255	12	601944.1875	15171.34961	399383.4063	1	0	1 //Без имени <Хендлиум
1817	255	255	12	603548.5625	15165.71094	396700.75	1	0	1 //Без имени <Хендлиум
1818	255	255	12	598210.5	15948.69922	393081.5938	1	0	1 // Без имени <Иллюмина
1819	255	255	12	598233.5625	15234.58984	396952.7813	1	0	1 // Без имени <Иллюмина
1820	255	255	12	600562.0625	15200.98633	394961.75	1	0	1 // Без имени <Иллюмина
1821	255	255	12	595368.8125	15204.16895	393807.2188	1	0	1 // Без имени <Иллюмина
1836	255	255	12	593631.625	15197.29492	396225.0938	1	0	1 //Безымянный <Волшебный служащий>/nКент Хилл
1865	255	255	12	594754.625	15175	398005.5625	1	0	1 //Безымянный <Хранитель Склада>/нАнос
1866	255	255	12	598533.3125	15947.24902	393349.5625	1	0	1 // безымянный неизвестный
1867	255	255	12	598264.875	15327.19629	397441	1	0	1 // Без имени <Иллюмина
1868	255	255	12	595473.1875	15198.85352	393921.5	1	0	1 //Безымянный <Illumina's
1891	255	255	16	576760.3125	18843.46875	375465.0625	1	0	1 // Без имени <Иллюмина
1892	255	255	13	581375.1875	16556.38477	387420.0625	1	0	1 // Без имени <Иллюмина
1892	255	255	13	614497.6875	17286.67969	389498.5	1	0	1 // Без имени <Иллюмина
1893	255	255	13	597845.625	17185.5957	359230.5313	1	0	1 // Без имени <Иллюмина
1894	255	255	21	1022299	17321.48047	980081.1875	1	0	1 // Без имени <Hendelium
1895	255	255	21	1024746.938	17321.48047	980026.1875	1	0	1 // Без имени <Hendelium
2084	255	255	12	596339.75	15318.04004	399370.2813	1	0	1 //безымянный <бог земли
2085	255	255	12	600018.8125	15210.76563	394701.875	1	0	//безымянный <магический предмет
2608	255	255	12	599951.3125	15205.48926	395328.5625	1	0	1 //Безымянный <Группа по исследованию реликвий>/нБарин
2609	255	255	16	576408.1875	18828.58789	375537.3438	1	0	1 //Безымянный <Команда по исследованию реликвий>/nLimb
100183	255	255	12	598449	15239.35645	396942.9375	1	0	1 //безымянный <высший эльф>/n кадров
2336	1	255	201	796390.375	30317.7207	1100854.375	1	0	1 //Безымянный <Продавец товаров общего назначения>/nCaylor
2337	1	255	201	798884.5625	30317.7207	1104205.625	1	0	1 //Безымянный <Торговец доспехами>/n Гариус
2338	1	255	201	797864.875	30000	1108461.625	1	0	1 //Безымянный <Эльтер
2339	1	255	201	793381.0625	30000.27734	1097091	1	0	1 //Безымянный <Эльтер
2341	1	255	201	793919.625	30052.88672	1104270	1	0	1 //Безымянный Эльтерий
2342	1	255	201	789665.6875	30007.06055	1102928.375	1	0	1 //Безымянный <Эльтер
2340	1	255	201	797583.9375	30317.7207	1100828	1	0	1 //Безымянный <Хранитель Склада>/nRully
1924	1	255	201	797606.375	30317.7207	1104403.125	1	0	1 //Блэкленд <Торговец
934	1	255	201	793427.0625	30317.7207	1109693.625	1	0	//Деревня Эшберн <Продавец книг навыков>/nKen
1873	1	255	201	795276	30317.7207	1097083	1	0	1 //Деревня Эшберн <Дерево навыков
2338	1	255	201	786306.625	30022.18164	1107059.875	1	0	1 //Безымянный <Эльтер
2346	255	140	140	324049.875	14143	192390.2188	1	0	1 //Безымянный <Эльтер
2351	1	255	201	798638.25	30317.7207	1101847	1	0	1 //Безымянный <продавец обычных товаров>/n Большой
2353	1	255	201	795946.125	30347.50391	1100440.625	1	0	//Безымянный <Торговец материалами>/nKarl
944	1	255	201	793641.5625	30317.7207	1109682.875	1	0	1 //Деревня Эшберн <Magic Desk Man>/nSchent
291	1	255	201	799015.625	30317.7207	1099878.25	0	0	1 //Блэкленд <Сундук с сокровищами>/nJohnson
2352	1	255	201	786561.3125	30317.7207	1109478.875	1	0	1 //Безымянный <Торговец доспехами>/n Керелла
857	1	255	201	793402.4375	30321.63672	1110500.75	0	0	1 //Безымянный <Гадалка>/нКаган
954	1	255	201	790993.3125	30317.7207	1111827.75	0	0	1 //безымянный <собиратель камней>/н моаи
945	1	255	201	788497.625	30317.7207	1109054.875	0	0	1 // без имени <общий
243	1	255	201	788691.4375	30317.7207	1109171.25	0	0	1 // без имени <специальный
928	1	255	201	791948.6875	30021.14648	1107443.375	0	0	1 //безымянный <из Аида
1057	1	255	201	796278.0625	30067.98633	1105317.375	0	0	1 //без имени <премиум
2336	1	255	201	790283.9375	30005.83008	1107503.375	1	0	1 //Безымянный <Продавец товаров общего назначения>/nCaylor
748	1	255	201	795731	30049.10547	1101821.625	1	0	1 // без имени <драгоценный камень
680	1	255	201	795930.875	30025.77539	1102721.375	0	0	1 //Безымянный <Комната ПК>/nHelper
2371	1	255	201	795175.375	30317.7207	1108932.25	1	0	1 // безымянный <elter>/nintegrate
2345	1	255	201	795431.1875	30317.7207	1108757	1	0	1 //Безымянный <Эльтер>/n команда
929	1	255	201	799040.25	30317.7207	1099886.75	0	0	1 //Безымянный <Золотой сундук с сокровищами>/nopener
2103	1	255	201	797083	30321.67383	1101008.625	0	0	1 //безымянное <событие>/n куб
2350	1	255	201	788462.375	30321.67383	1107407.875	1	0	1 //Без имени <Магазин очков чести>/nThermine
2344	1	255	201	788642.0625	30321.67383	1107645.375	0	0	1 //Безымянный <Эльтер>/nChaos
2343	1	255	201	788831.1875	30321.67383	1107876.75	1	0	1 //Безымянный <Эльтер>/nChaos
2806	1	255	201	789993.6875	30013.9043	1102328.5	1	0	1 //Безымянный <Управляющий ареной>/nPionios
128110	1	255	201	788482.5	30323.71484	1109040.5	0	0	1 //безымянный <обычный материал>/noperator
2354	1	255	201	793857.875	30011.12891	1095865.75	1	0	1 //Безымянный <Абеллион
2355	1	255	201	793305.6875	30000	1095796.625	1	0	1 //Безымянный <Абеллион
2356	1	255	201	784617.875	30037.59961	1107496.875	1	0	1 //Безымянный <Абеллион
2357	1	255	201	784818.1875	30025.22461	1108044.125	1	0	1 //Безымянный <Абеллион
2358	1	255	201	799158	30000	1109705.125	1	0	1 //Безымянный <Абеллион
2359	1	255	201	799517.5	30000	1109233.625	1	0	1 //Безымянный <Абеллион
2360	1	255	206	853253.5625	29473.44922	1076554.125	1	0	1 //Магазин NPC Тирион
2360	1	255	219	854608.5	25307.53516	1031928.25	1	0	1 //Магазин NPC Тирион
2360	1	255	211	762149.75	37962.60938	1120263.25	1	0	1 //Магазин NPC Тирион
2360	1	255	213	744682.5	49054.28906	1185838.75	1	0	1 //Магазин NPC Тирион
2360	1	255	215	733970	21991.73633	1050031.25	1	0	1 //Магазин NPC Тирион
2360	1	255	216	781603.25	17674.70508	1036071.813	1	0	1 //Магазин NPC Тирион
2732	255	50	100	738335.75	21996.33594	1047803.75	1	0	1 //Безымянная крепость Абеллиона
2231	1	255	201	792768.9375	30006.61328	1100299	1	0	1 //Безымянный <Абеллион
2232	1	255	214	751703.9375	29623.60547	1085957.625	1	0	1 //Безымянный <Абеллион
2233	1	255	215	727762	19593.85547	1032867.875	1	0	1 //Безымянный <Абеллион
2234	1	255	216	759448.125	18217.91797	1021383.063	1	0	1 //Безымянный <Абеллион
2235	1	255	217	770093.4375	21272.98242	1061978.375	1	0	1 //Безымянный <Абеллион
2236	1	255	210	730089.125	32823.21875	1116263.375	1	0	1 //Безымянный <Баальбек
2237	1	255	211	773395.125	39342.94531	1126885.5	1	0	1 //Безымянный <Баальбек
2238	1	255	212	787240.1875	44029.74609	1172681.125	1	0	1 //Безымянный <Баальбек
2239	1	255	213	747601.75	49080.80859	1184077	1	0	1 //Безымянный <Баальбек
2240	1	255	206	817011.9375	25467.22266	1095213.875	1	0	1 //Безымянный <Юпитер
2241	1	255	207	820138.625	22434.03516	1068990	1	0	1 //Безымянный <Юпитер
2242	1	255	208	831307.6875	24996.86328	1032097.188	1	0	1 //Безымянный <Юпитер
2243	1	255	219	855792.6875	25299.2793	1028955.938	1	0	1 //Безымянный <Юпитер
2244	1	255	210	727558.0625	32950.39063	1121019.75	1	0	1 //Безымянный <Юпитер
2245	1	255	211	760857.0625	38019.55078	1125813.125	1	0	1 //Безымянный <Юпитер
2246	1	255	212	778263.9375	46991.08594	1179078.875	1	0	1 //Безымянный <Юпитер
2247	1	255	213	742042.125	49058.02734	1185248.125	1	0	1 //Безымянный <Юпитер
2248	1	255	206	808078.4375	27490.94531	1091875.625	1	0	1 //Безымянный <Баальбек
2249	1	255	207	806118	21851.22461	1067050.125	1	0	1 //Безымянный <Баальбек
2250	1	255	208	831699.625	25311.59766	1022574.063	1	0	1 //Безымянный <Баальбек
2251	1	255	219	853336.3125	25349.33203	1032901.688	1	0	1 //Безымянный <Баальбек
2349	1	255	203	839399.5	34143.53125	1151367.75	1	0	1 //Безымянный Эфириум
2349	1	255	202	834570.8125	33773	1147440	1	0	1 //Безымянный Эфириум
2363	1	255	202	835850	33773	1146527.125	1	0	1 //безымянный <привратник>/ncrawl
2364	1	255	202	833632.4375	33773	1148608.75	1	0	1 //безымянный <привратник>/nrike
2365	1	255	203	835444.125	34143.54688	1147960.375	1	0	1 //безымянный <привратник>/nnihem
2366	1	255	203	835042.25	34143.54688	1148329.625	1	0	1 //безымянный <привратник>/nshaneng
2347	1	255	203	838237.875	34143.55469	1152450.125	1	0	// без названия <эфириум
2348	1	255	204	850667.8125	35001.78125	1163847.125	0	0	1 //Безымянный Эфириум
2347	1	255	204	851985	35106.42969	1165248.625	0	0	// без названия <эфириум
2521	1	255	204	850877.5625	35001.78125	1163839	0	0	1 //Безымянный <Хранитель Склада>/nMolly
2488	1	255	235	840956.9375	27730.61133	1043783.313	1	0	1 //Безымянный <Юпитер
2479	1	255	201	792877.875	30002.74023	1096436.375	1	0	1 //Безымянный <Юпитера
2480	1	255	230	1158762.125	15426.84277	341218.8438	1	0	1 //Безымянный <Юпитера
2490	1	255	230	1140778.375	15426.84375	318512.2188	1	0	1 //Безымянный Юпитер
2489	1	255	234	752499.0625	47502.61328	1163589	1	0	1 //Безымянный <Баальбек
2481	1	255	201	792573.8125	30025.99023	1096801.75	1	0	1 //Безымянный <из Баальбека
2482	1	255	231	1140515.25	13839.64063	405370.7813	1	0	1 //Безымянный <из Баальбека
2491	1	255	231	1158586	13839.64844	382830.75	1	0	1 // Безымянный Баальбек
2485	1	255	201	792443.1875	29997.49609	1100398.875	1	0	1 //Безымянный <Юпитер
2486	1	255	230	1158754	15426.84277	342578.25	1	0	1 //Безымянный <Юпитер
2483	1	255	201	792838.25	30020.10742	1100008.75	1	0	1 //Безымянный <Баальбек
2484	1	255	231	1140540.5	13839.64063	404222.5625	1	0	1 //Безымянный <Баальбек
2496	1	255	230	1159963.75	15553.83887	341892.8125	1	0	1 //Безымянный <Юпитер
2497	1	255	231	1139400.375	13863.69629	404803.75	1	0	1 //Безымянный <Баальбек
2513	1	255	230	1139718.25	15553.83887	319394.75	1	0	1 //Безымянный Юпитер
2515	1	255	231	1159566.5	13863.70313	382303.5625	1	0	1 // Безымянный Баальбек
2516	1	255	233	1162245.25	15385.79492	508246.0938	1	0	1 // Безымянный Баальбек
2491	1	255	233	1139644.625	15365.27832	531543.125	1	0	1 // Безымянный Баальбек
2514	1	255	232	1140112.125	15010.48633	444514.875	1	0	1 //Безымянный Юпитер
2490	1	255	232	1160123	14883.48828	467023.0313	1	0	1 //Безымянный Юпитер
2071	60	60	60	947954.875	16315.09375	214180.7031	0	0	1 //Безымянный ужас
2071	60	60	60	947715.25	16497.26172	211628.5313	0	0	1 //Безымянный ужас
2071	60	60	60	948873.8125	16398.99219	211260.1719	0	0	1 //Безымянный ужас
2071	60	60	60	947593	16196.94336	210208.7344	0	0	1 //Безымянный ужас
2071	60	60	60	951455.875	16348.97461	212025.5	0	0	1 //Безымянный ужас
2071	60	60	60	950628.125	16160.17676	210528.5781	0	0	1 //Безымянный ужас
2071	60	60	60	953559.375	16168.52148	212680.0313	0	0	1 //Безымянный ужас
2071	60	60	60	954149	16185.61328	214404.5313	0	0	1 //Безымянный ужас
2071	60	60	60	954195.5	16278.45313	216290.5	0	0	1 //Безымянный ужас
2071	60	60	60	956660.3125	16289.41406	217551.5156	0	0	1 //Безымянный ужас
2071	60	60	60	957565.5	16298.88379	218711.6563	0	0	1 //Безымянный ужас
2071	60	60	60	959952.25	16405.9375	218342.4844	0	0	1 //Безымянный ужас
2071	60	60	60	957097.625	15794.71777	213387.4063	0	0	1 //Безымянный ужас
2071	60	60	60	961505.5625	16424	218430.7813	0	0	1 //Безымянный ужас
2071	60	60	60	962457.1875	16402.90234	217295.25	0	0	1 //Безымянный ужас
2071	60	60	60	959708.5	16367.79199	217720.875	0	0	1 //Безымянный ужас
2071	60	60	60	958220.0625	16293.68066	216689.625	0	0	1 //Безымянный ужас
2071	60	60	60	958458.6875	16178.34082	215528.375	0	0	1 //Безымянный ужас
2071	60	60	60	962505.6875	16313.53125	216385.2813	0	0	1 //Безымянный ужас
2071	60	60	60	963855.25	16330.29785	216468.7344	0	0	1 //Безымянный ужас
2071	60	60	60	967033.3125	15617.64453	214105.1875	0	0	1 //Безымянный ужас
2071	60	60	60	966398	15236.41699	213257.6563	0	0	1 //Безымянный ужас
2071	60	60	60	968286.9375	15215.28418	213248.625	0	0	1 //Безымянный ужас
2071	60	60	60	965179.9375	14855.46484	212611.2188	0	0	1 //Безымянный ужас
2071	60	60	60	964273.125	14999.95215	212811	0	0	1 //Безымянный ужас
2071	60	60	60	961378.75	15886.60547	214578.4219	0	0	1 //Безымянный ужас
2071	60	60	60	962468.3125	15338.19043	213414.0781	0	0	1 //Безымянный ужас
2071	60	60	60	961106.5625	15128.93359	212799.6563	0	0	1 //Безымянный ужас
2071	60	60	60	959652.625	14978.3291	211813.375	0	0	1 //Безымянный ужас
2071	60	60	60	957836.75	15020.05371	210498.8281	0	0	1 //Безымянный ужас
2071	60	60	60	956896.9375	15041.38184	209578.7656	0	0	1 //Безымянный ужас
2071	60	60	60	954955.8125	16014.08203	212728.0938	0	0	1 //Безымянный ужас
2071	60	60	60	956856.1875	15596.70117	212257.6094	0	0	1 //Безымянный ужас
2071	60	60	60	956749.0625	15348.13184	210927.6406	0	0	1 //Безымянный ужас
2071	60	60	60	947383.75	15375.58301	207944.9375	0	0	1 //Безымянный ужас
2071	60	60	60	950483.5	15218.6416	207719.3125	0	0	1 //Безымянный ужас
2071	60	60	60	952121.875	15521.87891	208792.5781	0	0	1 //Безымянный ужас
2071	60	60	60	953010.875	14653.89453	206751.0625	0	0	1 //Безымянный ужас
2071	60	60	60	952903.375	14515.08496	205357.4063	0	0	1 //Безымянный ужас
2071	60	60	60	951741.3125	14524.07617	203830.0938	0	0	1 //Безымянный ужас
2071	60	60	60	950221.5	14524.34375	205654	0	0	1 //Безымянный ужас
2071	60	60	60	949031.6875	14515.08398	203038.4063	0	0	1 //Безымянный ужас
2071	60	60	60	946782.9375	14535.56641	205698.1719	0	0	1 //Безымянный ужас
2071	60	60	60	946709.1875	14515.08496	204220.4688	0	0	1 //Безымянный ужас
2071	60	60	60	946601.6875	14524.53223	202787.9063	0	0	1 //Безымянный ужас
2071	60	60	60	948680.4375	14601.38086	201941.375	0	0	1 //Безымянный ужас
2071	60	60	60	948146.8125	14524.79981	200469.8125	0	0	1 //Безымянный ужас
2071	60	60	60	951495.375	14515.08496	198562.8281	0	0	1 //Безымянный ужас
2071	60	60	60	951130.0625	14527.26758	196594.0313	0	0	1 //Безымянный ужас
2071	60	60	60	953957.5	14515.08496	196924.1406	0	0	1 //Безымянный ужас
2071	60	60	60	952926.1875	14516.61035	195593.625	0	0	1 //Безымянный ужас
2071	60	60	60	954048.3125	14543.50879	193620.0938	0	0	1 //Безымянный ужас
2071	60	60	60	956600.1875	14555.08398	193271.0938	0	0	1 //Безымянный ужас
2071	60	60	60	957376.4375	14516.51953	193990.125	0	0	1 //Безымянный ужас
2071	60	60	60	955163	14542.32715	196454	0	0	1 //Безымянный ужас
2071	60	60	60	953942	14748.8457	201862.1563	0	0	1 //Безымянный ужас
2071	60	60	60	954780.4375	14766.7207	202372.7813	0	0	1 //Безымянный ужас
2071	60	60	60	957691.0625	14748.8457	200309.5625	0	0	1 //Безымянный ужас
2071	60	60	60	956982.3125	14748.8457	199325.5625	0	0	1 //Безымянный ужас
2071	60	60	60	960935.375	14745.83887	198671.125	0	0	1 //Безымянный ужас
2071	60	60	60	961179.25	14745.98145	195310.625	0	0	1 //Безымянный ужас
2071	60	60	60	961851.5625	14745.98535	193090.0781	0	0	1 //Безымянный ужас
2071	60	60	60	964800.0625	14737.80859	192992.5781	0	0	1 //Безымянный ужас
2071	60	60	60	964927.1875	14740.81641	196887.4219	0	0	1 //Безымянный ужас
2071	60	60	60	969118.4375	14766.72266	193287.6406	0	0	1 //Безымянный ужас
2071	60	60	60	968943.75	14766.72266	198053.375	0	0	1 //Безымянный ужас
2071	60	60	60	967007.875	14746.34668	189808.9063	0	0	1 //Безымянный ужас
2071	60	60	60	969279.875	14640.43848	190069.2188	0	0	1 //Безымянный ужас
2071	60	60	60	973629.1875	13397.96484	191124.7188	0	0	1 //Безымянный ужас
2071	60	60	60	974710.1875	13333.15918	192950.2969	0	0	1 //Безымянный ужас
2071	60	60	60	975177.875	13287.28027	194660.9531	0	0	1 //Безымянный ужас
2071	60	60	60	970574.3125	14745.98145	200213.8281	0	0	1 //Безымянный ужас
2071	60	60	60	971063.8125	14749.33496	203143.125	0	0	1 //Безымянный ужас
2071	60	60	60	970243.8125	14749.02832	204098.5313	0	0	1 //Безымянный ужас
2071	60	60	60	964164.6875	14590.11426	200704	0	0	1 //Безымянный ужас
2071	60	60	60	965085.1875	14563.73731	201865.9375	0	0	1 //Безымянный ужас
2071	60	60	60	963818.125	14520.19531	202073	0	0	1 //Безымянный ужас
2071	60	60	60	961776.125	14618.96484	201773.0781	0	0	1 //Безымянный ужас
2071	60	60	60	961212.8125	14520.19629	203584.8125	0	0	1 //Безымянный ужас
2071	60	60	60	959327.375	14520.19434	203736.8906	0	0	1 //Безымянный ужас
2071	60	60	60	958966.25	14565.48731	202386.6875	0	0	1 //Безымянный ужас
2071	60	60	60	957766.6875	14520.19531	204844.0313	0	0	1 //Безымянный ужас
2071	60	60	60	956635.9375	14520.19727	205530.4219	0	0	1 //Безымянный ужас
2071	60	60	60	955367.4375	14805.40918	207663.1875	0	0	1 //Безымянный ужас
2071	60	60	60	953827.4375	15668.25586	209816.75	0	0	1 //Безымянный ужас
2071	60	60	60	967386	14200.88477	203379.7969	0	0	1 //Безымянный ужас
2071	60	60	60	966545.0625	14189.23926	204744.0313	0	0	1 //Безымянный ужас
2071	60	60	60	967346.6875	14231.65234	206055.8594	0	0	1 //Безымянный ужас
2071	60	60	60	968384.75	14229.24121	208181.4219	0	0	1 //Безымянный ужас
2071	60	60	60	967208.375	14201.26367	209113.2344	0	0	1 //Безымянный ужас
2071	60	60	60	968181.1875	14521.66797	210293.5313	0	0	1 //Безымянный ужас
2071	60	60	60	970550.5	14232.68262	208288.875	0	0	1 //Безымянный ужас
2071	60	60	60	971464.6875	14214.80566	208269.2969	0	0	1 //Безымянный ужас
2071	60	60	60	970659.5625	14381.04785	210715.1875	0	0	1 //Безымянный ужас
2071	60	60	60	968981.8125	14617.81445	211979.7656	0	0	1 //Безымянный ужас
2071	60	60	60	961490.625	14203.06543	206119.3594	0	0	1 //Безымянный ужас
2071	60	60	60	965010.1875	14216.60449	208848.3906	0	0	1 //Безымянный ужас
2071	60	60	60	961722.625	14216.60352	208801.0781	0	0	1 //Безымянный ужас
2071	60	60	60	972581.4375	13813.97266	197255.125	0	0	1 //Безымянный ужас
2071	60	60	60	947427.3125	16304.90625	214276.0469	0	0	1 //Безымянный ужас
2072	60	60	60	947912	16296.74219	214669	0	0	1 //Безымянная кровь
2072	60	60	60	947392.3125	16513.60938	211965.9844	0	0	1 //Безымянная кровь
2072	60	60	60	948638.625	16382.99414	211131.1563	0	0	1 //Безымянная кровь
2072	60	60	60	950467.8125	16230.81641	210782	0	0	1 //Безымянная кровь
2072	60	60	60	951715.75	15591.91504	208912.2344	0	0	1 //Безымянная кровь
2072	60	60	60	950154	15379.19922	208126.25	0	0	1 //Безымянная кровь
2072	60	60	60	952600.3125	14551.51367	206247.6719	0	0	1 //Безымянная кровь
2072	60	60	60	952496.625	14515.08496	204656.5469	0	0	1 //Безымянная кровь
2072	60	60	60	951266	14515.08496	203586.6406	0	0	1 //Безымянная кровь
2072	60	60	60	948997.1875	14515.08496	203835.9688	0	0	1 //Безымянная кровь
2072	60	60	60	949979.4375	14518.28516	205127.5	0	0	1 //Безымянная кровь
2072	60	60	60	947563.125	16282.80957	210572.3906	0	0	1 //Безымянная кровь
2072	60	60	60	947562.125	15545.98926	208360.4844	0	0	1 //Безымянная кровь
2072	60	60	60	947094.625	14827.49414	206747.5313	0	0	1 //Безымянная кровь
2072	60	60	60	946957.9375	14515.08496	204474.0625	0	0	1 //Безымянная кровь
2072	60	60	60	946550	14520.57715	203252.4844	0	0	1 //Безымянная кровь
2072	60	60	60	948992.1875	14557.23145	202085.2188	0	0	1 //Безымянная кровь
2072	60	60	60	947838.9375	14515.18848	201032.3281	0	0	1 //Безымянная кровь
2072	60	60	60	953654.625	14752.74707	201588.4844	0	0	1 //Безымянная кровь
2072	60	60	60	954722.3125	14745.83789	202718.375	0	0	1 //Безымянная кровь
2072	60	60	60	957312.9375	14520.19531	204156.1406	0	0	1 //Безымянная кровь
2072	60	60	60	956254.25	14520.19531	205231.6875	0	0	1 //Безымянная кровь
2072	60	60	60	954885.8125	15196.26465	208815.9531	0	0	1 //Безымянная кровь
2072	60	60	60	953630.375	15750.41797	210094.6875	0	0	1 //Безымянная кровь
2072	60	60	60	957048.5	14946.65527	209280.6563	0	0	1 //Безымянная кровь
2072	60	60	60	957054.125	15197.54492	210567.2344	0	0	1 //Безымянная кровь
2072	60	60	60	957995.25	15053.5293	210858.5313	0	0	1 //Безымянная кровь
2072	60	60	60	959287.875	14796.88965	210733.2656	0	0	1 //Безымянная кровь
2072	60	60	60	957100.5625	15432.32031	211706.4375	0	0	1 //Безымянная кровь
2072	60	60	60	955212.6875	15882.96094	212261.8125	0	0	1 //Безымянная кровь
2072	60	60	60	954038.9375	16147.68945	213501.4531	0	0	1 //Безымянная кровь
2072	60	60	60	951650	16356.1709	212289.7031	0	0	1 //Безымянная кровь
2072	60	60	60	953920.8125	16236.42773	215178.2188	0	0	1 //Безымянная кровь
2072	60	60	60	955113.125	16288.70313	216277.0625	0	0	1 //Безымянная кровь
2072	60	60	60	956762.5	16329.89356	217121.4375	0	0	1 //Безымянная кровь
2072	60	60	60	958014.6875	16317.76074	218491.125	0	0	1 //Безымянная кровь
2072	60	60	60	957909	16310.58496	216914.0938	0	0	1 //Безымянная кровь
2072	60	60	60	958292.9375	16222.16602	215881.7188	0	0	1 //Безымянная кровь
2072	60	60	60	959292.75	16342.45898	217015.5781	0	0	1 //Безымянная кровь
2072	60	60	60	959538.5625	16405.33008	218445.5938	0	0	1 //Безымянная кровь
2072	60	60	60	960910.625	16419.43164	218284.0469	0	0	1 //Безымянная кровь
2072	60	60	60	962002.0625	16393.52344	217362.7813	0	0	1 //Безымянная кровь
2072	60	60	60	962966.3125	16300.57422	216273.8281	0	0	1 //Безымянная кровь
2072	60	60	60	964178.5625	16429.04297	217241.1875	0	0	1 //Безымянная кровь
2072	60	60	60	966553.375	15711.80762	214305	0	0	1 //Безымянная кровь
2072	60	60	60	968368.5	15456.27344	213766.5	0	0	1 //Безымянная кровь
2072	60	60	60	966074.1875	15279.53809	213371.8438	0	0	1 //Безымянная кровь
2072	60	60	60	964450.3125	15150.38867	213147.0781	0	0	1 //Безымянная кровь
2072	60	60	60	962224.6875	15481.97656	213666.7188	0	0	1 //Безымянная кровь
2072	60	60	60	962155.1875	15867.94922	214545.0781	0	0	1 //Безымянная кровь
2072	60	60	60	960854.9375	15057.51367	212562.0625	0	0	1 //Безымянная кровь
2072	60	60	60	965059.25	14543.91699	211789.6875	0	0	1 //Безымянная кровь
2072	60	60	60	965128.3125	14198.45117	209206.0313	0	0	1 //Безымянная кровь
2072	60	60	60	968070	14256.57422	209412.2344	0	0	1 //Безымянная кровь
2072	60	60	60	968825.6875	14524.39258	211534.875	0	0	1 //Безымянная кровь
2072	60	60	60	969679.875	14508.91797	210991.3594	0	0	1 //Безымянная кровь
2072	60	60	60	971389.6875	14224.10742	208572.1406	0	0	1 //Безымянная кровь
2072	60	60	60	970269.5625	14214.80664	208462.3438	0	0	1 //Безымянная кровь
2072	60	60	60	971135.0625	14750.37891	204306.7344	0	0	1 //Безымянная кровь
2072	60	60	60	970783.4375	14745.72852	202562.8906	0	0	1 //Безымянная кровь
2072	60	60	60	967793.3125	14189.49023	203066.5781	0	0	1 //Безымянная кровь
2072	60	60	60	966936.375	14189.24121	204422.8438	0	0	1 //Безымянная кровь
2072	60	60	60	966940.875	14229.24121	205849.875	0	0	1 //Безымянная кровь
2072	60	60	60	968162.125	14212.82129	206987.7031	0	0	1 //Безымянная кровь
2072	60	60	60	967032.625	14225.74805	207824.2344	0	0	1 //Безымянная кровь
2072	60	60	60	961925.0625	14205.7959	205937.0625	0	0	1 //Безымянная кровь
2072	60	60	60	962763.75	14582.21484	202036.4375	0	0	1 //Безымянная кровь
2072	60	60	60	964540.5	14562.73926	200688.8125	0	0	1 //Безымянная кровь
2072	60	60	60	964351.0625	14520.19531	202416.0625	0	0	1 //Безымянная кровь
2072	60	60	60	961405	14520.19531	203250.0938	0	0	1 //Безымянная кровь
2072	60	60	60	960892.4375	14619.2793	201895.5313	0	0	1 //Безымянная кровь
2072	60	60	60	959475.375	14573.64551	202323.8281	0	0	1 //Безымянная кровь
2072	60	60	60	959680.25	14520.19531	203897.3438	0	0	1 //Безымянная кровь
2072	60	60	60	957793.9375	14748.8457	199647.5156	0	0	1 //Безымянная кровь
2072	60	60	60	957004.625	14745.83789	200345.3125	0	0	1 //Безымянная кровь
2072	60	60	60	961169.1875	14748.56836	199165.5938	0	0	1 //Безымянная кровь
2072	60	60	60	964214.0625	14740.53809	196990.125	0	0	1 //Безымянная кровь
2072	60	60	60	964396.25	14740.53809	193488.7813	0	0	1 //Безымянная кровь
2072	60	60	60	968458.5625	14748.56738	193258.6094	0	0	1 //Безымянная кровь
2072	60	60	60	968738.4375	14766.72168	197365.0938	0	0	1 //Безымянная кровь
2072	60	60	60	968782.75	14745.98145	199762.7031	0	0	1 //Безымянная кровь
2072	60	60	60	974687.75	13322.93359	195117.1719	0	0	1 //Безымянная кровь
2072	60	60	60	975102.75	13329.79102	193188.4063	0	0	1 //Безымянная кровь
2072	60	60	60	965504.5625	14746.34668	189998.7813	0	0	1 //Безымянная кровь
2072	60	60	60	968720.875	14691.08594	189963.3906	0	0	1 //Безымянная кровь
2072	60	60	60	971921.1875	13927.83106	190207.4844	0	0	1 //Безымянная кровь
2072	60	60	60	951503.75	14515.08496	198150.6563	0	0	1 //Безымянная кровь
2072	60	60	60	951649.375	14515.20117	196654.8906	0	0	1 //Безымянная кровь
2072	60	60	60	952536.4375	14555.08496	195998.0313	0	0	1 //Безымянная кровь
2072	60	60	60	953205.25	14572.59766	196901.9844	0	0	1 //Безымянная кровь
2072	60	60	60	955345.125	14573.21484	195985.1719	0	0	1 //Безымянная кровь
2072	60	60	60	953980.25	14525.09473	193221.5313	0	0	1 //Безымянная кровь
2072	60	60	60	955953	14515.08496	192592.9531	0	0	1 //Безымянная кровь
2072	60	60	60	956842.875	14515.08496	193900.4688	0	0	1 //Безымянная кровь
2072	60	60	60	961476.875	14745.9834	193430.6719	0	0	1 //Безымянная кровь
2072	60	60	60	961226.8125	14745.98242	194909.1563	0	0	1 //Безымянная кровь
2072	60	60	60	957006.75	15901.32227	213831.25	0	0	1 //Безымянная кровь
2072	60	60	60	961838.875	14198.45215	209237.9063	0	0	1 //Безымянная кровь
2072	60	60	60	972973.375	13655.52734	196970.7188	0	0	1 //Безымянная кровь
2072	60	60	60	946922.5625	16371.14746	213925.1406	0	0	1 //Безымянная кровь
2073	60	60	60	975113.5	13319.5293	192817.5313	0	0	1 // безымянный синий
2073	60	60	60	974770.875	13320.32422	194842.6094	0	0	1 // безымянный синий
2073	60	60	60	971955.125	13908.08887	190599.0156	0	0	1 // безымянный синий
2073	60	60	60	968814.8125	14682.59961	190286.3125	0	0	1 // безымянный синий
2073	60	60	60	965426	14746.34766	190224.2188	0	0	1 // безымянный синий
2073	60	60	60	964404.4375	14740.53809	193159.8125	0	0	1 // безымянный синий
2073	60	60	60	968762.875	14748.56738	193068.3281	0	0	1 // безымянный синий
2073	60	60	60	964629.4375	14740.53809	197062.6406	0	0	1 // безымянный синий
2073	60	60	60	968939.3125	14748.56641	197630.5781	0	0	1 // безымянный синий
2073	60	60	60	969054.5	14745.98242	200024.9531	0	0	1 // безымянный синий
2073	60	60	60	970815.25	14747.91504	203016.25	0	0	1 // безымянный синий
2073	60	60	60	971296.8125	14750.34668	204004.9531	0	0	1 // безымянный синий
2073	60	60	60	967952.1875	14189.24121	203339.9531	0	0	1 // безымянный синий
2073	60	60	60	966595.9375	14189.30469	204284.2344	0	0	1 // безымянный синий
2073	60	60	60	966870.0625	14189.24219	206296.6719	0	0	1 // безымянный синий
2073	60	60	60	967419.375	14258.75879	207742.5781	0	0	1 // безымянный синий
2073	60	60	60	968553.625	14189.24121	207475.3438	0	0	1 // безымянный синий
2073	60	60	60	968170	14208.76758	209143.8281	0	0	1 // безымянный синий
2073	60	60	60	970702.0625	14214.52832	208567.7188	0	0	1 // безымянный синий
2073	60	60	60	971150.9375	14214.52832	208351.2344	0	0	1 // безымянный синий
2073	60	60	60	964222.9375	14597.23828	200323.4063	0	0	1 // безымянный синий
2073	60	60	60	964721.875	14520.19434	202638.4531	0	0	1 // безымянный синий
2073	60	60	60	963087.5	14591.11133	201851.4844	0	0	1 // безымянный синий
2073	60	60	60	961244.4375	14745.9834	193149.75	0	0	1 // безымянный синий
2073	60	60	60	961267.375	14745.97949	195725.7188	0	0	1 // безымянный синий
2073	60	60	60	961447.6875	14748.56836	199237.7344	0	0	1 // безымянный синий
2073	60	60	60	956989.4375	14515.08496	193611.1875	0	0	1 // безымянный синий
2073	60	60	60	956192.125	14533.74805	192794.8906	0	0	1 // безымянный синий
2073	60	60	60	954447.5625	14515.08594	192683.7813	0	0	1 // безымянный синий
2073	60	60	60	955271.8125	14515.08496	195586.8125	0	0	1 // безымянный синий
2073	60	60	60	953519.4375	14545.77246	197219.7656	0	0	1 // безымянный синий
2073	60	60	60	952293.3125	14515.08594	195581.2031	0	0	1 // безымянный синий
2073	60	60	60	951308.4375	14515.08301	197012.875	0	0	1 // безымянный синий
2073	60	60	60	950781.5625	14515.54492	197952.0781	0	0	1 // безымянный синий
2073	60	60	60	956530.0625	14745.83789	199773.5313	0	0	1 // безымянный синий
2073	60	60	60	957927.4375	14745.83691	199989.5313	0	0	1 // безымянный синий
2073	60	60	60	947712.375	14516.48047	200333.6875	0	0	1 // безымянный синий
2073	60	60	60	949484.6875	14515.31934	201595.5156	0	0	1 // безымянный синий
2073	60	60	60	946997.875	14526.77246	202626.3594	0	0	1 // безымянный синий
2073	60	60	60	948826.25	14515.08496	203472.5625	0	0	1 // безымянный синий
2073	60	60	60	947239.5625	14515.08398	204334.3125	0	0	1 // безымянный синий
2073	60	60	60	951144.5625	14518.10547	203233.125	0	0	1 // безымянный синий
2073	60	60	60	949718.4375	14556.87402	205327.75	0	0	1 // безымянный синий
2073	60	60	60	946972.4375	14548.0127	205981.1719	0	0	1 // безымянный синий
2073	60	60	60	947306.4375	15482.95703	208194.9531	0	0	1 // безымянный синий
2073	60	60	60	950195	15255.06152	207837.5	0	0	1 // безымянный синий
2073	60	60	60	947540.9375	16108.5	209930.9844	0	0	1 // безымянный синий
2073	60	60	60	947282.5625	16500	211615.1563	0	0	1 // безымянный синий
2073	60	60	60	948531.5625	16426.2793	211388.9219	0	0	1 // безымянный синий
2073	60	60	60	947625.75	16305.56152	214644.9219	0	0	1 // безымянный синий
2073	60	60	60	951254.625	16396.94922	212305.5938	0	0	1 // безымянный синий
2073	60	60	60	950817.375	16239.29395	210904.6406	0	0	1 // безымянный синий
2073	60	60	60	951344.8125	15657.64063	209029.0469	0	0	1 // безымянный синий
2073	60	60	60	954141.875	15675.37305	210099.7344	0	0	1 // безымянный синий
2073	60	60	60	954898.1875	15320.06738	209270	0	0	1 // безымянный синий
2073	60	60	60	953480.625	16221.42188	213579.2813	0	0	1 // безымянный синий
2073	60	60	60	954908.8125	15986.73926	212443.3594	0	0	1 // безымянный синий
2073	60	60	60	953846	16193.96289	214856.1406	0	0	1 // безымянный синий
2073	60	60	60	955014.875	16235.84668	216635.7969	0	0	1 // безымянный синий
2073	60	60	60	956430.6875	16276.52344	217186.0156	0	0	1 // безымянный синий
2073	60	60	60	957633.875	16344.73633	218390.0938	0	0	1 // безымянный синий
2073	60	60	60	958249.8125	16327.67285	217395.4531	0	0	1 // безымянный синий
2073	60	60	60	959065.5	16343.57617	217303.875	0	0	1 // безымянный синий
2073	60	60	60	959598.375	16339.45801	218839.625	0	0	1 // безымянный синий
2073	60	60	60	958644.6875	16241.21875	216031.3594	0	0	1 // безымянный синий
2073	60	60	60	957334.4375	15904.53125	213977.5313	0	0	1 // безымянный синий
2073	60	60	60	956643.1875	15571.8418	211583.1719	0	0	1 // безымянный синий
2073	60	60	60	956566.1875	15302.33691	210569.25	0	0	1 // безымянный синий
2073	60	60	60	957847.9375	15143.98438	211174.3906	0	0	1 // безымянный синий
2073	60	60	60	959696.75	14807.10547	211096.375	0	0	1 // безымянный синий
2073	60	60	60	957454.9375	14893.21973	209410.5938	0	0	1 // безымянный синий
2073	60	60	60	960513.5	14949.36523	212191	0	0	1 // безымянный синий
2073	60	60	60	961979.625	15368.87012	213394.8125	0	0	1 // безымянный синий
2073	60	60	60	962248.8125	16024.93164	214959.0781	0	0	1 // безымянный синий
2073	60	60	60	961182.8125	16392.83594	218106.7969	0	0	1 // безымянный синий
2073	60	60	60	962189.375	16448.83594	217614.0313	0	0	1 // безымянный синий
2073	60	60	60	964249.6875	16427.03125	216921.7969	0	0	1 // безымянный синий
2073	60	60	60	963216.9375	16337.08301	216543.9063	0	0	1 // безымянный синий
2073	60	60	60	963932.125	15135.45117	213098.5938	0	0	1 // безымянный синий
2073	60	60	60	965225.25	14585.92676	211973.9531	0	0	1 // безымянный синий
2073	60	60	60	965907.125	15006.27734	212928.0781	0	0	1 // безымянный синий
2073	60	60	60	966571	15542.59961	213962.5469	0	0	1 // безымянный синий
2073	60	60	60	968603.8125	15228.04004	213262.3438	0	0	1 // безымянный синий
2073	60	60	60	969121.0625	14542.13184	211576.7969	0	0	1 // безымянный синий
2073	60	60	60	970247.375	14414.67578	210766.3594	0	0	1 // безымянный синий
2073	60	60	60	964956.0625	14198.45117	209375.8281	0	0	1 // безымянный синий
2073	60	60	60	962184.4375	14198.4502	209178.7969	0	0	1 // безымянный синий
2073	60	60	60	962064.875	14205.7959	205465.5156	0	0	1 // безымянный синий
2073	60	60	60	960968.0625	14520.19727	203317.0469	0	0	1 // безымянный синий
2073	60	60	60	960305.875	14574.94434	201966.3125	0	0	1 // безымянный синий
2073	60	60	60	959531.375	14632.57617	201924.4531	0	0	1 // безымянный синий
2073	60	60	60	959737	14520.19531	203534.0938	0	0	1 // безымянный синий
2073	60	60	60	957731	14520.19434	204431.4688	0	0	1 // безымянный синий
2073	60	60	60	956141.4375	14520.19629	205642.4844	0	0	1 // безымянный синий
2073	60	60	60	955032.25	14745.83984	202241.7344	0	0	1 // безымянный синий
2073	60	60	60	953664	14745.83887	202049.4531	0	0	1 // безымянный синий
2073	60	60	60	952145.4375	14544.89258	204631.9688	0	0	1 // безымянный синий
2073	60	60	60	952848.4375	14515.08398	206337.1719	0	0	1 // безымянный синий
2073	60	60	60	972066.75	13947.00195	197513.0938	0	0	1 // безымянный синий
2073	60	60	60	946884.875	16423.41602	213575.7344	0	0	1 // безымянный синий
2074	60	60	60	975167.1875	13296.27441	192412.9219	0	0	1 //безымянного стража
2074	60	60	60	974722.25	13319.23926	194402.0469	0	0	1 //безымянного стража
2074	60	60	60	972550.4375	13708.39941	190690.0938	0	0	1 //безымянного стража
2074	60	60	60	969708.125	14591.27734	190011.2813	0	0	1 //безымянного стража
2074	60	60	60	968631.8125	14766.71973	193648.6563	0	0	1 //безымянного стража
2074	60	60	60	966000.6875	14746.34668	190031.6719	0	0	1 //безымянного стража
2074	60	60	60	964041.375	14737.80957	192744.1094	0	0	1 //безымянного стража
2074	60	60	60	968314.0625	14766.72168	197735.2344	0	0	1 //безымянного стража
2074	60	60	60	962163.4375	14745.98535	193371.7813	0	0	1 //безымянного стража
2074	60	60	60	961202.8125	14745.98438	194490.8594	0	0	1 //безымянного стража
2074	60	60	60	964054.5625	14750.60742	196605.75	0	0	1 //безымянного стража
2074	60	60	60	956953.5	14543.95313	194269.1875	0	0	1 //безымянного стража
2074	60	60	60	956168.1875	14555.08496	193118	0	0	1 //безымянного стража
2074	60	60	60	954639.875	14528.81738	193051.1094	0	0	1 //безымянного стража
2074	60	60	60	952583.4375	14528.45898	195136.0313	0	0	1 //безымянного стража
2074	60	60	60	955727.8125	14585.08984	196143.1094	0	0	1 //безымянного стража
2074	60	60	60	953432.25	14544.12695	196691.7813	0	0	1 //безымянного стража
2074	60	60	60	951561.0625	14515.08301	196306.5313	0	0	1 //безымянного стража
2074	60	60	60	951291.75	14515.08496	197663.4063	0	0	1 //безымянного стража
2074	60	60	60	947383.6875	14537.78516	200742.5625	0	0	1 //безымянного стража
2074	60	60	60	949089.5625	14543.48828	201466.375	0	0	1 //безымянного стража
2074	60	60	60	946906.6875	14515.80176	203137.9688	0	0	1 //безымянного стража
2074	60	60	60	947188.5625	14515.08301	204809.625	0	0	1 //безымянного стража
2074	60	60	60	949364.1875	14515.08496	203831.7813	0	0	1 //безымянного стража
2074	60	60	60	946840.625	14742.66309	206635.0156	0	0	1 //безымянного стража
2074	60	60	60	954218.0625	14745.83789	201523.4688	0	0	1 //безымянного стража
2074	60	60	60	954445.5625	14745.83887	202736.5781	0	0	1 //безымянного стража
2074	60	60	60	956869.875	14766.72266	199761.1719	0	0	1 //безымянного стража
2074	60	60	60	957669.375	14766.7207	199892.9688	0	0	1 //безымянного стража
2074	60	60	60	950642.4375	14515.08496	203257.25	0	0	1 //безымянного стража
2074	60	60	60	949511.75	14548.28125	205032.0313	0	0	1 //безымянного стража
2074	60	60	60	952458.25	14525.49609	205099.0938	0	0	1 //безымянного стража
2074	60	60	60	947825.5	15445.98926	208116.0469	0	0	1 //безымянного стража
2074	60	60	60	949853	15376.46973	208091.2188	0	0	1 //безымянного стража
2074	60	60	60	951950.5	15698.12598	209274.7656	0	0	1 //безымянного стража
2074	60	60	60	952695	14881.08301	207164.8906	0	0	1 //безымянного стража
2074	60	60	60	947217.8125	16158.72559	210041.9844	0	0	1 //безымянного стража
2074	60	60	60	947265.625	16483.76563	211369.2969	0	0	1 //безымянного стража
2074	60	60	60	948270.375	16424.63281	211334.4688	0	0	1 //безымянного стража
2074	60	60	60	950130.0625	16263.65918	210841.2813	0	0	1 //безымянного стража
2074	60	60	60	948260.375	16304.17969	214411.875	0	0	1 //безымянного стража
2074	60	60	60	952038.375	16327.51172	212395.25	0	0	1 //безымянного стража
2074	60	60	60	953381.8125	16220.53906	213188.3438	0	0	1 //безымянного стража
2074	60	60	60	954253.6875	16278.52148	214986.7969	0	0	1 //безымянного стража
2074	60	60	60	954654	16288.40625	216474.6875	0	0	1 //безымянного стража
2074	60	60	60	956388.75	16289.8877	216881.4375	0	0	1 //безымянного стража
2074	60	60	60	958001.5625	16323.30078	218940.1094	0	0	1 //безымянного стража
2074	60	60	60	959902.375	16327.57227	219000.5156	0	0	1 //безымянного стража
2074	60	60	60	961310.6875	16348.55078	218966.5	0	0	1 //безымянного стража
2074	60	60	60	961866	16419.24219	217721.2031	0	0	1 //безымянного стража
2074	60	60	60	959779.8125	16359.76074	217332.9219	0	0	1 //безымянного стража
2074	60	60	60	958418.25	16265.82715	216281.25	0	0	1 //безымянного стража
2074	60	60	60	962807.8125	16350.43457	216688.3438	0	0	1 //безымянного стража
2074	60	60	60	963832.8125	16424.91211	216988.1719	0	0	1 //безымянного стража
2074	60	60	60	957187.625	15993.01856	214337.8594	0	0	1 //безымянного стража
2074	60	60	60	961705.5625	16023.52832	214982.0469	0	0	1 //безымянного стража
2074	60	60	60	961602.5625	15528.47754	213691.2969	0	0	1 //безымянного стража
2074	60	60	60	963848.8125	15014.94043	212781.1563	0	0	1 //безымянного стража
2074	60	60	60	964887.9375	14651.42481	212150.8594	0	0	1 //безымянного стража
2074	60	60	60	966276.5	14988.71289	212830.0469	0	0	1 //безымянного стража
2074	60	60	60	967102.9375	15361.55566	213576.1406	0	0	1 //безымянного стража
2074	60	60	60	969175.0625	15060.98731	212873.4219	0	0	1 //безымянного стража
2074	60	60	60	969418	14629.74707	211878.5938	0	0	1 //безымянного стража
2074	60	60	60	970494.375	14492.52148	211124.3281	0	0	1 //безымянного стража
2074	60	60	60	968377.5	14398.8418	209758.6875	0	0	1 //безымянного стража
2074	60	60	60	971461	14211.80078	207827.9219	0	0	1 //безымянного стража
2074	60	60	60	970507	14211.79883	207741.375	0	0	1 //безымянного стража
2074	60	60	60	968480.75	14189.24121	207684.2969	0	0	1 //безымянного стража
2074	60	60	60	967407.5625	14260.52051	208487.75	0	0	1 //безымянного стража
2074	60	60	60	965595.3125	14195.72266	208951.3594	0	0	1 //безымянного стража
2074	60	60	60	970716.4375	14749.62207	204056.125	0	0	1 //безымянного стража
2074	60	60	60	971331.6875	14748.74609	202458.5469	0	0	1 //безымянного стража
2074	60	60	60	966633.4375	14189.24023	205451.0156	0	0	1 //безымянного стража
2074	60	60	60	966651.9375	14216.32813	203831.5625	0	0	1 //безымянного стража
2074	60	60	60	967423.5	14207.33691	202904.125	0	0	1 //безымянного стража
2074	60	60	60	969521.875	14745.98242	199989.2813	0	0	1 //безымянного стража
2074	60	60	60	964727.5625	14556.05859	200087.8594	0	0	1 //безымянного стража
2074	60	60	60	964766.5625	14522.79981	202163.0938	0	0	1 //безымянного стража
2074	60	60	60	963472.25	14585.03125	201750.7344	0	0	1 //безымянного стража
2074	60	60	60	961266.875	14651.99414	201771.7656	0	0	1 //безымянного стража
2074	60	60	60	958980.6875	14594.68359	201956.5781	0	0	1 //безымянного стража
2074	60	60	60	960767	14520.19727	203161.9219	0	0	1 //безымянного стража
2074	60	60	60	959306.8125	14520.19531	204147.7813	0	0	1 //безымянного стража
2074	60	60	60	957834.9375	14520.19727	204194.3125	0	0	1 //безымянного стража
2074	60	60	60	962263.375	14223.95117	205856.6406	0	0	1 //безымянного стража
2074	60	60	60	956230.1875	14520.19629	204875.875	0	0	1 //безымянного стража
2074	60	60	60	953603.8125	15874.92383	210471.6563	0	0	1 //безымянного стража
2074	60	60	60	954481.6875	15411.80469	209352.7344	0	0	1 //безымянного стража
2074	60	60	60	955654.4375	15827.8418	212413.25	0	0	1 //безымянного стража
2074	60	60	60	956218.6875	15577.93066	211486.5625	0	0	1 //безымянного стража
2074	60	60	60	956332.6875	15407.21191	210841.2656	0	0	1 //безымянного стража
2074	60	60	60	957440.4375	14967.24902	209790.7031	0	0	1 //безымянного стража
2074	60	60	60	958410.4375	14959.21387	210809.3438	0	0	1 //безымянного стража
2074	60	60	60	959253.5625	14908.54981	211383.0313	0	0	1 //безымянного стража
2074	60	60	60	960920.4375	14826.47754	211974.875	0	0	1 //безымянного стража
2074	60	60	60	961617.375	14195.72363	209553	0	0	1 //безымянного стража
2074	60	60	60	961802.6875	14745.83887	198787.9531	0	0	1 //безымянного стража
2074	60	60	60	958494.375	16343.39746	217059.0781	0	0	1 //безымянного стража
2074	60	60	60	971402.8125	14155.1709	197685.8906	0	0	1 //безымянного стража
2074	60	60	60	947382.5625	16389.83594	213642.375	0	0	1 //безымянного стража
2075	60	60	60	974125.6875	13319.23828	194298.2813	0	0	1 //безымянного стража
2075	60	60	60	974662.6875	13323.27539	192361.6563	0	0	1 //безымянного стража
2075	60	60	60	973080.1875	13569.24609	190746.7969	0	0	1 //безымянного стража
2075	60	60	60	970272.3125	14479.12695	189888.875	0	0	1 //безымянного стража
2075	60	60	60	968384.875	14745.8418	192817.2031	0	0	1 //безымянного стража
2075	60	60	60	966456.1875	14746.34961	189878.7813	0	0	1 //безымянного стража
2075	60	60	60	969061.375	14745.83789	197303.8906	0	0	1 //безымянного стража
2075	60	60	60	964082.6875	14758.68945	193382	0	0	1 //безымянного стража
2075	60	60	60	960886.5	14745.98438	193335.4375	0	0	1 //безымянного стража
2075	60	60	60	961215.625	14745.98047	196145.7188	0	0	1 //безымянного стража
2075	60	60	60	964806.3125	14737.80859	196433.875	0	0	1 //безымянного стража
2075	60	60	60	960838.9375	14745.83789	199558.75	0	0	1 //безымянного стража
2075	60	60	60	956717.75	14575.56641	192819.6719	0	0	1 //безымянного стража
2075	60	60	60	957460.5	14534.79492	193467.125	0	0	1 //безымянного стража
2075	60	60	60	955906.875	14559.98047	195485.7188	0	0	1 //безымянного стража
2075	60	60	60	953504.625	14516.79688	193474.0313	0	0	1 //безымянного стража
2075	60	60	60	952807.0625	14515.08203	194725.5	0	0	1 //безымянного стража
2075	60	60	60	952972.75	14594.28711	197385.5469	0	0	1 //безымянного стража
2075	60	60	60	951757.875	14541.45313	197029.5313	0	0	1 //безымянного стража
2075	60	60	60	950654.375	14518.49609	197496.375	0	0	1 //безымянного стража
2075	60	60	60	947482.5	14522.43359	199867.5	0	0	1 //безымянного стража
2075	60	60	60	949492.25	14515.08594	201089.5625	0	0	1 //безымянного стража
2075	60	60	60	949436.75	14515.08594	203342.4688	0	0	1 //безымянного стража
2075	60	60	60	947345.5625	14515.40039	202385.125	0	0	1 //безымянного стража
2075	60	60	60	946571.4375	14531.97266	204825.3438	0	0	1 //безымянного стража
2075	60	60	60	946678.6875	14588.65234	206167.3281	0	0	1 //безымянного стража
2075	60	60	60	947865.75	15309.69531	207818.0781	0	0	1 //безымянного стража
2075	60	60	60	949841.5	14538.20117	204737.5938	0	0	1 //безымянного стража
2075	60	60	60	951598.0625	14565.13477	203384	0	0	1 //безымянного стража
2075	60	60	60	952909.375	14515.08594	204906.75	0	0	1 //безымянного стража
2075	60	60	60	952589.1875	15069.99609	207591.2031	0	0	1 //безымянного стража
2075	60	60	60	952382.375	15608.20508	209109.6875	0	0	1 //безымянного стража
2075	60	60	60	950517.5	15441.07227	208277.2656	0	0	1 //безымянного стража
2075	60	60	60	947315.8125	16031.99023	209710.7031	0	0	1 //безымянного стража
2075	60	60	60	947534.5625	16426.28516	211209.1875	0	0	1 //безымянного стража
2075	60	60	60	949235.875	16379.13672	211215.7344	0	0	1 //безымянного стража
2075	60	60	60	950519.4375	16334.00488	211261.875	0	0	1 //безымянного стража
2075	60	60	60	948770	16380.93848	214188.2656	0	0	1 //безымянного стража
2075	60	60	60	950927.8125	16429.6582	212243.2969	0	0	1 //безымянного стража
2075	60	60	60	955156.5625	14961.01172	208125.6094	0	0	1 //безымянного стража
2075	60	60	60	953140.125	15888.30371	210350.3125	0	0	1 //безымянного стража
2075	60	60	60	954066.5	16125.20215	213029.1406	0	0	1 //безымянного стража
2075	60	60	60	953620	16195.53125	214541.125	0	0	1 //безымянного стража
2075	60	60	60	954589.6875	16242.91113	215970.0156	0	0	1 //безымянного стража
2075	60	60	60	956010.1875	16264.30664	217106.8594	0	0	1 //безымянного стража
2075	60	60	60	958464.6875	16329.9834	218713.1719	0	0	1 //безымянного стража
2075	60	60	60	959355.9375	16392.82227	218645.0781	0	0	1 //безымянного стража
2075	60	60	60	960953.25	16365.25879	218696.2813	0	0	1 //безымянного стража
2075	60	60	60	960320.125	16388.01172	217320.4688	0	0	1 //безымянного стража
2075	60	60	60	958899.375	16306.09375	216691.2344	0	0	1 //безымянного стража
2075	60	60	60	958490.375	16121.11523	215146.8438	0	0	1 //безымянного стража
2075	60	60	60	956633.4375	15926.08789	213778.5313	0	0	1 //безымянного стража
2075	60	60	60	955427.5	15946.96875	212887.5313	0	0	1 //безымянного стража
2075	60	60	60	956446.5625	15671.56738	211953.5625	0	0	1 //безымянного стража
2075	60	60	60	957253.5	15247.64746	210988.3281	0	0	1 //безымянного стража
2075	60	60	60	957343.625	14793.60156	208762.2656	0	0	1 //безымянного стража
2075	60	60	60	958209.375	14904.89258	210280.1563	0	0	1 //безымянного стража
2075	60	60	60	959868.125	14821.86133	211450.9531	0	0	1 //безымянного стража
2075	60	60	60	961397.875	14964.47266	212469.0156	0	0	1 //безымянного стража
2075	60	60	60	961701.8125	15275.96289	213186.5781	0	0	1 //безымянного стража
2075	60	60	60	961790	15842.02637	214461.5625	0	0	1 //безымянного стража
2075	60	60	60	961591.6875	16398.80469	217516.2813	0	0	1 //безымянного стража
2075	60	60	60	963237.3125	16402.29492	216905.6406	0	0	1 //безымянного стража
2075	60	60	60	964360.625	16351.69043	216540.9063	0	0	1 //безымянного стража
2075	60	60	60	962295.75	14195.71484	209527.4688	0	0	1 //безымянного стража
2075	60	60	60	963418.0625	15159.7832	213130.7656	0	0	1 //безымянного стража
2075	60	60	60	965459.3125	14681.14453	212183.1875	0	0	1 //безымянного стража
2075	60	60	60	966770.6875	15085.00195	212972.6563	0	0	1 //безымянного стража
2075	60	60	60	966651.9375	15893.62988	214708.875	0	0	1 //безымянного стража
2075	60	60	60	968538.3125	15037.72461	212819.0469	0	0	1 //безымянного стража
2075	60	60	60	969129.0625	14529.13672	211130.9063	0	0	1 //безымянного стража
2075	60	60	60	970834.3125	14261.83008	210311.2188	0	0	1 //безымянного стража
2075	60	60	60	965394.375	14195.7207	209615.3125	0	0	1 //безымянного стража
2075	60	60	60	971485.125	14211.79883	208875.4531	0	0	1 //безымянного стража
2075	60	60	60	970401.125	14211.79688	208864.9375	0	0	1 //безымянного стража
2075	60	60	60	968883.9375	14200.46289	207985.125	0	0	1 //безымянного стража
2075	60	60	60	966897.5	14203.57813	208536.7344	0	0	1 //безымянного стража
2075	60	60	60	967833.875	14404.64648	209824.6094	0	0	1 //безымянного стража
2075	60	60	60	967210.75	14221.99609	206472.2813	0	0	1 //безымянного стража
2075	60	60	60	966240.6875	14214.29492	204237.1406	0	0	1 //безымянного стража
2075	60	60	60	966894.5625	14213.23047	203048.8594	0	0	1 //безымянного стража
2075	60	60	60	970529.3125	14748.00586	203450.9531	0	0	1 //безымянного стража
2075	60	60	60	971504.1875	14749.8418	203047.5625	0	0	1 //безымянного стража
2075	60	60	60	970018.5625	14745.98047	200124.6719	0	0	1 //безымянного стража
2075	60	60	60	965116.5625	14529.60547	200439.1563	0	0	1 //безымянного стража
2075	60	60	60	965048.625	14546.52344	202515.8281	0	0	1 //безымянного стража
2075	60	60	60	963349.6875	14520.19727	202302.8438	0	0	1 //безымянного стража
2075	60	60	60	960935.1875	14528.8418	202357.8906	0	0	1 //безымянного стража
2075	60	60	60	961736.0625	14520.19336	203603.0469	0	0	1 //безымянного стража
2075	60	60	60	960054.625	14553.24805	203732.2188	0	0	1 //безымянного стража
2075	60	60	60	958509.8125	14622.45117	202386.7031	0	0	1 //безымянного стража
2075	60	60	60	958143.5625	14520.19531	204519.6406	0	0	1 //безымянного стража
2075	60	60	60	955749.375	14615.4375	205448.9688	0	0	1 //безымянного стража
2075	60	60	60	961467.5	14203.06445	205446.6563	0	0	1 //безымянного стража
2075	60	60	60	954225.125	14747.38672	201016.4375	0	0	1 //безымянного стража
2075	60	60	60	955384.3125	14758.14648	202150.3594	0	0	1 //безымянного стража
2075	60	60	60	957434.9375	14745.83789	199155.8438	0	0	1 //безымянного стража
2075	60	60	60	957301.5	14745.83789	200535.0469	0	0	1 //безымянного стража
2075	60	60	60	970280.9375	14593.18164	197691.625	0	0	1 //безымянного стража
2075	60	60	60	947195.6875	16484.13672	212794.5625	0	0	1 //безымянного стража
2087	60	60	60	946038.1875	16199.2207	219071.0625	1	0	1 //Безымянный гастроном
2096	60	60	60	947040.25	16179.43457	218057.9375	1	0	1 //без имени <печать
2097	60	60	60	975154.4375	13319.23828	193690.8125	1	0	1 //без имени <печать
2083	40	40	40	947000.1875	18765.14648	407168.3438	1	0	1 //без имени <печать
2076	60	250	60	1077217	15976.16797	280089.2188	0	0	1 //Безымянное отчаяние
2076	60	250	60	1078459.75	16004.63965	280363.5313	0	0	1 //Безымянное отчаяние
2076	60	250	60	1079454.5	16008.00293	279436.2188	0	0	1 //Безымянное отчаяние
2076	60	250	60	1080779.375	16008.00293	278714.9375	0	0	1 //Безымянное отчаяние
2076	60	250	60	1082325	16008.38672	278236.5938	0	0	1 //Безымянное отчаяние
2076	60	250	60	1082937.375	16011.86621	276726.4375	0	0	1 //Безымянное отчаяние
2076	60	250	60	1082840.25	15991.90137	274801.875	0	0	1 //Безымянное отчаяние
2076	60	250	60	1081555.75	16007.82422	275396.4375	0	0	1 //Безымянное отчаяние
2076	60	250	60	1079854.875	16008.00195	278275.9375	0	0	1 //Безымянное отчаяние
2076	60	250	60	1078837.625	15891.15039	278060.9688	0	0	1 //Безымянное отчаяние
2076	60	250	60	1080158.25	15847.47559	276297.1875	0	0	1 //Безымянное отчаяние
2076	60	250	60	1081176	16008.00195	277633.7188	0	0	1 //Безымянное отчаяние
2076	60	250	60	1080515	15944.01758	276962.125	0	0	1 //Безымянное отчаяние
2076	60	250	60	1083125	15978.27832	273446.75	0	0	1 //Безымянное отчаяние
2076	60	250	60	1083114.125	16041.81934	270530.6563	0	0	1 //Безымянное отчаяние
2076	60	250	60	1083920.5	16041.81934	269360.75	0	0	1 //Безымянное отчаяние
2076	60	250	60	1082544.125	16041.81836	268948.125	0	0	1 //Безымянное отчаяние
2076	60	250	60	1083216.625	16041.81934	269703.5313	0	0	1 //Безымянное отчаяние
2076	60	250	60	1086215.25	15939.8457	269826.25	0	0	1 //Безымянное отчаяние
2076	60	250	60	1087701.375	15939.18555	270266.25	0	0	1 //Безымянное отчаяние
2076	60	250	60	1088829.125	15964.80566	269996.5625	0	0	1 //Безымянное отчаяние
2076	60	250	60	1088776.375	15971.10547	270952.25	0	0	1 //Безымянное отчаяние
2076	60	250	60	1089916.375	15983.93066	270668.1563	0	0	1 //Безымянное отчаяние
2076	60	250	60	1089714.875	15965.73731	271994.9375	0	0	1 //Безымянное отчаяние
2076	60	250	60	1089194.25	15985.76074	273962	0	0	1 //Безымянное отчаяние
2076	60	250	60	1090987.125	15971.91602	274673.3438	0	0	1 //Безымянное отчаяние
2076	60	250	60	1090118.625	15965.86426	273589.625	0	0	1 //Безымянное отчаяние
2076	60	250	60	1091538.375	15965.86426	273596.1875	0	0	1 //Безымянное отчаяние
2076	60	250	60	1090697.75	15965.81445	271353.0625	0	0	1 //Безымянное отчаяние
2076	60	250	60	1090467	15965.86426	272548.7813	0	0	1 //Безымянное отчаяние
2076	60	250	60	1092047.875	15965.86426	272026.9375	0	0	1 //Безымянное отчаяние
2076	60	250	60	1093164.5	15965.86426	273754.4688	0	0	1 //Безымянное отчаяние
2076	60	250	60	1093337.375	15955.45508	275490.625	0	0	1 //Безымянное отчаяние
2076	60	250	60	1092820.375	15978.69727	274897.5	0	0	1 //Безымянное отчаяние
2076	60	250	60	1093222.375	15934.4375	277352.3125	0	0	1 //Безымянное отчаяние
2076	60	250	60	1093210.375	15939.81055	278940.5313	0	0	1 //Безымянное отчаяние
2076	60	250	60	1091843.375	15946.7666	280236.1563	0	0	1 //Безымянное отчаяние
2076	60	250	60	1092780.25	15612.65527	280545.9688	0	0	1 //Безымянное отчаяние
2076	60	250	60	1094348.875	15258.18262	280758.625	0	0	1 //Безымянное отчаяние
2076	60	250	60	1095629.25	15273.36523	280938.2188	0	0	1 //Безымянное отчаяние
2076	60	250	60	1097075.125	15284.48926	281072.875	0	0	1 //Безымянное отчаяние
2076	60	250	60	1098691.125	15261.16797	282619.2813	0	0	1 //Безымянное отчаяние
2076	60	250	60	1098866.625	15028.75098	281732.7813	0	0	1 //Безымянное отчаяние
2076	60	250	60	1098696.125	14704.89063	280526.8438	0	0	1 //Безымянное отчаяние
2076	60	250	60	1099027.75	14560.43066	278852.625	0	0	1 //Безымянное отчаяние
2076	60	250	60	1098874.125	14338.31934	277475.625	0	0	1 //Безымянное отчаяние
2076	60	250	60	1098990.625	14069.10742	275845.3438	0	0	1 //Безымянное отчаяние
2076	60	250	60	1098876.75	13826.90625	274346.25	0	0	1 //Безымянное отчаяние
2076	60	250	60	1098677.875	13581.18555	272821.0313	0	0	1 //Безымянное отчаяние
2076	60	250	60	1098122.875	13277.54004	270984.5625	0	0	1 //Безымянное отчаяние
2076	60	250	60	1098044.75	13185.9082	269296.8438	0	0	1 //Безымянное отчаяние
2076	60	250	60	1097359.75	13249.18848	268075.9375	0	0	1 //Безымянное отчаяние
2076	60	250	60	1097608.125	13249.18848	266611.1563	0	0	1 //Безымянное отчаяние
2076	60	250	60	1098042.125	13249.18848	268187.2188	0	0	1 //Безымянное отчаяние
2076	60	250	60	1098210.875	13249.18848	267275.0938	0	0	1 //Безымянное отчаяние
2076	60	250	60	1099547.375	13249.18848	266767.2813	0	0	1 //Безымянное отчаяние
2076	60	250	60	1095324	13160.91504	266726.4063	0	0	1 //Безымянное отчаяние
2076	60	250	60	1094122.625	13185.89746	266617.2813	0	0	1 //Безымянное отчаяние
2076	60	250	60	1092714.75	13415.9375	266516.0938	0	0	1 //Безымянное отчаяние
2076	60	250	60	1091270.125	13653.04492	266365.9688	0	0	1 //Безымянное отчаяние
2076	60	250	60	1090156.25	13835.68164	266187	0	0	1 //Безымянное отчаяние
2076	60	250	60	1088736	14068.89453	266074.8125	0	0	1 //Безымянное отчаяние
2076	60	250	60	1080630.125	15959.6543	270065.1563	0	0	1 //Безымянное отчаяние
2076	60	250	60	1079404.125	15919.67773	270451.1875	0	0	1 //Безымянное отчаяние
2076	60	250	60	1078078.5	16087.28516	270853.25	0	0	1 //Безымянное отчаяние
2076	60	250	60	1077498.5	16327.14063	271881.2188	0	0	1 //Безымянное отчаяние
2076	60	250	60	1076407.375	16573.87695	271484.7813	0	0	1 //Безымянное отчаяние
2076	60	250	60	1076391.125	16631.14648	270298	0	0	1 //Безымянное отчаяние
2076	60	250	60	1076756.125	16601.13281	268776.3438	0	0	1 //Безымянное отчаяние
2076	60	250	60	1076430.125	16599.4375	267456.8125	0	0	1 //Безымянное отчаяние
2076	60	250	60	1076143.25	16604.86523	266046.8125	0	0	1 //Безымянное отчаяние
2076	60	250	60	1076009	16647.07813	264537.7813	0	0	1 //Безымянное отчаяние
2076	60	250	60	1077070.875	16628.96484	264970.25	0	0	1 //Безымянное отчаяние
2076	60	250	60	1076865.375	16629.09766	263739.4063	0	0	1 //Безымянное отчаяние
2076	60	250	60	1076730.5	16629.09766	261930.9688	0	0	1 //Безымянное отчаяние
2076	60	250	60	1078347.75	16511.91211	263101.5625	0	0	1 //Безымянное отчаяние
2076	60	250	60	1078255.375	16629.09766	261489.0625	0	0	1 //Безымянное отчаяние
2076	60	250	60	1078999.375	16629.09766	259757.7656	0	0	1 //Безымянное отчаяние
2076	60	250	60	1080522.375	16598.24414	258977.2969	0	0	1 //Безымянное отчаяние
2076	60	250	60	1082033.125	16387.53906	258431.0781	0	0	1 //Безымянное отчаяние
2076	60	250	60	1083583.625	16115.71777	257812.5	0	0	1 //Безымянное отчаяние
2076	60	250	60	1084981.625	15867.54492	257216.8906	0	0	1 //Безымянное отчаяние
2076	60	250	60	1086598.75	15550.52832	256091.7969	0	0	1 //Безымянное отчаяние
2076	60	250	60	1088144.375	15257.02637	254918.6094	0	0	1 //Безымянное отчаяние
2076	60	250	60	1089717.75	15348.83887	254760.8594	0	0	1 //Безымянное отчаяние
2076	60	250	60	1091050.5	15378.58496	254759.2188	0	0	1 //Безымянное отчаяние
2076	60	250	60	1092108.75	15378.58496	256015.1094	0	0	1 //Безымянное отчаяние
2076	60	250	60	1092165	15378.58496	254228.1094	0	0	1 //Безымянное отчаяние
2076	60	250	60	1092051.75	15334.88672	258067.6563	0	0	1 //Безымянное отчаяние
2076	60	250	60	1092680.75	15807.43457	259813.4375	0	0	1 //Безымянное отчаяние
2076	60	250	60	1091296	16006.52539	260344.1875	0	0	1 //Безымянное отчаяние
2076	60	250	60	1089843	15977.59961	259111.9531	0	0	1 //Безымянное отчаяние
2076	60	250	60	1088055.25	16003.87891	259288.5313	0	0	1 //Безымянное отчаяние
2076	60	250	60	1086653.25	16008.00195	260313.3438	0	0	1 //Безымянное отчаяние
2076	60	250	60	1086382.75	16008.00195	262693.7813	0	0	1 //Безымянное отчаяние
2076	60	250	60	1084709.625	16008.00195	261771.0313	0	0	1 //Безымянное отчаяние
2076	60	250	60	1083304.875	15982.64648	267602.3438	0	0	1 //Безымянное отчаяние
2076	60	250	60	1083336.625	15977.23242	265670.4375	0	0	1 //Безымянное отчаяние
2076	60	250	60	1083477.5	16002.11719	263760.375	0	0	1 //Безымянное отчаяние
2076	60	250	60	1095739.625	15274.02344	254350.1406	0	0	1 //Безымянное отчаяние
2077	60	250	60	1076785.625	15979.39648	279975.9063	0	0	1 //безымянная нежить
2077	60	250	60	1078332.875	15992.55469	280204.0938	0	0	1 //безымянная нежить
2077	60	250	60	1079445.375	16008.00293	279671.375	0	0	1 //безымянная нежить
2077	60	250	60	1080692	16016.92871	278907.6875	0	0	1 //безымянная нежить
2077	60	250	60	1079643	16008.00195	278478.0313	0	0	1 //безымянная нежить
2077	60	250	60	1080959.875	16008.00195	277764.4688	0	0	1 //безымянная нежить
2077	60	250	60	1082417	16014.81543	278465.1563	0	0	1 //безымянная нежить
2077	60	250	60	1082774.75	16006.39258	276902.6875	0	0	1 //безымянная нежить
2077	60	250	60	1080703.125	15980.1582	277182.125	0	0	1 //безымянная нежить
2077	60	250	60	1080320.5	15837.25977	276090.4688	0	0	1 //безымянная нежить
2077	60	250	60	1079148.125	15913.29395	277874.3438	0	0	1 //безымянная нежить
2077	60	250	60	1081567.25	16007.69531	275599.7188	0	0	1 //безымянная нежить
2077	60	250	60	1082887.875	15995.26367	275022.125	0	0	1 //безымянная нежить
2077	60	250	60	1082962.125	15984.50293	273332.5	0	0	1 //безымянная нежить
2077	60	250	60	1083232.75	16041.81934	270658.375	0	0	1 //безымянная нежить
2077	60	250	60	1083340.5	16041.81934	269857.875	0	0	1 //безымянная нежить
2077	60	250	60	1084138.25	16041.81934	269455.2813	0	0	1 //безымянная нежить
2077	60	250	60	1082393.5	16041.81836	269077.5938	0	0	1 //безымянная нежить
2077	60	250	60	1083347.375	16041.81934	267961.4688	0	0	1 //безымянная нежить
2077	60	250	60	1083141.875	15980.09766	265959.5938	0	0	1 //безымянная нежить
2077	60	250	60	1083280.375	16003.62598	263880.0313	0	0	1 //безымянная нежить
2077	60	250	60	1084532.25	16008.00195	261804.25	0	0	1 //безымянная нежить
2077	60	250	60	1086107	16008.00195	262784.1875	0	0	1 //безымянная нежить
2077	60	250	60	1086382.25	16008.00195	260652.8281	0	0	1 //безымянная нежить
2077	60	250	60	1087782.875	16008.00195	259175.6719	0	0	1 //безымянная нежить
2077	60	250	60	1089512.125	15978.10156	259084.5313	0	0	1 //безымянная нежить
2077	60	250	60	1091135.5	16008.97461	260173.4688	0	0	1 //безымянная нежить
2077	60	250	60	1092600	15870.48047	260023.5469	0	0	1 //безымянная нежить
2077	60	250	60	1092014.75	15394.34375	258330.2656	0	0	1 //безымянная нежить
2077	60	250	60	1092280.875	15378.58496	256242.3281	0	0	1 //безымянная нежить
2077	60	250	60	1092412.75	15378.58496	254217.2656	0	0	1 //безымянная нежить
2077	60	250	60	1091343.875	15378.58496	255001.7969	0	0	1 //безымянная нежить
2077	60	250	60	1089511.375	15304.48633	254484.7969	0	0	1 //безымянная нежить
2077	60	250	60	1088317	15266.25781	255116.6406	0	0	1 //безымянная нежить
2077	60	250	60	1086763.25	15510.45313	255975.1094	0	0	1 //безымянная нежить
2077	60	250	60	1085245	15829.86426	257215.7813	0	0	1 //безымянная нежить
2077	60	250	60	1083806.125	16084.33594	257816.7031	0	0	1 //безымянная нежить
2077	60	250	60	1082279.875	16353.77051	258448.5625	0	0	1 //безымянная нежить
2077	60	250	60	1080889.25	16592.93164	258980.3125	0	0	1 //безымянная нежить
2077	60	250	60	1079188	16624.56641	259493.3125	0	0	1 //безымянная нежить
2077	60	250	60	1078484.25	16629.09766	261129.9063	0	0	1 //безымянная нежить
2077	60	250	60	1076902	16629.09766	261694.0469	0	0	1 //безымянная нежить
2077	60	250	60	1078350.5	16532.2832	262754.9375	0	0	1 //безымянная нежить
2077	60	250	60	1077034.25	16629.09766	263322.875	0	0	1 //безымянная нежить
2077	60	250	60	1075952.75	16647.91797	264213.8125	0	0	1 //безымянная нежить
2077	60	250	60	1077279.125	16628.87891	264762.625	0	0	1 //безымянная нежить
2077	60	250	60	1076416.375	16603.09961	265938.4375	0	0	1 //безымянная нежить
2077	60	250	60	1076590.875	16601.03711	267274.3125	0	0	1 //безымянная нежить
2077	60	250	60	1076986.625	16600.82813	268726.1875	0	0	1 //безымянная нежить
2077	60	250	60	1076322.125	16630.99219	270131.1875	0	0	1 //безымянная нежить
2077	60	250	60	1076193.25	16594.49805	271336.8125	0	0	1 //безымянная нежить
2077	60	250	60	1077317.75	16348.9541	271588.9688	0	0	1 //безымянная нежить
2077	60	250	60	1077732.125	16171.21582	270707.125	0	0	1 //безымянная нежить
2077	60	250	60	1079270.625	15921.46289	270202.8125	0	0	1 //безымянная нежить
2077	60	250	60	1080629.375	15966.16113	270336.75	0	0	1 //безымянная нежить
2077	60	250	60	1086055.5	15953.33887	270026	0	0	1 //безымянная нежить
2077	60	250	60	1087476.125	15936.53223	270139.0625	0	0	1 //безымянная нежить
2077	60	250	60	1088531	15973.5752	269862.7188	0	0	1 //безымянная нежить
2077	60	250	60	1088476.875	15983.74512	270857.5313	0	0	1 //безымянная нежить
2077	60	250	60	1089661.125	15971.31543	270598.5313	0	0	1 //безымянная нежить
2077	60	250	60	1090445.75	15967.38574	271261	0	0	1 //безымянная нежить
2077	60	250	60	1089485	15965.56348	271792.3125	0	0	1 //безымянная нежить
2077	60	250	60	1089057.875	15971.37695	273726.5625	0	0	1 //безымянная нежить
2077	60	250	60	1089930.75	15965.86426	273402.6563	0	0	1 //безымянная нежить
2077	60	250	60	1090233.25	15965.86426	272562.6563	0	0	1 //безымянная нежить
2077	60	250	60	1090798.5	15965.86426	274600.375	0	0	1 //безымянная нежить
2077	60	250	60	1091277.5	15965.86426	273522.8438	0	0	1 //безымянная нежить
2077	60	250	60	1091790.375	15965.86523	272041.2188	0	0	1 //безымянная нежить
2077	60	250	60	1093028.625	15974.45313	273549.375	0	0	1 //безымянная нежить
2077	60	250	60	1092578.625	15970.80176	274760.2813	0	0	1 //безымянная нежить
2077	60	250	60	1093684.125	15949.59082	275611.4375	0	0	1 //безымянная нежить
2077	60	250	60	1093116.625	15939.70703	276918.1563	0	0	1 //безымянная нежить
2077	60	250	60	1093091.375	15935.01074	278587.375	0	0	1 //безымянная нежить
2077	60	250	60	1091604	15965.6875	280035.1875	0	0	1 //безымянная нежить
2077	60	250	60	1092550.875	15675.18066	280599.9063	0	0	1 //безымянная нежить
2077	60	250	60	1094140	15274.92285	280885.9375	0	0	1 //безымянная нежить
2077	60	250	60	1095495	15273.95703	281115.2813	0	0	1 //безымянная нежить
2077	60	250	60	1096858.375	15276.71777	281023.3438	0	0	1 //безымянная нежить
2077	60	250	60	1098424	15281.32129	282675.5313	0	0	1 //безымянная нежить
2077	60	250	60	1098538.375	15039.36719	281773.6875	0	0	1 //безымянная нежить
2077	60	250	60	1098869.5	14772.79297	280770.3125	0	0	1 //безымянная нежить
2077	60	250	60	1098829.125	14611.24121	279134.5313	0	0	1 //безымянная нежить
2077	60	250	60	1098940.625	14377.87402	277739.5625	0	0	1 //безымянная нежить
2077	60	250	60	1099113.875	14117.4668	276127.125	0	0	1 //безымянная нежить
2077	60	250	60	1099093.625	13868.03418	274602.7813	0	0	1 //безымянная нежить
2077	60	250	60	1098859.25	13604.99707	273006.4688	0	0	1 //безымянная нежить
2077	60	250	60	1098319.875	13312.36523	271209.125	0	0	1 //безымянная нежить
2077	60	250	60	1097938.625	13189.75391	269592.25	0	0	1 //безымянная нежить
2077	60	250	60	1098202.125	13249.18848	268375.875	0	0	1 //безымянная нежить
2077	60	250	60	1097335.25	13249.18848	268349.0625	0	0	1 //безымянная нежить
2077	60	250	60	1097428.25	13249.18848	266736.3125	0	0	1 //безымянная нежить
2077	60	250	60	1097945.375	13249.18848	267469.2813	0	0	1 //безымянная нежить
2077	60	250	60	1099374.25	13249.18848	266970.5625	0	0	1 //безымянная нежить
2077	60	250	60	1095424.375	13166.49219	266558.3125	0	0	1 //безымянная нежить
2077	60	250	60	1094119.625	13187.26074	266834.3438	0	0	1 //безымянная нежить
2077	60	250	60	1092786.25	13406.07227	266384.9063	0	0	1 //безымянная нежить
2077	60	250	60	1091405.375	13631.11231	266478.0938	0	0	1 //безымянная нежить
2077	60	250	60	1090324	13811.95117	266121.25	0	0	1 //безымянная нежить
2077	60	250	60	1088866.625	14047.62695	266147.4063	0	0	1 //безымянная нежить
2077	60	250	60	1095994.125	15273.18359	254254.625	0	0	1 //безымянная нежить
2078	60	250	60	1096159.375	15271.16895	254098.0313	0	0	1 // безымянный мрак
2078	60	250	60	1092638.875	15378.58496	254320.0313	0	0	1 // безымянный мрак
2078	60	250	60	1092513.125	15378.58496	255919.5469	0	0	1 // безымянный мрак
2078	60	250	60	1091621.875	15378.58496	254970.25	0	0	1 // безымянный мрак
2078	60	250	60	1092017.75	15302.41699	257803.1563	0	0	1 // безымянный мрак
2078	60	250	60	1092388.75	15809.58106	259818.2188	0	0	1 // безымянный мрак
2078	60	250	60	1091502.875	15996.81445	260420.3594	0	0	1 // безымянный мрак
2078	60	250	60	1090150.125	15979.7627	259129.9375	0	0	1 // безымянный мрак
2078	60	250	60	1088139	15993.18555	259077.8594	0	0	1 // безымянный мрак
2078	60	250	60	1086326.125	16008.00293	260233.75	0	0	1 // безымянный мрак
2078	60	250	60	1086377.375	16008.00195	262314.9375	0	0	1 // безымянный мрак
2078	60	250	60	1084836.875	16008.00195	261981.8906	0	0	1 // безымянный мрак
2078	60	250	60	1083408.5	16005.32617	263547.7188	0	0	1 // безымянный мрак
2078	60	250	60	1083175.5	15980.47559	265524.4375	0	0	1 // безымянный мрак
2078	60	250	60	1083585	16000.04297	267653.6875	0	0	1 // безымянный мрак
2078	60	250	60	1082375.875	16041.81836	268744.3125	0	0	1 // безымянный мрак
2078	60	250	60	1084034.125	16041.81934	269035.625	0	0	1 // безымянный мрак
2078	60	250	60	1083387.5	16041.81934	269522.6875	0	0	1 // безымянный мрак
2078	60	250	60	1082887.625	16041.82031	270549.3438	0	0	1 // безымянный мрак
2078	60	250	60	1083135.25	15978.60254	273212.0938	0	0	1 // безымянный мрак
2078	60	250	60	1083064.125	15984.38379	274808.9063	0	0	1 // безымянный мрак
2078	60	250	60	1082702.875	16011.26563	276578.3125	0	0	1 // безымянный мрак
2078	60	250	60	1081811.5	16007.77148	275479.2188	0	0	1 // безымянный мрак
2078	60	250	60	1080468	15869.00195	276263.6563	0	0	1 // безымянный мрак
2078	60	250	60	1080850.625	15976.3877	276929.5938	0	0	1 // безымянный мрак
2078	60	250	60	1081448.375	16008.00293	277554.4375	0	0	1 // безымянный мрак
2078	60	250	60	1082613.75	16011.92481	278206.0938	0	0	1 // безымянный мрак
2078	60	250	60	1081074	16008.00293	278728.2813	0	0	1 // безымянный мрак
2078	60	250	60	1079983.375	16008.00195	278456.9375	0	0	1 // безымянный мрак
2078	60	250	60	1079360.625	15903.40723	277696.1563	0	0	1 // безымянный мрак
2078	60	250	60	1079759.625	16008.00195	279496.25	0	0	1 // безымянный мрак
2078	60	250	60	1078702	16008.00195	280134.5313	0	0	1 // безымянный мрак
2078	60	250	60	1077199.375	15985.46387	279802.4063	0	0	1 // безымянный мрак
2078	60	250	60	1080516.125	15966.75488	269825.125	0	0	1 // безымянный мрак
2078	60	250	60	1079347.125	15918.84863	270717.4688	0	0	1 // безымянный мрак
2078	60	250	60	1077915.5	16113.86719	270628.0938	0	0	1 // безымянный мрак
2078	60	250	60	1077607.25	16285.60352	271601.6563	0	0	1 // безымянный мрак
2078	60	250	60	1076509.375	16572.05273	271691.8125	0	0	1 // безымянный мрак
2078	60	250	60	1076620.25	16631.08789	270198.5625	0	0	1 // безымянный мрак
2078	60	250	60	1076955.5	16598.62695	269027.8125	0	0	1 // безымянный мрак
2078	60	250	60	1076679.875	16601.62891	267563.8438	0	0	1 // безымянный мрак
2078	60	250	60	1075969.75	16613.62109	266266.8125	0	0	1 // безымянный мрак
2078	60	250	60	1075786	16663.84375	264450.5938	0	0	1 // безымянный мрак
2078	60	250	60	1077348.75	16629.07422	265071.8438	0	0	1 // безымянный мрак
2078	60	250	60	1076743	16629.09766	263437.5313	0	0	1 // безымянный мрак
2078	60	250	60	1078000.875	16561.07422	263110.5625	0	0	1 // безымянный мрак
2078	60	250	60	1078521.5	16629.09766	261505.9688	0	0	1 // безымянный мрак
2078	60	250	60	1076921.25	16629.09766	262026.9844	0	0	1 // безымянный мрак
2078	60	250	60	1078771	16629.09766	259672.0625	0	0	1 // безымянный мрак
2078	60	250	60	1080526.625	16604.79102	259235.9844	0	0	1 // безымянный мрак
2078	60	250	60	1081707.25	16441.17773	258350.6875	0	0	1 // безымянный мрак
2078	60	250	60	1083541	16145.61523	258103.75	0	0	1 // безымянный мрак
2078	60	250	60	1084881.5	15877.23242	257034.6875	0	0	1 // безымянный мрак
2078	60	250	60	1086649	15551.02637	256273.1719	0	0	1 // безымянный мрак
2078	60	250	60	1087954.625	15285.95898	255192.375	0	0	1 // безымянный мрак
2078	60	250	60	1089473.125	15292.4375	254681.5313	0	0	1 // безымянный мрак
2078	60	250	60	1086124.75	15958.6084	269564.75	0	0	1 // безымянный мрак
2078	60	250	60	1087782.375	15938.57813	269978.9063	0	0	1 // безымянный мрак
2078	60	250	60	1088629.375	15953.78125	270086.8125	0	0	1 // безымянный мрак
2078	60	250	60	1088705	15972.06934	271557.2813	0	0	1 // безымянный мрак
2078	60	250	60	1089893.625	15990.98926	270339.9688	0	0	1 // безымянный мрак
2078	60	250	60	1090887.25	15967.61523	271101.7188	0	0	1 // безымянный мрак
2078	60	250	60	1092140.125	15980.91016	271716.0625	0	0	1 // безымянный мрак
2078	60	250	60	1090489.25	15965.86426	272294.6875	0	0	1 // безымянный мрак
2078	60	250	60	1089513.5	15965.5918	271924.0625	0	0	1 // безымянный мрак
2078	60	250	60	1090197.75	15965.86426	273342.0938	0	0	1 // безымянный мрак
2078	60	250	60	1089294.25	15965.86426	273755.1563	0	0	1 // безымянный мрак
2078	60	250	60	1090883.125	15965.86426	274357.5313	0	0	1 // безымянный мрак
2078	60	250	60	1091398.375	15965.86426	273321.4688	0	0	1 // безымянный мрак
2078	60	250	60	1092909.25	15965.86426	273696.4375	0	0	1 // безымянный мрак
2078	60	250	60	1092746	15966.17676	274721.6875	0	0	1 // безымянный мрак
2078	60	250	60	1093536	15965.86426	275305.8125	0	0	1 // безымянный мрак
2078	60	250	60	1092882.625	15956.3125	277169.3125	0	0	1 // безымянный мрак
2078	60	250	60	1093307.25	15939.86133	278617.75	0	0	1 // безымянный мрак
2078	60	250	60	1091836.625	15967.68848	279924.7813	0	0	1 // безымянный мрак
2078	60	250	60	1092721.25	15635.20801	280907.7813	0	0	1 // безымянный мрак
2078	60	250	60	1094350.375	15255.6416	281080.7813	0	0	1 // безымянный мрак
2078	60	250	60	1095326.375	15274.60742	280875.9063	0	0	1 // безымянный мрак
2078	60	250	60	1096926	15279.32715	281223.4375	0	0	1 // безымянный мрак
2078	60	250	60	1098386	15267.39648	282422.4063	0	0	1 // безымянный мрак
2078	60	250	60	1098729.875	15096.1377	281984.5625	0	0	1 // безымянный мрак
2078	60	250	60	1098600.625	14811.92969	280887.0625	0	0	1 // безымянный мрак
2078	60	250	60	1099021.5	14607.99121	279175.7813	0	0	1 // безымянный мрак
2078	60	250	60	1098717.875	14390.67481	277744.625	0	0	1 // безымянный мрак
2078	60	250	60	1098889.375	14125.08398	276175.4375	0	0	1 // безымянный мрак
2078	60	250	60	1098873.5	13883.74902	274693.0625	0	0	1 // безымянный мрак
2078	60	250	60	1098681.875	13638.2627	273140.875	0	0	1 // безымянный мрак
2078	60	250	60	1098138.375	13338.48535	271336.9688	0	0	1 // безымянный мрак
2078	60	250	60	1098168.125	13184.53711	269549.4688	0	0	1 // безымянный мрак
2078	60	250	60	1098008.5	13249.18848	268437.4375	0	0	1 // безымянный мрак
2078	60	250	60	1099515.125	13249.18848	267138.0313	0	0	1 // безымянный мрак
2078	60	250	60	1098226	13249.18848	267596.0625	0	0	1 // безымянный мрак
2078	60	250	60	1097688.75	13249.18848	266364.4063	0	0	1 // безымянный мрак
2078	60	250	60	1097555.75	13249.18848	268136.7188	0	0	1 // безымянный мрак
2078	60	250	60	1095382.375	13177.08008	266959.4063	0	0	1 // безымянный мрак
2078	60	250	60	1094092.625	13200.61914	266367.5625	0	0	1 // безымянный мрак
2078	60	250	60	1092906.25	13384.62988	266573.5938	0	0	1 // безымянный мрак
2078	60	250	60	1091624.875	13594.60449	266319.625	0	0	1 // безымянный мрак
2078	60	250	60	1090408.75	13794.625	266344.6875	0	0	1 // безымянный мрак
2078	60	250	60	1089072.125	14013.9668	266191.9063	0	0	1 // безымянный мрак
2079	60	250	60	1088875.125	14055.35742	265899.3438	0	0	1 //Безымянный Король-лич
2079	60	250	60	1090143.75	13838.30176	266384.0625	0	0	1 //Безымянный Король-лич
2079	60	250	60	1091162	13674.50977	266200.75	0	0	1 //Безымянный Король-лич
2079	60	250	60	1092503.5	13451.05469	266653.7188	0	0	1 //Безымянный Король-лич
2079	60	250	60	1093832.625	13232.5791	266567.6563	0	0	1 //Безымянный Король-лич
2079	60	250	60	1095161.25	13149.37109	266730.2188	0	0	1 //Безымянный Король-лич
2079	60	250	60	1097279	13249.18848	266454.625	0	0	1 //Безымянный Король-лич
2079	60	250	60	1097910.125	13249.18848	267219.3125	0	0	1 //Безымянный Король-лич
2079	60	250	60	1097286.875	13249.18848	267826.25	0	0	1 //Безымянный Король-лич
2079	60	250	60	1098387.875	13249.18848	268194.375	0	0	1 //Безымянный Король-лич
2079	60	250	60	1099245.125	13249.18848	266708.1563	0	0	1 //Безымянный Король-лич
2079	60	250	60	1098327.625	13190.31934	269455.8438	0	0	1 //Безымянный Король-лич
2079	60	250	60	1098338.125	13261.43066	270887.5938	0	0	1 //Безымянный Король-лич
2079	60	250	60	1098717.625	13541.91699	272618.1563	0	0	1 //Безымянный Король-лич
2079	60	250	60	1099081.375	13795.11133	274157.8438	0	0	1 //Безымянный Король-лич
2079	60	250	60	1099272.875	14065.51074	275790.8438	0	0	1 //Безымянный Король-лич
2079	60	250	60	1098740.75	14313.02148	277276.9063	0	0	1 //Безымянный Король-лич
2079	60	250	60	1098811.625	14542.45215	278700.7188	0	0	1 //Безымянный Король-лич
2079	60	250	60	1098944.375	14664.03418	280385.2813	0	0	1 //Безымянный Король-лич
2079	60	250	60	1098787.5	14959.8418	281484.5625	0	0	1 //Безымянный Король-лич
2079	60	250	60	1099000.75	15257.96582	282601.9688	0	0	1 //Безымянный Король-лич
2079	60	250	60	1097248.25	15302.82813	281553.7813	0	0	1 //Безымянный Король-лич
2079	60	250	60	1095868.25	15277.54492	281249.0938	0	0	1 //Безымянный Король-лич
2079	60	250	60	1093997	15304.80078	281240.0938	0	0	1 //Безымянный Король-лич
2079	60	250	60	1092873.5	15588.26367	280779.4375	0	0	1 //Безымянный Король-лич
2079	60	250	60	1091620.125	15941.84375	280434.3438	0	0	1 //Безымянный Король-лич
2079	60	250	60	1092860.5	15953.83496	279036.9063	0	0	1 //Безымянный Король-лич
2079	60	250	60	1092987.25	15942.32617	277529.25	0	0	1 //Безымянный Король-лич
2079	60	250	60	1093446.75	15935.50195	275817.7813	0	0	1 //Безымянный Король-лич
2079	60	250	60	1093061.75	15968.40527	274784.2813	0	0	1 //Безымянный Король-лич
2079	60	250	60	1093097.375	15965.86426	273966.75	0	0	1 //Безымянный Король-лич
2079	60	250	60	1092286.375	15966.79297	272291.875	0	0	1 //Безымянный Король-лич
2079	60	250	60	1091771.625	15965.86426	273474.75	0	0	1 //Безымянный Король-лич
2079	60	250	60	1090979.375	15974.97852	270748.1563	0	0	1 //Безымянный Король-лич
2079	60	250	60	1090837.875	15965.86426	272417.375	0	0	1 //Безымянный Король-лич
2079	60	250	60	1090490.125	15965.86426	273376.4688	0	0	1 //Безымянный Король-лич
2079	60	250	60	1090543.25	15965.86426	274561.6875	0	0	1 //Безымянный Король-лич
2079	60	250	60	1089478.625	15970.6377	274135.5625	0	0	1 //Безымянный Король-лич
2079	60	250	60	1089433.25	15965.62109	272326.5625	0	0	1 //Безымянный Король-лич
2079	60	250	60	1089736.5	15975.8457	270917.875	0	0	1 //Безымянный Король-лич
2079	60	250	60	1089012.375	15965.77051	271284.6875	0	0	1 //Безымянный Король-лич
2079	60	250	60	1088868.875	15951.28418	270282.5313	0	0	1 //Безымянный Король-лич
2079	60	250	60	1088035.375	15938.09082	270312.4375	0	0	1 //Безымянный Король-лич
2079	60	250	60	1085761	16013.57617	269764.7813	0	0	1 //Безымянный Король-лич
2079	60	250	60	1084480.375	16041.81934	269320.0313	0	0	1 //Безымянный Король-лич
2079	60	250	60	1083718.25	16041.81934	269856.0625	0	0	1 //Безымянный Король-лич
2079	60	250	60	1082785.875	16041.82031	270183.6875	0	0	1 //Безымянный Король-лич
2079	60	250	60	1082821.125	16041.81836	268787.9688	0	0	1 //Безымянный Король-лич
2079	60	250	60	1083608.625	16041.81934	268171.9375	0	0	1 //Безымянный Король-лич
2079	60	250	60	1083423.125	15981.78809	266169.8438	0	0	1 //Безымянный Король-лич
2079	60	250	60	1083448.125	15993.02734	264216.9063	0	0	1 //Безымянный Король-лич
2079	60	250	60	1084454.25	16007.98926	262303.9375	0	0	1 //Безымянный Король-лич
2079	60	250	60	1085675.25	16008.00195	262672.0313	0	0	1 //Безымянный Король-лич
2079	60	250	60	1086063.375	16008.00195	260601.4375	0	0	1 //Безымянный Король-лич
2079	60	250	60	1087635.5	16019.42383	259614.9844	0	0	1 //Безымянный Король-лич
2079	60	250	60	1089618.375	15983.27148	259363.5313	0	0	1 //Безымянный Король-лич
2079	60	250	60	1091391.5	16000.99219	260015.3125	0	0	1 //Безымянный Король-лич
2079	60	250	60	1092283.5	15907.54492	260143.5156	0	0	1 //Безымянный Король-лич
2079	60	250	60	1091834.125	15490.28223	258657.5156	0	0	1 //Безымянный Король-лич
2079	60	250	60	1092373	15378.58496	256585.25	0	0	1 //Безымянный Король-лич
2079	60	250	60	1091426.5	15378.58496	255377.0469	0	0	1 //Безымянный Король-лич
2079	60	250	60	1092289	15378.58496	254598.125	0	0	1 //Безымянный Король-лич
2079	60	250	60	1096398.125	15281.75293	254397.1406	0	0	1 //Безымянный Король-лич
2079	60	250	60	1089414.125	15295.875	254931.9531	0	0	1 //Безымянный Король-лич
2079	60	250	60	1087701.75	15312.95606	254947.7813	0	0	1 //Безымянный Король-лич
2079	60	250	60	1086965.625	15484.69824	256045.8281	0	0	1 //Безымянный Король-лич
2079	60	250	60	1085248	15813.16113	256949.5	0	0	1 //Безымянный Король-лич
2079	60	250	60	1084051.625	16052.36719	257854.2031	0	0	1 //Безымянный Король-лич
2079	60	250	60	1082407.125	16319.17773	258226.2031	0	0	1 //Безымянный Король-лич
2079	60	250	60	1081126.125	16560.68555	258995.7188	0	0	1 //Безымянный Король-лич
2079	60	250	60	1079290.5	16651.75	259833.5469	0	0	1 //Безымянный Король-лич
2079	60	250	60	1078638.375	16629.09766	260845.6875	0	0	1 //Безымянный Король-лич
2079	60	250	60	1077068	16632.04688	261340.3125	0	0	1 //Безымянный Король-лич
2079	60	250	60	1078915.375	16479.97656	263132.5	0	0	1 //Безымянный Король-лич
2079	60	250	60	1076924.25	16629.09766	262996.8125	0	0	1 //Безымянный Король-лич
2079	60	250	60	1075729.625	16634.4668	263908.8438	0	0	1 //Безымянный Король-лич
2079	60	250	60	1077598.125	16628.84375	264616.4688	0	0	1 //Безымянный Король-лич
2079	60	250	60	1076181	16614.85352	265558.9375	0	0	1 //Безымянный Король-лич
2079	60	250	60	1076370	16599.52148	267176.1563	0	0	1 //Безымянный Король-лич
2079	60	250	60	1076798.75	16596.93359	268502.4063	0	0	1 //Безымянный Король-лич
2079	60	250	60	1076538.75	16634.63867	269808.2813	0	0	1 //Безымянный Король-лич
2079	60	250	60	1076658.875	16549.58398	271814.625	0	0	1 //Безымянный Король-лич
2079	60	250	60	1077173.75	16352.88281	271246.9688	0	0	1 //Безымянный Король-лич
2079	60	250	60	1077947.25	16105.23535	270379.3125	0	0	1 //Безымянный Король-лич
2079	60	250	60	1079179.375	15907.59863	270452	0	0	1 //Безымянный Король-лич
2079	60	250	60	1080334.625	15941.15332	270054.6563	0	0	1 //Безымянный Король-лич
2079	60	250	60	1083100.375	15980.16016	272954.1563	0	0	1 //Безымянный Король-лич
2079	60	250	60	1083047.25	15976.47559	274459.4375	0	0	1 //Безымянный Король-лич
2079	60	250	60	1083004.75	16039.51758	276180.2813	0	0	1 //Безымянный Король-лич
2079	60	250	60	1082038.25	16007.68164	275618.8438	0	0	1 //Безымянный Король-лич
2079	60	250	60	1079680.25	15869.09375	275969.375	0	0	1 //Безымянный Король-лич
2079	60	250	60	1081063.125	15987.5166	276838.8438	0	0	1 //Безымянный Король-лич
2079	60	250	60	1079042	15835.14063	277620	0	0	1 //Безымянный Король-лич
2079	60	250	60	1081359.25	16008.00293	277620.5938	0	0	1 //Безымянный Король-лич
2079	60	250	60	1082392.375	16008.00195	277971.6563	0	0	1 //Безымянный Король-лич
2079	60	250	60	1081051	16008.00293	278360.4375	0	0	1 //Безымянный Король-лич
2079	60	250	60	1080125.375	16008.00195	278214.0938	0	0	1 //Безымянный Король-лич
2079	60	250	60	1079845.75	16008.00195	279280.5938	0	0	1 //Безымянный Король-лич
2079	60	250	60	1078549.625	16008.00293	279847.2813	0	0	1 //Безымянный Король-лич
2079	60	250	60	1076705.125	15982.76367	280278.8125	0	0	1 //Безымянный Король-лич
2080	60	250	60	1076455.75	15978.36133	280008.6563	0	0	1 //Безымянный Король-лич
2080	60	250	60	1078187.875	15981.75586	279986.2813	0	0	1 //Безымянный Король-лич
2080	60	250	60	1079715.5	16008.00195	279784.3438	0	0	1 //Безымянный Король-лич
2080	60	250	60	1080561.5	16008.00195	278646.7813	0	0	1 //Безымянный Король-лич
2080	60	250	60	1079693.25	15993.47363	278040.2813	0	0	1 //Безымянный Король-лич
2080	60	250	60	1079062	15794.45508	277163.4688	0	0	1 //Безымянный Король-лич
2080	60	250	60	1079915.125	15870.07031	276261.25	0	0	1 //Безымянный Король-лич
2080	60	250	60	1080440	15954.19043	277169.3125	0	0	1 //Безымянный Король-лич
2080	60	250	60	1081443.125	16008.00293	277948.25	0	0	1 //Безымянный Король-лич
2080	60	250	60	1082771.75	16018.35352	277804.3438	0	0	1 //Безымянный Король-лич
2080	60	250	60	1082573.25	16009.6543	276550.9063	0	0	1 //Безымянный Король-лич
2080	60	250	60	1081726.5	16007.70313	275783.4688	0	0	1 //Безымянный Король-лич
2080	60	250	60	1082676.875	15999.12305	274910.9688	0	0	1 //Безымянный Король-лич
2080	60	250	60	1083389.5	15981.94629	273247.9063	0	0	1 //Безымянный Король-лич
2080	60	250	60	1083054.25	16215.18555	271057.5313	0	0	1 //Безымянный Король-лич
2080	60	250	60	1083014	16041.81934	269522.1875	0	0	1 //Безымянный Король-лич
2080	60	250	60	1083844.875	16041.81934	268881.7188	0	0	1 //Безымянный Король-лич
2080	60	250	60	1083096.5	16041.81934	268008.7813	0	0	1 //Безымянный Король-лич
2080	60	250	60	1082604.125	16041.81934	268498.4063	0	0	1 //Безымянный Король-лич
2080	60	250	60	1080808.75	16008.90234	270202.0625	0	0	1 //Безымянный Король-лич
2080	60	250	60	1079641.25	15940.43652	270542.4063	0	0	1 //Безымянный Король-лич
2080	60	250	60	1078223.375	16030.15039	270612.5	0	0	1 //Безымянный Король-лич
2080	60	250	60	1077564.375	16275.67969	271393.3125	0	0	1 //Безымянный Король-лич
2080	60	250	60	1076751.125	16573.19727	272174.75	0	0	1 //Безымянный Король-лич
2080	60	250	60	1076151.625	16630.10352	270275	0	0	1 //Безымянный Король-лич
2080	60	250	60	1076737.125	16615.34961	269140.4063	0	0	1 //Безымянный Король-лич
2080	60	250	60	1076382	16603.91406	267738.9688	0	0	1 //Безымянный Король-лич
2080	60	250	60	1076316.75	16597.77734	266191.3438	0	0	1 //Безымянный Король-лич
2080	60	250	60	1077151.375	16635.19531	265267.3125	0	0	1 //Безымянный Король-лич
2080	60	250	60	1075798.125	16648.9375	264658.7813	0	0	1 //Безымянный Король-лич
2080	60	250	60	1076646.25	16630.70703	263735.0625	0	0	1 //Безымянный Король-лич
2080	60	250	60	1076555.75	16629.09766	261673.5156	0	0	1 //Безымянный Король-лич
2080	60	250	60	1078054.375	16567.97461	262845.0938	0	0	1 //Безымянный Король-лич
2080	60	250	60	1078165.875	16629.09766	261177.5625	0	0	1 //Безымянный Король-лич
2080	60	250	60	1078802	16638.60156	260016.9844	0	0	1 //Безымянный Король-лич
2080	60	250	60	1080603.75	16607.27539	258747.8438	0	0	1 //Безымянный Король-лич
2080	60	250	60	1081933	16417.20117	258619.2656	0	0	1 //Безымянный Король-лич
2080	60	250	60	1083592.625	16106.03711	257562.2031	0	0	1 //Безымянный Король-лич
2080	60	250	60	1085143.125	15856.15039	257359.6094	0	0	1 //Безымянный Король-лич
2080	60	250	60	1086549.5	15578.73047	256412.4688	0	0	1 //Безымянный Король-лич
2080	60	250	60	1087698.25	15324.30957	255299.6406	0	0	1 //Безымянный Король-лич
2080	60	250	60	1089224.125	15277.47266	254578.8125	0	0	1 //Безымянный Король-лич
2080	60	250	60	1091379.875	15378.58496	254703.8281	0	0	1 //Безымянный Король-лич
2080	60	250	60	1092308.75	15378.58496	255932.5469	0	0	1 //Безымянный Король-лич
2080	60	250	60	1092055.75	15378.58496	254340.1406	0	0	1 //Безымянный Король-лич
2080	60	250	60	1091688.125	15394.30078	258262.4844	0	0	1 //Безымянный Король-лич
2080	60	250	60	1092574.375	15733.1875	259522.7031	0	0	1 //Безымянный Король-лич
2080	60	250	60	1091602.125	16003.18555	260570.5313	0	0	1 //Безымянный Король-лич
2080	60	250	60	1090096.5	15994.73145	259387.1875	0	0	1 //Безымянный Король-лич
2080	60	250	60	1088123.5	15999.9541	259419.6875	0	0	1 //Безымянный Король-лич
2080	60	250	60	1086322.25	16008.00293	260026.5469	0	0	1 //Безымянный Король-лич
2080	60	250	60	1084497.75	16008.00195	261595.2969	0	0	1 //Безымянный Король-лич
2080	60	250	60	1086003.375	16008.00195	262065.7031	0	0	1 //Безымянный Король-лич
2080	60	250	60	1083806.75	15999.99316	263776.1875	0	0	1 //Безымянный Король-лич
2080	60	250	60	1083444.875	15979.95898	265417.5313	0	0	1 //Безымянный Король-лич
2080	60	250	60	1086468.5	15934.36231	269931.75	0	0	1 //Безымянный Король-лич
2080	60	250	60	1087532.875	15941.2168	269846.7813	0	0	1 //Безымянный Король-лич
2080	60	250	60	1089103.375	15979.57129	269840.5313	0	0	1 //Безымянный Король-лич
2080	60	250	60	1088614.5	15981.58594	271222	0	0	1 //Безымянный Король-лич
2080	60	250	60	1089211.125	15965.60059	272004.25	0	0	1 //Безымянный Король-лич
2080	60	250	60	1089064.375	15965.86426	273468.7813	0	0	1 //Безымянный Король-лич
2080	60	250	60	1089956.875	15965.86426	273066.6563	0	0	1 //Безымянный Король-лич
2080	60	250	60	1090638.75	15965.86426	274201.0938	0	0	1 //Безымянный Король-лич
2080	60	250	60	1090229	15965.86426	272213.5625	0	0	1 //Безымянный Король-лич
2080	60	250	60	1090947.75	15965.8252	271376.0313	0	0	1 //Безымянный Король-лич
2080	60	250	60	1091795.25	15965.86523	271796.7188	0	0	1 //Безымянный Король-лич
2080	60	250	60	1091542.625	15965.86523	273105.3438	0	0	1 //Безымянный Король-лич
2080	60	250	60	1092845.375	15980.84277	273365	0	0	1 //Безымянный Король-лич
2080	60	250	60	1092789	15965.86426	274462.875	0	0	1 //Безымянный Король-лич
2080	60	250	60	1093124.625	15943.41895	275718.0625	0	0	1 //Безымянный Король-лич
2080	60	250	60	1093391.375	15937.80176	277109.8438	0	0	1 //Безымянный Король-лич
2080	60	250	60	1092862.75	15943.34375	278563.3438	0	0	1 //Безымянный Король-лич
2080	60	250	60	1093042.5	15557.72852	280479.125	0	0	1 //Безымянный Король-лич
2080	60	250	60	1091753.5	15909.18848	280806.4375	0	0	1 //Безымянный Король-лич
2080	60	250	60	1094027.25	15298.98438	280633.4375	0	0	1 //Безымянный Король-лич
2080	60	250	60	1095411.625	15282.62012	281347.5625	0	0	1 //Безымянный Король-лич
2080	60	250	60	1096838.75	15290.59863	281391.4688	0	0	1 //Безымянный Король-лич
2080	60	250	60	1098161.25	15288.93066	282497.2813	0	0	1 //Безымянный Король-лич
2080	60	250	60	1098347.375	14999.96973	281660.0938	0	0	1 //Безымянный Король-лич
2080	60	250	60	1098416.375	14746.03027	280583.0625	0	0	1 //Безымянный Король-лич
2080	60	250	60	1098753.875	14607.90527	279204.875	0	0	1 //Безымянный Король-лич
2080	60	250	60	1099111.75	14324.68945	277395.75	0	0	1 //Безымянный Король-лич
2080	60	250	60	1099192.125	14140.66113	276260.125	0	0	1 //Безымянный Король-лич
2080	60	250	60	1099000.25	13910.30859	274872.25	0	0	1 //Безымянный Король-лич
2080	60	250	60	1099074	13578.32617	272816.125	0	0	1 //Безымянный Король-лич
2080	60	250	60	1098401.125	13365.2793	271532.875	0	0	1 //Безымянный Король-лич
2080	60	250	60	1097731.875	13209.64844	269593.375	0	0	1 //Безымянный Король-лич
2080	60	250	60	1098249.25	13242.9082	268601.5625	0	0	1 //Безымянный Король-лич
2080	60	250	60	1097502.75	13249.18848	268347.8438	0	0	1 //Безымянный Король-лич
2080	60	250	60	1098448.875	13249.18848	267380	0	0	1 //Безымянный Король-лич
2080	60	250	60	1097202.25	13249.18848	266779.5313	0	0	1 //Безымянный Король-лич
2080	60	250	60	1099056.625	13249.18848	266635.2813	0	0	1 //Безымянный Король-лич
2080	60	250	60	1095361.5	13168.13965	266370.0625	0	0	1 //Безымянный Король-лич
2080	60	250	60	1094240.875	13167.42578	266705.8438	0	0	1 //Безымянный Король-лич
2080	60	250	60	1093026.625	13364.61523	266474.6563	0	0	1 //Безымянный Король-лич
2080	60	250	60	1091588.75	13600.97656	266483.0313	0	0	1 //Безымянный Король-лич
2080	60	250	60	1090072.5	13862.72266	265959.7813	0	0	1 //Безымянный Король-лич
2080	60	250	60	1089092.375	14011.08984	266346.7188	0	0	1 //Безымянный Король-лич
2080	60	250	60	1096759	15270.83691	254006.5	0	0	1 //Безымянный Король-лич
2080	60	250	60	1090109	15983.16504	270775.4375	0	0	1 //Безымянный Король-лич
2088	60	250	60	1074308	16041.81836	280801.4063	1	0	1 //Безымянный живот
2098	60	250	60	1074443.875	16041.81836	279381.5625	1	0	1 //безымянный <труп
2099	60	250	60	1101589.375	15336.44727	253960.4375	1	0	1 //без имени <дополнительно
2086	40	250	40	1100475.5	13523.1416	378958.8125	1	0	1 //без имени <печать
2145	10	250	10	1020991.313	12852.99219	658018.25	0	0	1 // безымянный вампир
2145	10	250	10	1022944.438	12852.7207	658065.125	0	0	1 // безымянный вампир
2145	10	250	10	1023149.25	12852.71973	656041.75	0	0	1 // безымянный вампир
2145	10	250	10	1027663.063	12853.00195	652876.1875	0	0	1 // безымянный вампир
2145	10	250	10	1027758.125	12852.41699	649963.8125	0	0	1 // безымянный вампир
2145	10	250	10	1025371.375	12853.10059	649763	0	0	1 // безымянный вампир
2145	10	250	10	1017558.375	12853.08984	654402.9375	0	0	1 // безымянный вампир
2145	10	250	10	1017559.188	12852.72168	652633.9375	0	0	1 // безымянный вампир
2145	10	250	10	1013563.375	12852.91211	652497.5	0	0	1 // безымянный вампир
2145	10	250	10	1013680	12853.18555	650852.9375	0	0	1 // безымянный вампир
2145	10	250	10	1013688.5	12852.41895	649093.1875	0	0	1 // безымянный вампир
2145	10	250	10	1013814.25	12852.41699	648242.5	0	0	1 // безымянный вампир
2145	10	250	10	1012766.063	12852.41602	648215.9375	0	0	1 // безымянный вампир
2145	10	250	10	1012667.625	12852.41992	649115.4375	0	0	1 // безымянный вампир
2145	10	250	10	1015717.875	12852.98828	648619.25	0	0	1 // безымянный вампир
2145	10	250	10	1017841.938	12852.72266	648521.5625	0	0	1 // безымянный вампир
2145	10	250	10	1017764.813	12853.12207	646344.4375	0	0	1 // безымянный вампир
2145	10	250	10	1017636.313	12852.72168	644493	0	0	1 // безымянный вампир
2145	10	250	10	1021709.375	12853.07129	646441.375	0	0	1 // безымянный вампир
2145	10	250	10	1021813.75	12852.72266	644813.625	0	0	1 // безымянный вампир
2145	10	250	10	1023649	12852.99121	644761.375	0	0	1 // безымянный вампир
2145	10	250	10	1020886.438	12852.72168	641161.5625	0	0	1 // безымянный вампир
2145	10	250	10	1022994.125	12853.03711	641226.375	0	0	1 // безымянный вампир
2145	10	250	10	1025011.25	12852.71875	641141.5625	0	0	1 // безымянный вампир
2145	10	250	10	1025060.938	12853.08398	638956.9375	0	0	1 // безымянный вампир
2145	10	250	10	1025009.5	12852.72168	636950.9375	0	0	1 // безымянный вампир
2145	10	250	10	1033761.938	12853.00781	653009.1875	0	0	1 // безымянный вампир
2145	10	250	10	1033763.188	12852.41406	649924.25	0	0	1 // безымянный вампир
2145	10	250	10	1033690.438	12852.41797	656124.375	0	0	1 // безымянный вампир
2145	10	250	10	1028289.875	12852.41895	643985.25	0	0	1 // безымянный вампир
2145	10	250	10	1027126.313	12852.4209	643983.0625	0	0	1 // безымянный вампир
2145	10	250	10	1025992	12852.4209	643888.375	0	0	1 // безымянный вампир
2145	10	250	10	1025791.125	12852.41699	645237.125	0	0	1 // безымянный вампир
2145	10	250	10	1027050.938	12852.41602	645256.1875	0	0	1 // безымянный вампир
2145	10	250	10	1028117.5	12852.41797	645316.75	0	0	1 // безымянный вампир
2145	10	250	10	1031090.188	12853.54395	640483.875	0	0	1 // безымянный вампир
2145	10	250	10	1031068.125	12853.54688	638029.9375	0	0	1 // безымянный вампир
2145	10	250	10	1033389.563	12853.5459	637988.5625	0	0	1 // безымянный вампир
2145	10	250	10	1033367.938	12853.54297	640503	0	0	1 // безымянный вампир
2145	10	250	10	1032263.625	12853.5459	640566.25	0	0	1 // безымянный вампир
2145	10	250	10	1032222	12853.5459	638092.75	0	0	1 // безымянный вампир
2145	10	250	10	1032091.875	12853.54395	639284.5	0	0	1 // безымянный вампир
2145	10	250	10	1031007.5	12853.54492	639282.1875	0	0	1 // безымянный вампир
2145	10	250	10	1033545.125	12853.54688	639392.1875	0	0	1 // безымянный вампир
2145	10	250	10	1032164.75	12853.06445	635804.4375	0	0	1 // безымянный вампир
2145	10	250	10	1032255.75	12852.72363	633860.4375	0	0	1 // безымянный вампир
2145	10	250	10	1034425.313	12852.97852	633860.5	0	0	1 // безымянный вампир
2145	10	250	10	1027914.5	12852.93555	633862	0	0	1 // безымянный вампир
2145	10	250	10	1026134.125	12851.14551	635195.3125	0	0	1 // безымянный вампир
2145	10	250	10	1024839.813	12851.14551	635262.375	0	0	1 // безымянный вампир
2145	10	250	10	1023562.75	12851.14551	635241.6875	0	0	1 // безымянный вампир
2145	10	250	10	1023467.125	12851.14648	633941.4375	0	0	1 // безымянный вампир
2145	10	250	10	1023431.875	12851.14746	632716.1875	0	0	1 // безымянный вампир
2145	10	250	10	1024793.375	12851.14746	632566.75	0	0	1 // безымянный вампир
2145	10	250	10	1024885.125	12851.14551	634050.8125	0	0	1 // безымянный вампир
2145	10	250	10	1026249.125	12851.14844	633921.375	0	0	1 // безымянный вампир
2145	10	250	10	1026204.313	12851.14746	632610.9375	0	0	1 // безымянный вампир
2145	10	250	10	1019119.5	12854.73047	642660.25	0	0	1 // безымянный вампир
2145	10	250	10	1019162.063	12854.73047	641320.3125	0	0	1 // безымянный вампир
2145	10	250	10	1019305.25	12854.73047	639860.6875	0	0	1 // безымянный вампир
2145	10	250	10	1017887.313	12854.73145	639755.375	0	0	1 // безымянный вампир
2145	10	250	10	1017754.938	12854.73242	641328	0	0	1 // безымянный вампир
2145	10	250	10	1017744.375	12854.72949	642704.75	0	0	1 // безымянный вампир
2145	10	250	10	1016395.938	12854.73047	642671.5625	0	0	1 // безымянный вампир
2145	10	250	10	1016419.188	12854.73145	641346.6875	0	0	1 // безымянный вампир
2145	10	250	10	1016398.563	12854.73047	639926.4375	0	0	1 // безымянный вампир
2145	10	250	10	1023113.125	12851.14746	651287.5625	0	0	1 // безымянный вампир
2145	10	250	10	1023113.875	12851.14648	649981.5	0	0	1 // безымянный вампир
2145	10	250	10	1023114.375	12851.14648	648586.875	0	0	1 // безымянный вампир
2145	10	250	10	1021742.813	12851.14746	648512.875	0	0	1 // безымянный вампир
2145	10	250	10	1021731.813	12851.14648	649943.25	0	0	1 // безымянный вампир
2145	10	250	10	1021682.813	12851.14648	651396.75	0	0	1 // безымянный вампир
2145	10	250	10	1020379.75	12851.14648	651433.75	0	0	1 // безымянный вампир
2145	10	250	10	1020278.313	12851.14648	649991.125	0	0	1 // безымянный вампир
2145	10	250	10	1020231.5	12851.14648	648625.625	0	0	1 // безымянный вампир
2145	10	250	10	1018990.5	12853.55273	659299.625	0	0	1 // безымянный вампир
2145	10	250	10	1017637	12853.55176	659356.125	0	0	1 // безымянный вампир
2145	10	250	10	1016142	12853.55078	659386.3125	0	0	1 // безымянный вампир
2145	10	250	10	1016085.938	12853.54883	658018.25	0	0	1 // безымянный вампир
2145	10	250	10	1017630.938	12853.54785	657937	0	0	1 // безымянный вампир
2145	10	250	10	1019189.563	12853.54981	658029.4375	0	0	1 // безымянный вампир
2145	10	250	10	1019128.75	12853.54688	656535	0	0	1 // безымянный вампир
2145	10	250	10	1017739.188	12853.54785	656478.1875	0	0	1 // безымянный вампир
2145	10	250	10	1016349.75	12853.54688	656639.6875	0	0	1 // безымянный вампир
2145	10	250	10	1013755.938	12853.00879	657958.75	0	0	1 // безымянный вампир
2145	10	250	10	1029390.813	12852.78027	633832.5625	0	0	1 // безымянный вампир
2145	10	250	10	1030901.063	12853.22559	633872.4375	0	0	1 // безымянный вампир
2145	10	250	10	1032391.438	12852.81738	641963.25	0	0	1 // безымянный вампир
2145	10	250	10	1032490.563	12853.23242	643401.8125	0	0	1 // безымянный вампир
2145	10	250	10	1031837.313	12852.72266	644963.5	0	0	1 // безымянный вампир
2145	10	250	10	1029839.375	12853.12598	644655.75	0	0	1 // безымянный вампир
2145	10	250	10	1016215.813	12852.84375	652680.25	0	0	1 // безымянный вампир
2145	10	250	10	1014903.938	12853.22949	652688.1875	0	0	1 // безымянный вампир
2145	10	250	10	1031490.813	12853.17578	655962.1875	0	0	1 // безымянный вампир
2145	10	250	10	1024492.5	12852.84277	656042.375	0	0	1 // безымянный вампир
2145	10	250	10	1029556.313	12852.80273	655985.5625	0	0	1 // безымянный вампир
2145	10	250	10	1028203.25	12852.41992	655315.6875	0	0	1 // безымянный вампир
2145	10	250	10	1026766.125	12852.41895	655999.5	0	0	1 // безымянный вампир
2145	10	250	10	1031560.875	12852.84082	649933.6875	0	0	1 // безымянный вампир
2145	10	250	10	1029754.25	12853.1875	649933.5625	0	0	1 // безымянный вампир
2146	10	250	10	1014012.063	12853.05566	657857.875	0	0	1 //Безымянная сторона
2146	10	250	10	1016338.125	12853.54981	659099.25	0	0	1 //Безымянная сторона
2146	10	250	10	1017720.063	12853.54785	659638.125	0	0	1 //Безымянная сторона
2146	10	250	10	1019149.063	12853.55176	659066.6875	0	0	1 //Безымянная сторона
2146	10	250	10	1015978.563	12853.54883	657776	0	0	1 //Безымянная сторона
2146	10	250	10	1017737.125	12853.54981	657683.3125	0	0	1 //Безымянная сторона
2146	10	250	10	1019334.625	12853.54785	657753.5625	0	0	1 //Безымянная сторона
2146	10	250	10	1016306.375	12853.54981	656436.1875	0	0	1 //Безымянная сторона
2146	10	250	10	1017855.188	12853.54688	656250.0625	0	0	1 //Безымянная сторона
2146	10	250	10	1018942.813	12853.5459	656827.6875	0	0	1 //Безымянная сторона
2146	10	250	10	1021138.688	12852.95215	657819	0	0	1 //Безымянная сторона
2146	10	250	10	1023149.25	12852.71973	657818.0625	0	0	1 //Безымянная сторона
2146	10	250	10	1023148.25	12852.7207	655757.9375	0	0	1 //Безымянная сторона
2146	10	250	10	1025004	12852.98047	655899.375	0	0	1 //Безымянная сторона
2146	10	250	10	1026928.563	12852.41797	656314.375	0	0	1 //Безымянная сторона
2146	10	250	10	1028431.375	12852.41602	655555.3125	0	0	1 //Безымянная сторона
2146	10	250	10	1029748.438	12852.8418	655744	0	0	1 //Безымянная сторона
2146	10	250	10	1031499.5	12853.17578	655792.125	0	0	1 //Безымянная сторона
2146	10	250	10	1033555.313	12852.41797	655880.875	0	0	1 //Безымянная сторона
2146	10	250	10	1033553.938	12853.0459	652806.625	0	0	1 //Безымянная сторона
2146	10	250	10	1033652.25	12852.41797	650303.4375	0	0	1 //Безымянная сторона
2146	10	250	10	1031725.375	12852.80664	650091.5625	0	0	1 //Безымянная сторона
2146	10	250	10	1029463	12853.23926	650212.8125	0	0	1 //Безымянная сторона
2146	10	250	10	1027657.813	12852.41797	649688.0625	0	0	1 //Безымянная сторона
2146	10	250	10	1027548.313	12852.91895	652445.75	0	0	1 //Безымянная сторона
2146	10	250	10	1025002.125	12852.99805	650010.75	0	0	1 //Безымянная сторона
2146	10	250	10	1023460.125	12851.14746	651445.625	0	0	1 //Безымянная сторона
2146	10	250	10	1021887.938	12851.14648	651662.4375	0	0	1 //Безымянная сторона
2146	10	250	10	1020341.438	12851.14551	651642.5625	0	0	1 //Безымянная сторона
2146	10	250	10	1019928.5	12851.14746	650096.3125	0	0	1 //Безымянная сторона
2146	10	250	10	1019941.563	12851.14844	648442	0	0	1 //Безымянная сторона
2146	10	250	10	1021593.5	12851.14551	648278.0625	0	0	1 //Безымянная сторона
2146	10	250	10	1023198.438	12851.14453	648280.5625	0	0	1 //Безымянная сторона
2146	10	250	10	1023364.875	12851.14746	649704.8125	0	0	1 //Безымянная сторона
2146	10	250	10	1021943.313	12851.14746	649802.375	0	0	1 //Безымянная сторона
2146	10	250	10	1021482.625	12852.99707	646696.1875	0	0	1 //Безымянная сторона
2146	10	250	10	1021560.5	12852.72363	644532.75	0	0	1 //Безымянная сторона
2146	10	250	10	1023619.563	12852.98438	644443.6875	0	0	1 //Безымянная сторона
2146	10	250	10	1025518.375	12852.41895	645030.0625	0	0	1 //Безымянная сторона
2146	10	250	10	1025700.75	12852.41797	643804.3125	0	0	1 //Безымянная сторона
2146	10	250	10	1027070.438	12852.41797	645571.1875	0	0	1 //Безымянная сторона
2146	10	250	10	1026986.063	12852.41797	643694.4375	0	0	1 //Безымянная сторона
2146	10	250	10	1028476.688	12852.41797	645344.875	0	0	1 //Безымянная сторона
2146	10	250	10	1028600.75	12852.4209	643747	0	0	1 //Безымянная сторона
2146	10	250	10	1030224.938	12853.01953	644467.25	0	0	1 //Безымянная сторона
2146	10	250	10	1032225.188	12852.72266	644773.4375	0	0	1 //Безымянная сторона
2146	10	250	10	1032221.813	12853.24902	643451.1875	0	0	1 //Безымянная сторона
2146	10	250	10	1032556.5	12852.88086	642179.5625	0	0	1 //Безымянная сторона
2146	10	250	10	1032513.875	12853.54102	640480.5625	0	0	1 //Безымянная сторона
2146	10	250	10	1033596.5	12853.54297	640623.875	0	0	1 //Безымянная сторона
2146	10	250	10	1030846.313	12853.54297	640637.25	0	0	1 //Безымянная сторона
2146	10	250	10	1030606.625	12853.5459	639183.125	0	0	1 //Безымянная сторона
2146	10	250	10	1032302.688	12853.54492	639344.9375	0	0	1 //Безымянная сторона
2146	10	250	10	1033809.438	12853.5459	639502.3125	0	0	1 //Безымянная сторона
2146	10	250	10	1033646.875	12853.54688	637812.1875	0	0	1 //Безымянная сторона
2146	10	250	10	1032329.563	12853.54883	637743.0625	0	0	1 //Безымянная сторона
2146	10	250	10	1030898.063	12853.54395	637668	0	0	1 //Безымянная сторона
2146	10	250	10	1032538.688	12853.12695	635595.5	0	0	1 //Безымянная сторона
2146	10	250	10	1034711.188	12852.89356	633863.5625	0	0	1 //Безымянная сторона
2146	10	250	10	1032466.625	12852.72168	633554.125	0	0	1 //Безымянная сторона
2146	10	250	10	1030625.563	12853.14356	633532.5625	0	0	1 //Безымянная сторона
2146	10	250	10	1029540.438	12852.8252	633998.3125	0	0	1 //Безымянная сторона
2146	10	250	10	1028250.813	12853.03516	633718.875	0	0	1 //Безымянная сторона
2146	10	250	10	1026351.313	12851.14648	632467.125	0	0	1 //Безымянная сторона
2146	10	250	10	1023288.438	12851.14844	632470	0	0	1 //Безымянная сторона
2146	10	250	10	1024841.188	12851.14746	632235.5	0	0	1 //Безымянная сторона
2146	10	250	10	1023399.125	12851.14844	633712.3125	0	0	1 //Безымянная сторона
2146	10	250	10	1024882.25	12851.14551	633759.4375	0	0	1 //Безымянная сторона
2146	10	250	10	1026177.375	12851.14844	633665.875	0	0	1 //Безымянная сторона
2146	10	250	10	1026437.438	12851.14648	635291.75	0	0	1 //Безымянная сторона
2146	10	250	10	1023294	12851.14746	635505.8125	0	0	1 //Безымянная сторона
2146	10	250	10	1024925.25	12851.14746	634989.9375	0	0	1 //Безымянная сторона
2146	10	250	10	1024825.813	12852.7207	637217.375	0	0	1 //Безымянная сторона
2146	10	250	10	1024852.438	12853.03125	639149.5625	0	0	1 //Безымянная сторона
2146	10	250	10	1024668.5	12852.7207	641161.9375	0	0	1 //Безымянная сторона
2146	10	250	10	1022629.5	12852.93555	641461.4375	0	0	1 //Безымянная сторона
2146	10	250	10	1020642.125	12852.7207	641413.6875	0	0	1 //Безымянная сторона
2146	10	250	10	1019022.188	12854.73047	640068.875	0	0	1 //Безымянная сторона
2146	10	250	10	1018107.625	12854.73242	639734.3125	0	0	1 //Безымянная сторона
2146	10	250	10	1016202.563	12854.73242	640184.25	0	0	1 //Безымянная сторона
2146	10	250	10	1016014.313	12854.73047	641402.375	0	0	1 //Безымянная сторона
2146	10	250	10	1016123	12854.73145	642997.1875	0	0	1 //Безымянная сторона
2146	10	250	10	1017790.875	12854.73047	643170.5	0	0	1 //Безымянная сторона
2146	10	250	10	1019207.438	12854.73145	642896.5625	0	0	1 //Безымянная сторона
2146	10	250	10	1018014.25	12854.73242	641087.4375	0	0	1 //Безымянная сторона
2146	10	250	10	1019471.875	12854.7334	641320.5625	0	0	1 //Безымянная сторона
2146	10	250	10	1017858	12852.71973	644613.0625	0	0	1 //Безымянная сторона
2146	10	250	10	1017665.063	12853.02344	646687.125	0	0	1 //Безымянная сторона
2146	10	250	10	1017859.5	12852.7207	648756.625	0	0	1 //Безымянная сторона
2146	10	250	10	1015842	12853.02441	648916.75	0	0	1 //Безымянная сторона
2146	10	250	10	1013875.688	12852.41895	647886.625	0	0	1 //Безымянная сторона
2146	10	250	10	1013866.75	12852.41992	649394	0	0	1 //Безымянная сторона
2146	10	250	10	1012440.625	12852.41797	649366.5625	0	0	1 //Безымянная сторона
2146	10	250	10	1012543.25	12852.41895	648047.625	0	0	1 //Безымянная сторона
2146	10	250	10	1013367.125	12853.18555	650857.75	0	0	1 //Безымянная сторона
2146	10	250	10	1013193.813	12852.93457	652350.125	0	0	1 //Безымянная сторона
2146	10	250	10	1015244.938	12853.12695	652679.1875	0	0	1 //Безымянная сторона
2146	10	250	10	1016030.5	12852.89356	652271.1875	0	0	1 //Безымянная сторона
2146	10	250	10	1017383.313	12852.71875	652412.3125	0	0	1 //Безымянная сторона
2146	10	250	10	1017313.813	12853.15039	654199.75	0	0	1 //Безымянная сторона
2147	10	250	10	1013977.75	12853.05078	658211.25	0	0	1 //Безымянный Аудик
2147	10	250	10	1016302.375	12853.54883	657775.125	0	0	1 //Безымянный Аудик
2147	10	250	10	1016071.125	12853.54981	656620.375	0	0	1 //Безымянный Аудик
2147	10	250	10	1015962.438	12853.54981	659154.75	0	0	1 //Безымянный Аудик
2147	10	250	10	1017455.688	12853.55176	659591.3125	0	0	1 //Безымянный Аудик
2147	10	250	10	1018839.688	12853.55078	659087.125	0	0	1 //Безымянный Аудик
2147	10	250	10	1019533.375	12853.54883	658068.6875	0	0	1 //Безымянный Аудик
2147	10	250	10	1017901.25	12853.54883	657979.1875	0	0	1 //Безымянный Аудик
2147	10	250	10	1018821.313	12853.5459	656620.8125	0	0	1 //Безымянный Аудик
2147	10	250	10	1017507	12853.54785	656368.0625	0	0	1 //Безымянный Аудик
2147	10	250	10	1020937.438	12853.00391	657822.375	0	0	1 //Безымянный Аудик
2147	10	250	10	1022750	12852.72168	657867.125	0	0	1 //Безымянный Аудик
2147	10	250	10	1023585.188	12852.72266	656071.125	0	0	1 //Безымянный Аудик
2147	10	250	10	1024959.813	12852.9707	656255.875	0	0	1 //Безымянный Аудик
2147	10	250	10	1017558.313	12852.98633	654759.5	0	0	1 //Безымянный Аудик
2147	10	250	10	1017754.875	12852.71582	652351.6875	0	0	1 //Безымянный Аудик
2147	10	250	10	1015947.25	12852.9209	652619.0625	0	0	1 //Безымянный Аудик
2147	10	250	10	1015051.5	12853.18262	652420.4375	0	0	1 //Безымянный Аудик
2147	10	250	10	1013272.625	12852.875	652712.875	0	0	1 //Безымянный Аудик
2147	10	250	10	1013532.313	12853.14453	651104.4375	0	0	1 //Безымянный Аудик
2147	10	250	10	1026656.375	12852.41602	656420.3125	0	0	1 //Безымянный Аудик
2147	10	250	10	1028352.938	12852.41602	655943.25	0	0	1 //Безымянный Аудик
2147	10	250	10	1029912.875	12852.875	656236.1875	0	0	1 //Безымянный Аудик
2147	10	250	10	1031700.313	12853.21582	656234.4375	0	0	1 //Безымянный Аудик
2147	10	250	10	1033991.5	12852.41895	655823.8125	0	0	1 //Безымянный Аудик
2147	10	250	10	1027315.188	12852.99512	652838.4375	0	0	1 //Безымянный Аудик
2147	10	250	10	1033623.375	12852.95801	653263.5625	0	0	1 //Безымянный Аудик
2147	10	250	10	1034036.063	12852.41699	650187.8125	0	0	1 //Безымянный Аудик
2147	10	250	10	1031952.063	12852.76563	649647.4375	0	0	1 //Безымянный Аудик
2147	10	250	10	1029378.5	12853.25488	649731.9375	0	0	1 //Безымянный Аудик
2147	10	250	10	1027317.813	12852.41992	649959.6875	0	0	1 //Безымянный Аудик
2147	10	250	10	1024841.938	12852.95508	649580.6875	0	0	1 //Безымянный Аудик
2147	10	250	10	1023498.188	12851.14648	650092.375	0	0	1 //Безымянный Аудик
2147	10	250	10	1022962.125	12851.14648	651616.5625	0	0	1 //Безымянный Аудик
2147	10	250	10	1021953.875	12851.14648	651371.9375	0	0	1 //Безымянный Аудик
2147	10	250	10	1019851.625	12851.14648	651442.375	0	0	1 //Безымянный Аудик
2147	10	250	10	1019936	12851.14844	649801.125	0	0	1 //Безымянный Аудик
2147	10	250	10	1020146.25	12851.14746	648278.6875	0	0	1 //Безымянный Аудик
2147	10	250	10	1021436.125	12851.14844	649681.375	0	0	1 //Безымянный Аудик
2147	10	250	10	1021876.25	12851.14746	648247.1875	0	0	1 //Безымянный Аудик
2147	10	250	10	1022784.875	12851.14746	648860.125	0	0	1 //Безымянный Аудик
2147	10	250	10	1021307.125	12853.12793	646244.1875	0	0	1 //Безымянный Аудик
2147	10	250	10	1021830.813	12852.72363	644312.6875	0	0	1 //Безымянный Аудик
2147	10	250	10	1024014.188	12853.09668	644567.6875	0	0	1 //Безымянный Аудик
2147	10	250	10	1025254.25	12852.41895	643882.0625	0	0	1 //Безымянный Аудик
2147	10	250	10	1025464.125	12852.41895	645436.5625	0	0	1 //Безымянный Аудик
2147	10	250	10	1028149.188	12852.41895	643670.1875	0	0	1 //Безымянный Аудик
2147	10	250	10	1028349.063	12852.41699	645587.75	0	0	1 //Безымянный Аудик
2147	10	250	10	1026790.813	12852.41895	645476.25	0	0	1 //Безымянный Аудик
2147	10	250	10	1026774.5	12852.41699	643983	0	0	1 //Безымянный Аудик
2147	10	250	10	1030109.438	12853.05176	644851.5	0	0	1 //Безымянный Аудик
2147	10	250	10	1031835.5	12852.72363	644448.6875	0	0	1 //Безымянный Аудик
2147	10	250	10	1032204.188	12853.13867	643076.3125	0	0	1 //Безымянный Аудик
2147	10	250	10	1032156.938	12852.8916	642215	0	0	1 //Безымянный Аудик
2147	10	250	10	1032294	12853.54199	640803.5625	0	0	1 //Безымянный Аудик
2147	10	250	10	1033659.188	12853.54199	640895.3125	0	0	1 //Безымянный Аудик
2147	10	250	10	1030990.938	12853.54395	640939.375	0	0	1 //Безымянный Аудик
2147	10	250	10	1030520.063	12853.54297	639496.625	0	0	1 //Безымянный Аудик
2147	10	250	10	1030634.938	12853.54492	637919.1875	0	0	1 //Безымянный Аудик
2147	10	250	10	1031966.938	12853.54395	639562.625	0	0	1 //Безымянный Аудик
2147	10	250	10	1031834.75	12853.5459	637799.5625	0	0	1 //Безымянный Аудик
2147	10	250	10	1033809.5	12853.5459	639011.5625	0	0	1 //Безымянный Аудик
2147	10	250	10	1033764.938	12853.54492	638103.25	0	0	1 //Безымянный Аудик
2147	10	250	10	1033851.75	12853.14746	633709.9375	0	0	1 //Безымянный Аудик
2147	10	250	10	1031969.75	12852.71973	633480.125	0	0	1 //Безымянный Аудик
2147	10	250	10	1032311.625	12852.9707	636127.3125	0	0	1 //Безымянный Аудик
2147	10	250	10	1030329.75	12853.05566	633878.4375	0	0	1 //Безымянный Аудик
2147	10	250	10	1028828.25	12853.20508	634017.8125	0	0	1 //Безымянный Аудик
2147	10	250	10	1027899.438	12852.93066	633610.375	0	0	1 //Безымянный Аудик
2147	10	250	10	1026431.938	12851.14746	632764.1875	0	0	1 //Безымянный Аудик
2147	10	250	10	1025229.25	12851.14746	632457.375	0	0	1 //Безымянный Аудик
2147	10	250	10	1023738.438	12851.14844	632528.3125	0	0	1 //Безымянный Аудик
2147	10	250	10	1023088.125	12851.14648	633976.625	0	0	1 //Безымянный Аудик
2147	10	250	10	1023103.5	12851.14648	635206.625	0	0	1 //Безымянный Аудик
2147	10	250	10	1024889.438	12851.14648	635683.4375	0	0	1 //Безымянный Аудик
2147	10	250	10	1026226.563	12851.14746	635593.4375	0	0	1 //Безымянный Аудик
2147	10	250	10	1026547.063	12851.14746	633820.375	0	0	1 //Безымянный Аудик
2147	10	250	10	1025243.375	12851.14648	633890.8125	0	0	1 //Безымянный Аудик
2147	10	250	10	1024747.313	12852.72266	636769.6875	0	0	1 //Безымянный Аудик
2147	10	250	10	1024818.188	12853.14844	638737.8125	0	0	1 //Безымянный Аудик
2147	10	250	10	1024947.75	12852.72168	641552.375	0	0	1 //Безымянный Аудик
2147	10	250	10	1023003.313	12853.04004	641604.8125	0	0	1 //Безымянный Аудик
2147	10	250	10	1021131.875	12852.72168	641522.125	0	0	1 //Безымянный Аудик
2147	10	250	10	1019784.625	12854.73145	641276.0625	0	0	1 //Безымянный Аудик
2147	10	250	10	1016054.188	12854.73242	641031.375	0	0	1 //Безымянный Аудик
2147	10	250	10	1015969.313	12854.73047	642643	0	0	1 //Безымянный Аудик
2147	10	250	10	1016477.688	12854.73145	640177.6875	0	0	1 //Безымянный Аудик
2147	10	250	10	1017768.563	12854.73145	639370.1875	0	0	1 //Безымянный Аудик
2147	10	250	10	1019100.125	12854.73145	639646.1875	0	0	1 //Безымянный Аудик
2147	10	250	10	1017523.875	12854.73047	640976	0	0	1 //Безымянный Аудик
2147	10	250	10	1018082.563	12854.73145	642954.375	0	0	1 //Безымянный Аудик
2147	10	250	10	1018955.438	12854.73145	642970.5625	0	0	1 //Безымянный Аудик
2147	10	250	10	1017682.125	12852.71973	644729.625	0	0	1 //Безымянный Аудик
2147	10	250	10	1017442.063	12853.10742	646392.375	0	0	1 //Безымянный Аудик
2147	10	250	10	1017602.875	12852.7207	648624.125	0	0	1 //Безымянный Аудик
2147	10	250	10	1016028.375	12853.08008	648676.875	0	0	1 //Безымянный Аудик
2147	10	250	10	1012780.313	12852.41895	649441.9375	0	0	1 //Безымянный Аудик
2147	10	250	10	1013985.625	12852.41699	649180.3125	0	0	1 //Безымянный Аудик
2147	10	250	10	1014044.375	12852.41895	648031.5	0	0	1 //Безымянный Аудик
2147	10	250	10	1012867.875	12852.41797	647916.6875	0	0	1 //Безымянный Аудик
2148	10	250	10	1034166.25	12853.05469	634159.4375	0	0	1 // безымянного короля
2148	10	250	10	1031951.5	12852.72168	633967.5625	0	0	1 // безымянного короля
2148	10	250	10	1032679.938	12853.01367	635981.5625	0	0	1 // безымянного короля
2148	10	250	10	1032093.625	12853.54785	637416.1875	0	0	1 // безымянного короля
2148	10	250	10	1030553.938	12853.54492	637598.4375	0	0	1 // безымянного короля
2148	10	250	10	1033961	12853.54688	637601.0625	0	0	1 // безымянного короля
2148	10	250	10	1033405.375	12853.54297	639065.25	0	0	1 // безымянного короля
2148	10	250	10	1032316.938	12853.54492	639048.8125	0	0	1 // безымянного короля
2148	10	250	10	1030306.688	12853.54395	639133.6875	0	0	1 // безымянного короля
2148	10	250	10	1030588	12853.54492	640921.875	0	0	1 // безымянного короля
2148	10	250	10	1031925.375	12853.54297	640786	0	0	1 // безымянного короля
2148	10	250	10	1033287.188	12853.54492	640972.25	0	0	1 // безымянного короля
2148	10	250	10	1032462.688	12852.95508	642439.25	0	0	1 // безымянного короля
2148	10	250	10	1032624.125	12859.5	643695.1875	0	0	1 // безымянного короля
2148	10	250	10	1032173.5	12852.72461	645089.8125	0	0	1 // безымянного короля
2148	10	250	10	1030614.875	12852.91211	644661.75	0	0	1 // безымянного короля
2148	10	250	10	1027952.438	12852.41992	644022.5	0	0	1 // безымянного короля
2148	10	250	10	1027934.125	12852.41797	645596.375	0	0	1 // безымянного короля
2148	10	250	10	1026714.563	12852.41895	643645.375	0	0	1 // безымянного короля
2148	10	250	10	1027271.938	12852.41992	645443.3125	0	0	1 // безымянного короля
2148	10	250	10	1025879.75	12852.41797	645636.375	0	0	1 // безымянного короля
2148	10	250	10	1025686.375	12852.41992	644044.1875	0	0	1 // безымянного короля
2148	10	250	10	1023899.875	12853.06641	644939.125	0	0	1 // безымянного короля
2148	10	250	10	1022068.438	12852.72266	644605.25	0	0	1 // безымянного короля
2148	10	250	10	1021785.125	12852.96484	646807.3125	0	0	1 // безымянного короля
2148	10	250	10	1020493.875	12851.14648	648416.25	0	0	1 // безымянного короля
2148	10	250	10	1020366.75	12851.14648	649635.25	0	0	1 // безымянного короля
2148	10	250	10	1020212.688	12851.14648	651204.875	0	0	1 // безымянного короля
2148	10	250	10	1021497.25	12851.14551	651729.75	0	0	1 // безымянного короля
2148	10	250	10	1022832.563	12851.14746	651330.5625	0	0	1 // безымянного короля
2148	10	250	10	1023845.375	12851.14648	649789.8125	0	0	1 // безымянного короля
2148	10	250	10	1023436.875	12851.14648	648744.375	0	0	1 // безымянного короля
2148	10	250	10	1022131.625	12851.14648	648542	0	0	1 // безымянного короля
2148	10	250	10	1021454.688	12851.14648	650157.3125	0	0	1 // безымянного короля
2148	10	250	10	1024633.625	12852.89453	650007.8125	0	0	1 // безымянного короля
2148	10	250	10	1028100.875	12852.41699	649866.125	0	0	1 // безымянного короля
2148	10	250	10	1027585.5	12852.85156	652097.4375	0	0	1 // безымянного короля
2148	10	250	10	1028995.375	12859.51758	649908.5625	0	0	1 // безымянного короля
2148	10	250	10	1031480.188	12852.85742	649626	0	0	1 // безымянного короля
2148	10	250	10	1033390.688	12852.41797	650029.5625	0	0	1 // безымянного короля
2148	10	250	10	1033824.875	12853.11035	652462.0625	0	0	1 // безымянного короля
2148	10	250	10	1033651.438	12852.41992	655376.5	0	0	1 // безымянного короля
2148	10	250	10	1031992.938	12853.26758	655881.5625	0	0	1 // безымянного короля
2148	10	250	10	1029314.438	12852.75879	656153.375	0	0	1 // безымянного короля
2148	10	250	10	1027860.125	12852.41699	655639.6875	0	0	1 // безымянного короля
2148	10	250	10	1027024.875	12852.41797	656700.6875	0	0	1 // безымянного короля
2148	10	250	10	1024537.938	12852.85547	656357.625	0	0	1 // безымянного короля
2148	10	250	10	1023236.625	12852.72363	656336.75	0	0	1 // безымянного короля
2148	10	250	10	1023046.563	12852.72168	657556.875	0	0	1 // безымянного короля
2148	10	250	10	1020582.75	12853.10449	658103.1875	0	0	1 // безымянного короля
2148	10	250	10	1018617.563	12853.54883	656845.125	0	0	1 // безымянного короля
2148	10	250	10	1019169.875	12853.54981	658295.0625	0	0	1 // безымянного короля
2148	10	250	10	1018826.625	12853.55176	659478.5625	0	0	1 // безымянного короля
2148	10	250	10	1017410.438	12853.55078	659088.75	0	0	1 // безымянного короля
2148	10	250	10	1016405.75	12853.54981	659305.625	0	0	1 // безымянного короля
2148	10	250	10	1015803.938	12853.55078	658040.0625	0	0	1 // безымянного короля
2148	10	250	10	1017485.375	12853.54883	658188.6875	0	0	1 // безымянного короля
2148	10	250	10	1017529.188	12853.54981	656720.8125	0	0	1 // безымянного короля
2148	10	250	10	1016417.438	12853.54688	656907.25	0	0	1 // безымянного короля
2148	10	250	10	1013425.188	12852.94141	658209.9375	0	0	1 // безымянного короля
2148	10	250	10	1017946.063	12853.02539	654625.625	0	0	1 // безымянного короля
2148	10	250	10	1017732.813	12852.72363	652960	0	0	1 // безымянного короля
2148	10	250	10	1015979.063	12852.91211	652920.75	0	0	1 // безымянного короля
2148	10	250	10	1015026	12853.19141	652922.5	0	0	1 // безымянного короля
2148	10	250	10	1013562.625	12852.86328	652773.3125	0	0	1 // безымянного короля
2148	10	250	10	1013124.313	12853.13184	651165.9375	0	0	1 // безымянного короля
2148	10	250	10	1013019.875	12852.41797	649190.9375	0	0	1 // безымянного короля
2148	10	250	10	1012426.625	12852.41895	648358.1875	0	0	1 // безымянного короля
2148	10	250	10	1013553.25	12852.41797	647926.3125	0	0	1 // безымянного короля
2148	10	250	10	1014251.688	12852.41895	648844.25	0	0	1 // безымянного короля
2148	10	250	10	1016140.438	12853.11133	648301.25	0	0	1 // безымянного короля
2148	10	250	10	1018102.75	12852.72266	648506.0625	0	0	1 // безымянного короля
2148	10	250	10	1017920	12852.99316	646785.5	0	0	1 // безымянного короля
2148	10	250	10	1017791.125	12852.72168	645025.5625	0	0	1 // безымянного короля
2148	10	250	10	1016522.125	12854.73145	642911	0	0	1 // безымянного короля
2148	10	250	10	1016437.063	12854.73242	640996.8125	0	0	1 // безымянного короля
2148	10	250	10	1016631.688	12854.73242	639728.375	0	0	1 // безымянного короля
2148	10	250	10	1017576.188	12854.73242	639666.625	0	0	1 // безымянного короля
2148	10	250	10	1017470	12854.7334	641358.0625	0	0	1 // безымянного короля
2148	10	250	10	1017642.188	12854.73047	642985.5625	0	0	1 // безымянного короля
2148	10	250	10	1018841.75	12854.73242	639814.1875	0	0	1 // безымянного короля
2148	10	250	10	1019354.938	12854.73145	641012.3125	0	0	1 // безымянного короля
2148	10	250	10	1019459.875	12854.73047	642680.25	0	0	1 // безымянного короля
2148	10	250	10	1021148	12852.7207	640998.125	0	0	1 // безымянного короля
2148	10	250	10	1022628.875	12852.93359	641147.1875	0	0	1 // безымянного короля
2148	10	250	10	1024521.938	12852.7207	641531.4375	0	0	1 // безымянного короля
2148	10	250	10	1024969.938	12852.96191	639411.125	0	0	1 // безымянного короля
2148	10	250	10	1024592.625	12852.72266	637042.1875	0	0	1 // безымянного короля
2148	10	250	10	1023500.625	12851.14746	632190.25	0	0	1 // безымянного короля
2148	10	250	10	1025064.563	12851.14648	632018.6875	0	0	1 // безымянного короля
2148	10	250	10	1026177.063	12851.14941	632274.5	0	0	1 // безымянного короля
2148	10	250	10	1026451.313	12851.14746	633462.5	0	0	1 // безымянного короля
2148	10	250	10	1026446.813	12851.14551	635015.8125	0	0	1 // безымянного короля
2148	10	250	10	1025136.188	12851.14746	635310.875	0	0	1 // безымянного короля
2148	10	250	10	1023461	12851.14551	634980.9375	0	0	1 // безымянного короля
2148	10	250	10	1023129	12851.14551	633614.625	0	0	1 // безымянного короля
2148	10	250	10	1024579.875	12851.14453	633866.0625	0	0	1 // безымянного короля
2148	10	250	10	1027574.125	12852.83594	633861.25	0	0	1 // безымянного короля
2148	10	250	10	1029239.313	12859.48145	634235.0625	0	0	1 // безымянного короля
2148	10	250	10	1030633.563	12853.14746	634170.6875	0	0	1 // безымянного короля
2149	10	250	10	1033788.75	12853.16309	634063.375	0	0	1 // безымянного короля
2149	10	250	10	1032546.375	12852.72168	633939.6875	0	0	1 // безымянного короля
2149	10	250	10	1032081.188	12853.17578	635435.25	0	0	1 // безымянного короля
2149	10	250	10	1032493.688	12853.54688	637424.625	0	0	1 // безымянного короля
2149	10	250	10	1033385.25	12853.5459	637586.625	0	0	1 // безымянного короля
2149	10	250	10	1034040.063	12853.54492	639364.6875	0	0	1 // безымянного короля
2149	10	250	10	1030821.563	12853.5459	638153.6875	0	0	1 // безымянного короля
2149	10	250	10	1030866.813	12853.5459	639590.4375	0	0	1 // безымянного короля
2149	10	250	10	1031863.125	12853.54492	639052.25	0	0	1 // безымянного короля
2149	10	250	10	1030862.375	12853.5459	640353.0625	0	0	1 // безымянного короля
2149	10	250	10	1032047.313	12853.54492	641140.875	0	0	1 // безымянного короля
2149	10	250	10	1033097.25	12853.54492	640621.1875	0	0	1 // безымянного короля
2149	10	250	10	1032062.688	12852.76856	641794.75	0	0	1 // безымянного короля
2149	10	250	10	1031970.375	12853.21484	643336.9375	0	0	1 // безымянного короля
2149	10	250	10	1032496.063	12852.72363	644854.9375	0	0	1 // безымянного короля
2149	10	250	10	1030579	12852.92285	644998.5	0	0	1 // безымянного короля
2149	10	250	10	1028591.813	12852.41895	644018.0625	0	0	1 // безымянного короля
2149	10	250	10	1027824.375	12852.41797	645308.9375	0	0	1 // безымянного короля
2149	10	250	10	1026835.313	12852.41797	645833.4375	0	0	1 // безымянного короля
2149	10	250	10	1026929.438	12852.41992	644367.0625	0	0	1 // безымянного короля
2149	10	250	10	1025976.063	12852.4209	644295.25	0	0	1 // безымянного короля
2149	10	250	10	1026051.375	12852.41797	645079.5625	0	0	1 // безымянного короля
2149	10	250	10	1023313.125	12852.89844	644598.8125	0	0	1 // безымянного короля
2149	10	250	10	1022430.125	12852.72266	644553.5625	0	0	1 // безымянного короля
2149	10	250	10	1021740.75	12853.17773	646067.625	0	0	1 // безымянного короля
2149	10	250	10	1022924.75	12851.14648	648315.375	0	0	1 // безымянного короля
2149	10	250	10	1023157.438	12851.14453	650279.125	0	0	1 // безымянного короля
2149	10	250	10	1023391.563	12851.14746	651156.625	0	0	1 // безымянного короля
2149	10	250	10	1021458.438	12851.14648	651298	0	0	1 // безымянного короля
2149	10	250	10	1020586.563	12851.14746	651250.5	0	0	1 // безымянного короля
2149	10	250	10	1020335.25	12851.14453	650290.9375	0	0	1 // безымянного короля
2149	10	250	10	1020474.813	12851.14746	648748.25	0	0	1 // безымянного короля
2149	10	250	10	1021851.313	12851.14648	649582.375	0	0	1 // безымянного короля
2149	10	250	10	1025363.563	12853.09766	650085.0625	0	0	1 // безымянного короля
2149	10	250	10	1027080.188	12852.41895	649574.375	0	0	1 // безымянного короля
2149	10	250	10	1029765.188	12853.18555	650250.625	0	0	1 // безымянного короля
2149	10	250	10	1031200.438	12852.91016	649946.9375	0	0	1 // безымянного короля
2149	10	250	10	1033714.313	12852.41797	649624.375	0	0	1 // безымянного короля
2149	10	250	10	1034050.625	12852.88379	653644.0625	0	0	1 // безымянного короля
2149	10	250	10	1033976.875	12852.41602	656543.4375	0	0	1 // безымянного короля
2149	10	250	10	1032579.563	12852.41797	656116.5625	0	0	1 // безымянного короля
2149	10	250	10	1030143	12852.91797	655807.5	0	0	1 // безымянного короля
2149	10	250	10	1027894.875	12852.41895	655233.125	0	0	1 // безымянного короля
2149	10	250	10	1027491.063	12852.41797	656594.875	0	0	1 // безымянного короля
2149	10	250	10	1027844.75	12852.94043	652551.9375	0	0	1 // безымянного короля
2149	10	250	10	1025366.75	12853.08301	656074.75	0	0	1 // безымянного короля
2149	10	250	10	1022888.375	12852.72363	656020	0	0	1 // безымянного короля
2149	10	250	10	1023209.25	12852.72168	658220.875	0	0	1 // безымянного короля
2149	10	250	10	1021011.875	12852.98633	658334.5625	0	0	1 // безымянного короля
2149	10	250	10	1018688.875	12853.5459	656286.125	0	0	1 // безымянного короля
2149	10	250	10	1019010.125	12853.54785	657729.0625	0	0	1 // безымянного короля
2149	10	250	10	1018512.813	12853.55176	659243.6875	0	0	1 // безымянного короля
2149	10	250	10	1017900.25	12853.54883	659091.4375	0	0	1 // безымянного короля
2149	10	250	10	1016099.625	12853.55078	658855.875	0	0	1 // безымянного короля
2149	10	250	10	1017319.5	12853.54883	657751.5625	0	0	1 // безымянного короля
2149	10	250	10	1016356.875	12853.55078	658257	0	0	1 // безымянного короля
2149	10	250	10	1015998.438	12853.54785	657059.25	0	0	1 // безымянного короля
2149	10	250	10	1017665.563	12853.54785	655970.25	0	0	1 // безымянного короля
2149	10	250	10	1013477	12829.29004	657852.125	0	0	1 // безымянного короля
2149	10	250	10	1017703.625	12853.17773	654110.4375	0	0	1 // безымянного короля
2149	10	250	10	1017412.813	12852.7207	652826.75	0	0	1 // безымянного короля
2149	10	250	10	1016337.5	12852.80859	652954.0625	0	0	1 // безымянного короля
2149	10	250	10	1014693.25	12853.28711	652301.375	0	0	1 // безымянного короля
2149	10	250	10	1013552.125	12852.97266	652124.5625	0	0	1 // безымянного короля
2149	10	250	10	1013226.375	12853.21973	650646	0	0	1 // безымянного короля
2149	10	250	10	1013201	12852.41797	649640	0	0	1 // безымянного короля
2149	10	250	10	1014211.875	12852.4209	649580	0	0	1 // безымянного короля
2149	10	250	10	1014181.125	12852.41797	647701.6875	0	0	1 // безымянного короля
2149	10	250	10	1012533.875	12852.41895	647741.5625	0	0	1 // безымянного короля
2149	10	250	10	1015795.938	12853.00879	648377.3125	0	0	1 // безымянного короля
2149	10	250	10	1017734.25	12852.72168	648215.9375	0	0	1 // безымянного короля
2149	10	250	10	1017469.563	12852.9082	647074	0	0	1 // безымянного короля
2149	10	250	10	1018056.875	12852.7207	644795.4375	0	0	1 // безымянного короля
2149	10	250	10	1016475.125	12854.73047	642439.6875	0	0	1 // безымянного короля
2149	10	250	10	1016339.375	12854.72949	641656.0625	0	0	1 // безымянного короля
2149	10	250	10	1016173.563	12854.73145	639663.6875	0	0	1 // безымянного короля
2149	10	250	10	1017369.375	12854.73047	642754.75	0	0	1 // безымянного короля
2149	10	250	10	1018043.75	12854.73047	641486.625	0	0	1 // безымянного короля
2149	10	250	10	1017848	12854.73145	640042.625	0	0	1 // безымянного короля
2149	10	250	10	1019417.75	12854.73145	640283.875	0	0	1 // безымянного короля
2149	10	250	10	1019410.938	12854.73242	641667.625	0	0	1 // безымянного короля
2149	10	250	10	1019579.313	12854.73145	643118.375	0	0	1 // безымянного короля
2149	10	250	10	1020626.75	12852.72168	641692.75	0	0	1 // безымянного короля
2149	10	250	10	1022340.438	12852.8584	641409.1875	0	0	1 // безымянного короля
2149	10	250	10	1024892.25	12852.71777	640888.75	0	0	1 // безымянного короля
2149	10	250	10	1024571.125	12853.00391	639270.5	0	0	1 // безымянного короля
2149	10	250	10	1025059.438	12852.72168	637366.0625	0	0	1 // безымянного короля
2149	10	250	10	1023648.375	12851.14746	635498.8125	0	0	1 // безымянного короля
2149	10	250	10	1023396.438	12851.14648	634194.25	0	0	1 // безымянного короля
2149	10	250	10	1023797.375	12851.14746	632834.25	0	0	1 // безымянного короля
2149	10	250	10	1024518.25	12851.14746	632298.5625	0	0	1 // безымянного короля
2149	10	250	10	1025058	12851.14648	633412.625	0	0	1 // безымянного короля
2149	10	250	10	1024581.125	12851.14648	635096.75	0	0	1 // безымянного короля
2149	10	250	10	1025796.063	12851.14746	635269.4375	0	0	1 // безымянного короля
2149	10	250	10	1026395.75	12851.14844	634174.9375	0	0	1 // безымянного короля
2149	10	250	10	1026008.25	12851.14844	632797.75	0	0	1 // безымянного короля
2149	10	250	10	1028202	12853.02148	634028.8125	0	0	1 // безымянного короля
2149	10	250	10	1029042.813	12859.37793	633592.3125	0	0	1 // безымянного короля
2149	10	250	10	1030241.25	12853.03125	633544.5	0	0	1 // безымянного короля
2149	10	250	10	1021417.938	12851.14648	648523.6875	0	0	1 // безымянного короля
2121	255	255	101	713131.5625	15329.49023	474277.1563	1	0	1 //Безымянный <бог ветра
2122	255	255	107	825655.875	41290.37891	386108.4375	1	0	//безымянный <магический предмет
2123	250	250	250	1037195.188	12852.41797	887231.25	1	0	1 //без имени <печать
2126	10	250	10	1011735.313	12852.41797	658761.5	1	0	1 // безымянный <руины
2127	10	250	10	1035998.813	12852.41797	633079.625	1	0	1 //безымянный <проклятие
2088	10	250	10	1011657.313	12852.41797	657075.875	1	0	1 //Безымянный живот
2140	200	200	200	1013924.125	13041.02734	29370.98438	0	0	1 // Рыцарь без имени
2140	200	200	200	1014000.5	13041.02637	25865.41016	0	0	1 // Рыцарь без имени
2140	200	200	200	1019866.25	13041.02637	25683.31445	0	0	1 // Рыцарь без имени
2140	200	200	200	1014078.5	13041.02734	21289.92383	0	0	1 // Рыцарь без имени
2140	200	200	200	1014008.313	13041.02344	18407.25781	0	0	1 // Рыцарь без имени
2140	200	200	200	1018571.75	13041.0293	19799.91016	0	0	1 // Рыцарь без имени
2140	200	200	200	1021337.875	13041.02734	19783.70898	0	0	1 // Рыцарь без имени
2140	200	200	200	1025995.688	13041.0293	19738.48828	0	0	1 // Рыцарь без имени
2140	200	200	200	1026097.375	13041.02734	25888.64648	0	0	1 // Рыцарь без имени
2140	200	200	200	1031860.313	13041.02539	25766.83984	0	0	1 // Рыцарь без имени
2140	200	200	200	1031916.938	13041.0293	21218.86914	0	0	1 // Рыцарь без имени
2140	200	200	200	1031738.563	13041.02734	18403.03906	0	0	1 // Рыцарь без имени
2140	200	200	200	1013870.875	13041.02344	13737.34375	0	0	1 // Рыцарь без имени
2140	200	200	200	1009823.063	13041.02539	13591.12305	0	0	1 // Рыцарь без имени
2140	200	200	200	1009812.625	13041.02734	7548.492188	0	0	1 // Рыцарь без имени
2140	200	200	200	1013943.375	13041.0293	7433.651367	0	0	1 // Рыцарь без имени
2140	200	200	200	1014026.438	13041.02734	1421.801758	0	0	1 // Рыцарь без имени
2140	200	200	200	1019774.625	13041.02539	1530.347656	0	0	1 // Рыцарь без имени
2140	200	200	200	1019911.625	13041.02734	6275.882813	0	0	1 // Рыцарь без имени
2140	200	200	200	1019953.688	13041.02539	8989.001953	0	0	1 // Рыцарь без имени
2140	200	200	200	1019932	13041.0293	13756.51465	0	0	1 // Рыцарь без имени
2140	200	200	200	1023769.25	13547.66602	13623.31543	0	0	1 // Рыцарь без имени
2140	200	200	200	1025857.188	13547.66406	15576.39746	0	0	1 // Рыцарь без имени
2140	200	200	200	1027888.688	13547.66406	13820.45313	0	0	1 // Рыцарь без имени
2140	200	200	200	1026080.75	13547.66406	11867.74902	0	0	1 // Рыцарь без имени
2140	200	200	200	1031922.375	13041.02539	13770.04395	0	0	1 // Рыцарь без имени
2140	200	200	200	1037847.563	13041.02344	19779.29297	0	0	1 // Рыцарь без имени
2140	200	200	200	1037758.75	13041.02539	13855.07422	0	0	1 // Рыцарь без имени
2140	200	200	200	1037715.25	13041.02539	7385.418945	0	0	1 // Рыцарь без имени
2140	200	200	200	1037613.438	13041.02344	1631.575195	0	0	1 // Рыцарь без имени
2140	200	200	200	1031936.125	13041.02734	1488.048828	0	0	1 // Рыцарь без имени
2140	200	200	200	1031803.688	13041.0293	8990.050781	0	0	1 // Рыцарь без имени
2140	200	200	200	1031887.125	13041.02344	6074.782227	0	0	1 // Рыцарь без имени
2140	200	200	200	1025803.813	13041.02734	7355.882324	0	0	1 // Рыцарь без имени
2140	200	200	200	1025774.688	13041.02734	1533.46875	0	0	1 // Рыцарь без имени
2140	200	200	200	1030550.563	13041.02734	7649.095215	0	0	1 // Рыцарь без имени
2140	200	200	200	1033332.313	13041.02734	7629.319824	0	0	1 // Рыцарь без имени
2140	200	200	200	1021338.313	13041.0293	7540.133301	0	0	1 // Рыцарь без имени
2140	200	200	200	1018296.875	13041.02734	7620.861816	0	0	1 // Рыцарь без имени
2140	200	200	200	1033241.563	13041.02539	19715.46094	0	0	1 // Рыцарь без имени
2140	200	200	200	1030429.375	13041.0293	19777.96484	0	0	1 // Рыцарь без имени
2140	200	200	200	1019752.563	13041.02734	18245.60352	0	0	1 // Рыцарь без имени
2140	200	200	200	1019944.25	13041.02539	21390.91797	0	0	1 // Рыцарь без имени
2140	200	200	200	1012584.938	13041.02539	19787.44531	0	0	1 // Рыцарь без имени
2140	200	200	200	1015533.313	13041.02734	19797.91406	0	0	1 // Рыцарь без имени
2140	200	200	200	1009689.688	13041.0293	10829.3291	0	0	1 // Рыцарь без имени
2140	200	200	200	1013998.063	13041.02734	10424.70996	0	0	1 // Рыцарь без имени
2140	200	200	200	1014060.688	13041.0293	16153.07324	0	0	1 // Рыцарь без имени
2140	200	200	200	1017153.375	13041.02734	13770.68164	0	0	1 // Рыцарь без имени
2140	200	200	200	1013834.125	13041.02734	4496.015625	0	0	1 // Рыцарь без имени
2140	200	200	200	1017045.688	13041.0293	1577.738281	0	0	1 // Рыцарь без имени
2140	200	200	200	1019911.938	13041.02539	3669.147461	0	0	1 // Рыцарь без имени
2140	200	200	200	1019944.75	13041.02734	11351.00098	0	0	1 // Рыцарь без имени
2140	200	200	200	1019916.563	13041.02539	16035.69336	0	0	1 // Рыцарь без имени
2140	200	200	200	1021911	13291.12891	13690.51074	0	0	1 // Рыцарь без имени
2140	200	200	200	1023963.5	13041.02734	19862.20117	0	0	1 // Рыцарь без имени
2140	200	200	200	1028081.063	13041.02734	7660.949707	0	0	1 // Рыцарь без имени
2140	200	200	200	1025810.438	13041.02734	4697.024414	0	0	1 // Рыцарь без имени
2140	200	200	200	1028601.625	13041.0293	1527.31543	0	0	1 // Рыцарь без имени
2140	200	200	200	1034913.813	13041.02539	1416.672852	0	0	1 // Рыцарь без имени
2140	200	200	200	1037829.688	13041.02734	4675.598633	0	0	1 // Рыцарь без имени
2140	200	200	200	1035603.188	13041.0293	7636.121094	0	0	1 // Рыцарь без имени
2140	200	200	200	1025879.625	13231.72266	9479.394531	0	0	1 // Рыцарь без имени
2140	200	200	200	1035520.75	13041.02539	13697.86914	0	0	1 // Рыцарь без имени
2140	200	200	200	1031799.688	13041.02539	11455.39746	0	0	1 // Рыцарь без имени
2140	200	200	200	1031787.25	13041.02539	15991.50781	0	0	1 // Рыцарь без имени
2140	200	200	200	1037759.875	13041.02734	16582.46484	0	0	1 // Рыцарь без имени
2140	200	200	200	1035736.875	13041.02734	19913.65039	0	0	1 // Рыцарь без имени
2140	200	200	200	1025973.125	13041.02148	22868.36914	0	0	1 // Рыцарь без имени
2140	200	200	200	1028034.875	13041.02539	19858.80859	0	0	1 // Рыцарь без имени
2140	200	200	200	1025799.063	13260.57617	17862.19336	0	0	1 // Рыцарь без имени
2140	200	200	200	1031855.438	13041.02734	23827.01172	0	0	1 // Рыцарь без имени
2140	200	200	200	1029177.438	13041.02539	25918.05273	0	0	1 // Рыцарь без имени
2140	200	200	200	1022603.813	13041.02539	25878.70703	0	0	1 // Рыцарь без имени
2140	200	200	200	1017116.375	13041.0293	26004.52734	0	0	1 // Рыцарь без имени
2140	200	200	200	1013901.25	13041.02734	24036.67578	0	0	1 // Рыцарь без имени
2140	200	200	200	1020018.438	13041.02539	24023.32813	0	0	1 // Рыцарь без имени
2140	200	200	200	1013816.188	13041.02734	28166.54297	0	0	1 // Рыцарь без имени
2140	200	200	200	1011581.875	13041.02734	13678.45801	0	0	1 // Рыцарь без имени
2140	200	200	200	1011691.688	13041.0293	7609.29834	0	0	1 // Рыцарь без имени
2140	200	200	200	1016187.375	13041.02734	7599.697754	0	0	1 // Рыцарь без имени
2140	200	200	200	1023706.063	13041.0293	7612.232422	0	0	1 // Рыцарь без имени
2140	200	200	200	1031853.438	13041.02539	3506.813477	0	0	1 // Рыцарь без имени
2140	200	200	200	1029919.313	13267.27344	13727.75586	0	0	1 // Рыцарь без имени
2140	200	200	200	1033976.125	13041.02734	13715.39356	0	0	1 // Рыцарь без имени
2140	200	200	200	1024327.625	13041.0293	25901.20313	0	0	1 // Рыцарь без имени
2140	200	200	200	1027644.5	13041.02734	25905.10938	0	0	1 // Рыцарь без имени
2140	200	200	200	1013875.625	13041.02734	3145.041016	0	0	1 // Рыцарь без имени
2140	200	200	200	1013889.5	13041.02539	8909.787109	0	0	1 // Рыцарь без имени
2140	200	200	200	1014003.063	13041.0293	6058.459473	0	0	1 // Рыцарь без имени
2140	200	200	200	1013976.375	13041.02734	12066.71289	0	0	1 // Рыцарь без имени
2140	200	200	200	1025898.063	13602.98828	13709.79004	0	0	1 // Рыцарь без имени
2140	200	200	200	1031729.688	13096.34668	7586.292969	0	0	1 // Рыцарь без имени
2140	200	200	200	1032001.813	13096.2168	19568.33008	0	0	1 // Рыцарь без имени
2140	200	200	200	1019850.438	13096.34668	19616.35156	0	0	1 // Рыцарь без имени
2140	200	200	200	1020008.813	13096.34961	7687.217773	0	0	1 // Рыцарь без имени
2140	200	200	200	1014040.188	13096.34668	19662.03516	0	0	1 // Рыцарь без имени
2140	200	200	200	1025883.313	13041.02344	21401.27734	0	0	1 // Рыцарь без имени
2140	200	200	200	1015858	13041.02734	13734.94824	0	0	1 // Рыцарь без имени
2140	200	200	200	1010042.313	13041.02637	8654.756836	0	0	1 // Рыцарь без имени
2141	200	200	200	1014232.5	13041.02637	29225.38867	0	0	1 //Безымянный Метеос
2141	200	200	200	1014044.125	13041.02734	27938.53711	0	0	1 //Безымянный Метеос
2141	200	200	200	1013775.75	13041.02734	25662.58984	0	0	1 //Безымянный Метеос
2141	200	200	200	1014014.563	13041.02734	23692.36328	0	0	1 //Безымянный Метеос
2141	200	200	200	1016807.063	13041.02539	25928.77344	0	0	1 //Безымянный Метеос
2141	200	200	200	1019660.063	13041.02637	25890.41797	0	0	1 //Безымянный Метеос
2141	200	200	200	1022401.688	13041.02441	25985.48047	0	0	1 //Безымянный Метеос
2141	200	200	200	1020001.125	13041.02832	24231.26758	0	0	1 //Безымянный Метеос
2141	200	200	200	1013809.813	13041.02539	21491.01367	0	0	1 //Безымянный Метеос
2141	200	200	200	1012319.125	13041.02734	19648.09375	0	0	1 //Безымянный Метеос
2141	200	200	200	1015696.438	13041.02637	19572.45117	0	0	1 //Безымянный Метеос
2141	200	200	200	1013916.188	13096.34863	19821.29102	0	0	1 //Безымянный Метеос
2141	200	200	200	1013763.75	13041.02344	18417.30469	0	0	1 //Безымянный Метеос
2141	200	200	200	1013853.875	13041.02539	16074.6709	0	0	1 //Безымянный Метеос
2141	200	200	200	1013647.563	13041.02637	13704.73731	0	0	1 //Безымянный Метеос
2141	200	200	200	1011848.438	13041.02539	13694.23633	0	0	1 //Безымянный Метеос
2141	200	200	200	1009870.875	13041.02637	13353.67285	0	0	1 //Безымянный Метеос
2141	200	200	200	1009719.75	13041.02637	11017.1543	0	0	1 //Безымянный Метеос
2141	200	200	200	1009673.25	13041.02734	8672.152344	0	0	1 //Безымянный Метеос
2141	200	200	200	1010007.625	13041.02441	7460.76123	0	0	1 //Безымянный Метеос
2141	200	200	200	1011966.563	13041.02637	7591.000977	0	0	1 //Безымянный Метеос
2141	200	200	200	1013807.813	13041.02637	11844.32813	0	0	1 //Безымянный Метеос
2141	200	200	200	1013777.938	13041.02539	10373.8877	0	0	1 //Безымянный Метеос
2141	200	200	200	1013801.313	13041.02734	8629.307617	0	0	1 //Безымянный Метеос
2141	200	200	200	1013687.75	13041.02734	7375.48291	0	0	1 //Безымянный Метеос
2141	200	200	200	1014121.625	13041.02832	5801.518066	0	0	1 //Безымянный Метеос
2141	200	200	200	1013706.625	13041.02734	4215.253906	0	0	1 //Безымянный Метеос
2141	200	200	200	1014104.438	13041.02539	3418.763184	0	0	1 //Безымянный Метеос
2141	200	200	200	1013826.813	13041.02637	1454.307617	0	0	1 //Безымянный Метеос
2141	200	200	200	1015929.688	13041.02734	7622.82373	0	0	1 //Безымянный Метеос
2141	200	200	200	1015572.188	13041.02832	13697.70508	0	0	1 //Безымянный Метеос
2141	200	200	200	1017524	13041.02637	13676.44922	0	0	1 //Безымянный Метеос
2141	200	200	200	1018281.5	13041.02539	19874.31445	0	0	1 //Безымянный Метеос
2141	200	200	200	1020150.125	13041.02734	21249.60156	0	0	1 //Безымянный Метеос
2141	200	200	200	1021126.938	13041.02637	19770.39063	0	0	1 //Безымянный Метеос
2141	200	200	200	1019931.125	13096.34766	19856.52539	0	0	1 //Безымянный Метеос
2141	200	200	200	1019703.5	13041.02539	18519.74219	0	0	1 //Безымянный Метеос
2141	200	200	200	1024052.25	13041.02539	25899.31445	0	0	1 //Безымянный Метеос
2141	200	200	200	1025766.938	13041.02637	25796.80469	0	0	1 //Безымянный Метеос
2141	200	200	200	1025853.5	13041.02637	23056.91797	0	0	1 //Безымянный Метеос
2141	200	200	200	1027827.313	13041.02539	25838.42188	0	0	1 //Безымянный Метеос
2141	200	200	200	1028909.438	13041.02637	25985.25977	0	0	1 //Безымянный Метеос
2141	200	200	200	1031662.313	13041.02637	25857.6543	0	0	1 //Безымянный Метеос
2141	200	200	200	1031786.813	13041.02637	24109.62891	0	0	1 //Безымянный Метеос
2141	200	200	200	1031817.563	13041.02734	21425.83203	0	0	1 //Безымянный Метеос
2141	200	200	200	1033492.813	13041.02637	19795.53125	0	0	1 //Безымянный Метеос
2141	200	200	200	1031777.875	13041.02441	18007.72656	0	0	1 //Безымянный Метеос
2141	200	200	200	1031874.188	13096.34668	19761.92773	0	0	1 //Безымянный Метеос
2141	200	200	200	1030105.313	13041.02539	19854.49023	0	0	1 //Безымянный Метеос
2141	200	200	200	1023705.313	13041.02539	19811.78516	0	0	1 //Безымянный Метеос
2141	200	200	200	1025920.063	13041.02637	21190.83008	0	0	1 //Безымянный Метеос
2141	200	200	200	1027843.563	13041.02637	19793.61523	0	0	1 //Безымянный Метеос
2141	200	200	200	1025740	13041.02539	19808.45117	0	0	1 //Безымянный Метеос
2141	200	200	200	1025749.25	13189.96289	18113.29297	0	0	1 //Безымянный Метеос
2141	200	200	200	1019906.375	13041.02734	15753.0957	0	0	1 //Безымянный Метеос
2141	200	200	200	1019625.188	13041.02637	13740.67188	0	0	1 //Безымянный Метеос
2141	200	200	200	1019729.875	13041.02734	11452.91211	0	0	1 //Безымянный Метеос
2141	200	200	200	1021563.313	13192.14551	13737.14551	0	0	1 //Безымянный Метеос
2141	200	200	200	1019653.688	13041.02637	9014.810547	0	0	1 //Безымянный Метеос
2141	200	200	200	1018557.188	13041.02441	7678.49707	0	0	1 //Безымянный Метеос
2141	200	200	200	1019760.688	13096.34863	7639.155273	0	0	1 //Безымянный Метеос
2141	200	200	200	1021344.125	13041.02734	7765.567383	0	0	1 //Безымянный Метеос
2141	200	200	200	1019599.063	13041.02637	6279.157715	0	0	1 //Безымянный Метеос
2141	200	200	200	1019857	13041.02734	3386.130127	0	0	1 //Безымянный Метеос
2141	200	200	200	1019571	13041.02734	1529.078369	0	0	1 //Безымянный Метеос
2141	200	200	200	1017078.188	13041.02734	1788.141113	0	0	1 //Безымянный Метеос
2141	200	200	200	1023449.625	13041.02637	7642.294434	0	0	1 //Безымянный Метеос
2141	200	200	200	1023999.313	13547.66504	13664.41797	0	0	1 //Безымянный Метеос
2141	200	200	200	1025626.563	13547.66504	15686.21289	0	0	1 //Безымянный Метеос
2141	200	200	200	1025679.125	13602.98828	13705.47266	0	0	1 //Безымянный Метеос
2141	200	200	200	1027658.438	13547.66211	13728.48047	0	0	1 //Безымянный Метеос
2141	200	200	200	1025891.938	13547.66406	11622.56934	0	0	1 //Безымянный Метеос
2141	200	200	200	1035353.438	13041.02734	19793.54297	0	0	1 //Безымянный Метеос
2141	200	200	200	1037630.375	13041.02539	19611.77344	0	0	1 //Безымянный Метеос
2141	200	200	200	1037773.875	13041.02734	16893.92578	0	0	1 //Безымянный Метеос
2141	200	200	200	1037670.688	13041.02637	14047.0957	0	0	1 //Безымянный Метеос
2141	200	200	200	1035765.563	13041.02637	13634.75391	0	0	1 //Безымянный Метеос
2141	200	200	200	1033674.813	13041.02637	13644.91602	0	0	1 //Безымянный Метеос
2141	200	200	200	1031769.375	13041.02441	16255.28125	0	0	1 //Безымянный Метеос
2141	200	200	200	1031833.563	13041.02637	13398.87109	0	0	1 //Безымянный Метеос
2141	200	200	200	1031916.75	13041.02734	11736.42383	0	0	1 //Безымянный Метеос
2141	200	200	200	1030062.688	13226.54004	13721.2002	0	0	1 //Безымянный Метеос
2141	200	200	200	1031910.375	13041.02637	9272.137695	0	0	1 //Безымянный Метеос
2141	200	200	200	1031568.25	13041.02539	5813.154785	0	0	1 //Безымянный Метеос
2141	200	200	200	1030188.438	13041.02637	7642.889648	0	0	1 //Безымянный Метеос
2141	200	200	200	1031880.438	13096.34863	7762.181152	0	0	1 //Безымянный Метеос
2141	200	200	200	1033525.938	13041.02637	7809.628418	0	0	1 //Безымянный Метеос
2141	200	200	200	1035271.75	13041.02734	7621.798828	0	0	1 //Безымянный Метеос
2141	200	200	200	1037644.938	13041.02734	7637.012207	0	0	1 //Безымянный Метеос
2141	200	200	200	1037780.75	13041.02637	4974.728516	0	0	1 //Безымянный Метеос
2141	200	200	200	1037579.938	13041.02734	1845.536621	0	0	1 //Безымянный Метеос
2141	200	200	200	1035068.875	13041.02539	1583.632813	0	0	1 //Безымянный Метеос
2141	200	200	200	1032143.125	13041.02832	1512.158203	0	0	1 //Безымянный Метеос
2141	200	200	200	1031809.188	13041.02637	3115.584473	0	0	1 //Безымянный Метеос
2141	200	200	200	1028889.063	13041.02734	1561.634033	0	0	1 //Безымянный Метеос
2141	200	200	200	1026038.625	13041.02637	1579.744873	0	0	1 //Безымянный Метеос
2141	200	200	200	1025793.5	13041.02539	4389.54541	0	0	1 //Безымянный Метеос
2141	200	200	200	1025678.813	13041.02637	7099.14209	0	0	1 //Безымянный Метеос
2141	200	200	200	1027734.875	13041.02539	7679.014648	0	0	1 //Безымянный Метеос
2141	200	200	200	1025917.063	13335.23535	9849.436523	0	0	1 //Безымянный Метеос
2142	200	200	200	1014146.563	13041.02734	29612.23438	0	0	1 //Безымянный Метеос
2142	200	200	200	1013787.25	13041.02734	27824.34375	0	0	1 //Безымянный Метеос
2142	200	200	200	1014017.125	13041.02734	25492.94531	0	0	1 //Безымянный Метеос
2142	200	200	200	1013993.688	13041.02734	23401.90625	0	0	1 //Безымянный Метеос
2142	200	200	200	1013774.375	13041.02539	21115.20313	0	0	1 //Безымянный Метеос
2142	200	200	200	1012555.625	13041.02734	19460.58789	0	0	1 //Безымянный Метеос
2142	200	200	200	1013710.875	13096.34961	19598.82813	0	0	1 //Безымянный Метеос
2142	200	200	200	1013911.438	13041.02539	18032.13086	0	0	1 //Безымянный Метеос
2142	200	200	200	1016065.25	13041.02734	19809.11719	0	0	1 //Безымянный Метеос
2142	200	200	200	1013956	13041.02734	15648.94434	0	0	1 //Безымянный Метеос
2142	200	200	200	1014258.875	13041.02441	13645.37109	0	0	1 //Безымянный Метеос
2142	200	200	200	1012214.75	13041.02734	13667.15137	0	0	1 //Безымянный Метеос
2142	200	200	200	1010212.688	13041.02637	13531.02344	0	0	1 //Безымянный Метеос
2142	200	200	200	1009889.25	13041.02734	10460.70117	0	0	1 //Безымянный Метеос
2142	200	200	200	1009830.25	13041.02637	9053.123047	0	0	1 //Безымянный Метеос
2142	200	200	200	1010043.75	13041.02637	7789.073242	0	0	1 //Безымянный Метеос
2142	200	200	200	1012313.25	13041.02637	7765.754395	0	0	1 //Безымянный Метеос
2142	200	200	200	1014021.875	13041.02734	11633.2002	0	0	1 //Безымянный Метеос
2142	200	200	200	1013951.625	13041.02637	10009.18652	0	0	1 //Безымянный Метеос
2142	200	200	200	1014146.813	13041.02734	8510.124023	0	0	1 //Безымянный Метеос
2142	200	200	200	1013933.75	13041.02637	7038.097656	0	0	1 //Безымянный Метеос
2142	200	200	200	1013881	13041.02539	5491.369141	0	0	1 //Безымянный Метеос
2142	200	200	200	1014072.375	13041.02637	4125.181641	0	0	1 //Безымянный Метеос
2142	200	200	200	1014014.313	13041.02637	2912.749512	0	0	1 //Безымянный Метеос
2142	200	200	200	1014049.563	13041.02441	1738.320679	0	0	1 //Безымянный Метеос
2142	200	200	200	1016456.813	13041.02637	1631.851563	0	0	1 //Безымянный Метеос
2142	200	200	200	1019185.75	13041.02637	1522.074951	0	0	1 //Безымянный Метеос
2142	200	200	200	1019889.563	13041.02637	3129.480957	0	0	1 //Безымянный Метеос
2142	200	200	200	1016135	13041.02734	7886.175293	0	0	1 //Безымянный Метеос
2142	200	200	200	1018316.813	13041.02539	7954.941895	0	0	1 //Безымянный Метеос
2142	200	200	200	1019736.25	13041.02734	5831.267578	0	0	1 //Безымянный Метеос
2142	200	200	200	1019891.125	13096.34863	7295.888184	0	0	1 //Безымянный Метеос
2142	200	200	200	1019894.5	13041.02637	9338.039063	0	0	1 //Безымянный Метеос
2142	200	200	200	1021090.938	13041.02637	7658.459473	0	0	1 //Безымянный Метеос
2142	200	200	200	1019843.438	13041.02637	11776.45508	0	0	1 //Безымянный Метеос
2142	200	200	200	1019812.125	13041.02539	14093.74316	0	0	1 //Безымянный Метеос
2142	200	200	200	1019829.5	13041.02637	16328.22656	0	0	1 //Безымянный Метеос
2142	200	200	200	1017836.938	13041.02734	13777.5957	0	0	1 //Безымянный Метеос
2142	200	200	200	1016152.313	13041.02832	13674.40039	0	0	1 //Безымянный Метеос
2142	200	200	200	1020078.75	13041.02637	18527.36719	0	0	1 //Безымянный Метеос
2142	200	200	200	1022348.313	13415.17188	13782.82227	0	0	1 //Безымянный Метеос
2142	200	200	200	1023827.625	13547.66504	13975.12891	0	0	1 //Безымянный Метеос
2142	200	200	200	1025739.563	13547.66406	11918.49316	0	0	1 //Безымянный Метеос
2142	200	200	200	1025922.563	13602.98828	14074.99219	0	0	1 //Безымянный Метеос
2142	200	200	200	1027694.5	13547.66406	14081.87793	0	0	1 //Безымянный Метеос
2142	200	200	200	1025669.125	13547.66504	15348.2207	0	0	1 //Безымянный Метеос
2142	200	200	200	1025681.875	13314.64844	9775.839844	0	0	1 //Безымянный Метеос
2142	200	200	200	1025602.313	13041.02637	7383.803711	0	0	1 //Безымянный Метеос
2142	200	200	200	1024051.438	13041.02637	7570.77002	0	0	1 //Безымянный Метеос
2142	200	200	200	1027310.75	13041.02637	7709.333008	0	0	1 //Безымянный Метеос
2142	200	200	200	1025895.5	13041.02637	5083.805664	0	0	1 //Безымянный Метеос
2142	200	200	200	1025829.188	13041.02637	1946.522705	0	0	1 //Безымянный Метеос
2142	200	200	200	1028118.125	13041.02637	1511.682617	0	0	1 //Безымянный Метеос
2142	200	200	200	1031525.563	13041.02637	1618.05127	0	0	1 //Безымянный Метеос
2142	200	200	200	1031776.188	13041.0293	3902.571777	0	0	1 //Безымянный Метеос
2142	200	200	200	1031542.188	13041.02637	6419.906738	0	0	1 //Безымянный Метеос
2142	200	200	200	1030368.875	13041.02539	7373.737305	0	0	1 //Безымянный Метеос
2142	200	200	200	1032096.438	13096.2627	7456.882813	0	0	1 //Безымянный Метеос
2142	200	200	200	1033687.25	13041.02637	7461.807617	0	0	1 //Безымянный Метеос
2142	200	200	200	1031496.313	13041.02637	9339.917969	0	0	1 //Безымянный Метеос
2142	200	200	200	1036066	13041.02637	7626.875488	0	0	1 //Безымянный Метеос
2142	200	200	200	1037823.25	13041.02734	7066.606934	0	0	1 //Безымянный Метеос
2142	200	200	200	1037919.813	13041.02734	5324.074219	0	0	1 //Безымянный Метеос
2142	200	200	200	1037975.75	13041.02637	1752.88623	0	0	1 //Безымянный Метеос
2142	200	200	200	1035511.25	13041.0293	1584.405029	0	0	1 //Безымянный Метеос
2142	200	200	200	1037478.125	13041.02734	13642.06445	0	0	1 //Безымянный Метеос
2142	200	200	200	1037816.875	13041.0293	16146.03613	0	0	1 //Безымянный Метеос
2142	200	200	200	1037920.875	13041.02734	19037.12109	0	0	1 //Безымянный Метеос
2142	200	200	200	1036208.75	13041.02637	19928.08789	0	0	1 //Безымянный Метеос
2142	200	200	200	1035188.75	13041.02637	13633.97656	0	0	1 //Безымянный Метеос
2142	200	200	200	1033299.25	13041.02637	13689.24414	0	0	1 //Безымянный Метеос
2142	200	200	200	1033401.563	13041.02637	19539.93945	0	0	1 //Безымянный Метеос
2142	200	200	200	1032012.813	13041.02637	16141.6709	0	0	1 //Безымянный Метеос
2142	200	200	200	1031502.75	13041.02539	13678.85156	0	0	1 //Безымянный Метеос
2142	200	200	200	1031582	13041.02637	11797.75586	0	0	1 //Безымянный Метеос
2142	200	200	200	1030316.688	13153.87305	13666.36426	0	0	1 //Безымянный Метеос
2142	200	200	200	1032033.5	13041.02734	18187.19141	0	0	1 //Безымянный Метеос
2142	200	200	200	1030282.938	13041.02539	19477.12109	0	0	1 //Безымянный Метеос
2142	200	200	200	1031576.938	13096.34863	19663.26367	0	0	1 //Безымянный Метеос
2142	200	200	200	1031617.938	13041.02637	21053.46484	0	0	1 //Безымянный Метеос
2142	200	200	200	1031659.813	13041.02734	23410.93555	0	0	1 //Безымянный Метеос
2142	200	200	200	1031610.688	13041.02734	25429.51172	0	0	1 //Безымянный Метеос
2142	200	200	200	1029516.938	13041.02637	25897.7793	0	0	1 //Безымянный Метеос
2142	200	200	200	1028228.313	13041.02637	25768.89063	0	0	1 //Безымянный Метеос
2142	200	200	200	1026025.125	13041.02539	25518.04883	0	0	1 //Безымянный Метеос
2142	200	200	200	1023778.438	13041.02539	25692.36719	0	0	1 //Безымянный Метеос
2142	200	200	200	1022221.313	13041.02637	25707.66016	0	0	1 //Безымянный Метеос
2142	200	200	200	1025915.188	13041.02832	23449.02344	0	0	1 //Безымянный Метеос
2142	200	200	200	1025912.625	13041.02734	21758.65625	0	0	1 //Безымянный Метеос
2142	200	200	200	1027590.125	13041.02637	19742.16016	0	0	1 //Безымянный Метеос
2142	200	200	200	1026058.25	13041.02637	20038.58203	0	0	1 //Безымянный Метеос
2142	200	200	200	1025869.438	13107.21094	18406.50391	0	0	1 //Безымянный Метеос
2142	200	200	200	1024419.75	13041.02637	19782.05859	0	0	1 //Безымянный Метеос
2142	200	200	200	1020008.75	13041.02637	26010.57617	0	0	1 //Безымянный Метеос
2142	200	200	200	1017347.438	13041.02637	25694.99023	0	0	1 //Безымянный Метеос
2142	200	200	200	1019938.563	13041.02637	23717.18555	0	0	1 //Безымянный Метеос
2142	200	200	200	1019873.875	13041.02637	21001.5293	0	0	1 //Безымянный Метеос
2142	200	200	200	1018486.875	13041.02637	20106.47461	0	0	1 //Безымянный Метеос
2142	200	200	200	1021500.688	13041.02734	19972.20898	0	0	1 //Безымянный Метеос
2142	200	200	200	1019843.625	13096.35059	20127.47656	0	0	1 //Безымянный Метеос
2143	200	200	200	1013687.188	13041.02734	29649.10156	0	0	1 //Безымянный Метеос
2143	200	200	200	1013981.5	13041.02832	27393.40625	0	0	1 //Безымянный Метеос
2143	200	200	200	1014586.125	13041.02539	25709.93359	0	0	1 //Безымянный Метеос
2143	200	200	200	1014013.375	13041.02539	22790.03906	0	0	1 //Безымянный Метеос
2143	200	200	200	1014184.125	13041.02637	20906.34961	0	0	1 //Безымянный Метеос
2143	200	200	200	1014371.688	13096.34961	19839.36914	0	0	1 //Безымянный Метеос
2143	200	200	200	1012200.125	13041.02637	19992.10742	0	0	1 //Безымянный Метеос
2143	200	200	200	1013924.063	13041.02539	17566.42188	0	0	1 //Безымянный Метеос
2143	200	200	200	1016526.938	13041.02734	19734.22656	0	0	1 //Безымянный Метеос
2143	200	200	200	1016504.875	13041.02734	25798.97852	0	0	1 //Безымянный Метеос
2143	200	200	200	1020425.813	13041.02637	25780.67969	0	0	1 //Безымянный Метеос
2143	200	200	200	1019949.188	13041.02539	23206.29883	0	0	1 //Безымянный Метеос
2143	200	200	200	1021794.25	13041.02734	25925.35156	0	0	1 //Безымянный Метеос
2143	200	200	200	1023515.375	13041.02734	26014.12109	0	0	1 //Безымянный Метеос
2143	200	200	200	1026464	13041.02734	25733.02539	0	0	1 //Безымянный Метеос
2143	200	200	200	1029969.125	13041.02734	25879.57813	0	0	1 //Безымянный Метеос
2143	200	200	200	1028043.063	13041.02637	26117.83008	0	0	1 //Безымянный Метеос
2143	200	200	200	1031385	13041.02539	25793.45508	0	0	1 //Безымянный Метеос
2143	200	200	200	1031853.563	13041.02734	22994.52148	0	0	1 //Безымянный Метеос
2143	200	200	200	1031609.438	13041.02539	21570.46094	0	0	1 //Безымянный Метеос
2143	200	200	200	1033886.563	13041.02734	19720.05469	0	0	1 //Безымянный Метеос
2143	200	200	200	1035786.813	13041.02637	19623.33789	0	0	1 //Безымянный Метеос
2143	200	200	200	1037650.313	13041.02539	19249.67969	0	0	1 //Безымянный Метеос
2143	200	200	200	1032103.688	13096.1875	20026.4043	0	0	1 //Безымянный Метеос
2143	200	200	200	1030389.938	13041.02734	20042.10352	0	0	1 //Безымянный Метеос
2143	200	200	200	1031754.625	13041.02637	18759.00781	0	0	1 //Безымянный Метеос
2143	200	200	200	1028410.75	13041.02539	19741.72852	0	0	1 //Безымянный Метеос
2143	200	200	200	1025556.688	13041.02637	20125.44336	0	0	1 //Безымянный Метеос
2143	200	200	200	1025901.75	13041.02734	24011.94922	0	0	1 //Безымянный Метеос
2143	200	200	200	1025795.813	13041.02539	22228.33594	0	0	1 //Безымянный Метеос
2143	200	200	200	1023299.688	13041.02734	19722.33203	0	0	1 //Безымянный Метеос
2143	200	200	200	1025914.875	13350.4082	17541.03906	0	0	1 //Безымянный Метеос
2143	200	200	200	1025850	13547.66504	15813.91699	0	0	1 //Безымянный Метеос
2143	200	200	200	1027875.375	13547.66602	13417.84766	0	0	1 //Безымянный Метеос
2143	200	200	200	1026221.5	13602.98828	13693.78613	0	0	1 //Безымянный Метеос
2143	200	200	200	1024234.438	13547.66504	13822.36914	0	0	1 //Безымянный Метеос
2143	200	200	200	1037811.313	13041.02734	17383.10547	0	0	1 //Безымянный Метеос
2143	200	200	200	1037713.813	13041.02734	14355.20117	0	0	1 //Безымянный Метеос
2143	200	200	200	1036219.5	13041.02539	13720.14063	0	0	1 //Безымянный Метеос
2143	200	200	200	1034350.063	13041.02734	13776.45215	0	0	1 //Безымянный Метеос
2143	200	200	200	1031924.125	13041.02539	15633.98828	0	0	1 //Безымянный Метеос
2143	200	200	200	1032257.125	13041.02734	13518.05078	0	0	1 //Безымянный Метеос
2143	200	200	200	1029551.313	13371.65137	13679.82129	0	0	1 //Безымянный Метеос
2143	200	200	200	1031787.125	13041.02539	11118.12109	0	0	1 //Безымянный Метеос
2143	200	200	200	1031914.25	13041.02734	9706.5625	0	0	1 //Безымянный Метеос
2143	200	200	200	1031554.688	13096.2793	7866.443848	0	0	1 //Безымянный Метеос
2143	200	200	200	1029945.813	13041.02539	7404.606445	0	0	1 //Безымянный Метеос
2143	200	200	200	1031859.75	13041.02539	5648.557617	0	0	1 //Безымянный Метеос
2143	200	200	200	1033062.563	13041.02734	7639.601074	0	0	1 //Безымянный Метеос
2143	200	200	200	1031871.25	13041.02637	4381.296387	0	0	1 //Безымянный Метеос
2143	200	200	200	1032052	13041.02734	1865.806885	0	0	1 //Безымянный Метеос
2143	200	200	200	1035288.188	13041.02734	7891.358887	0	0	1 //Безымянный Метеос
2143	200	200	200	1037352.938	13041.02637	7444.576172	0	0	1 //Безымянный Метеос
2143	200	200	200	1037743.313	13041.02539	4134.313965	0	0	1 //Безымянный Метеос
2143	200	200	200	1037305.438	13041.02734	1698.431641	0	0	1 //Безымянный Метеос
2143	200	200	200	1035865.188	13041.02832	1540.291016	0	0	1 //Безымянный Метеос
2143	200	200	200	1028313.813	13041.02637	1867.997803	0	0	1 //Безымянный Метеос
2143	200	200	200	1026158.813	13041.02734	1806.880493	0	0	1 //Безымянный Метеос
2143	200	200	200	1025996.875	13041.02637	4321.949219	0	0	1 //Безымянный Метеос
2143	200	200	200	1028285.438	13041.02637	7419.305664	0	0	1 //Безымянный Метеос
2143	200	200	200	1025903.75	13041.02734	7767.80127	0	0	1 //Безымянный Метеос
2143	200	200	200	1025574.625	13219.86328	9437.369141	0	0	1 //Безымянный Метеос
2143	200	200	200	1024421.813	13041.02539	7727.091797	0	0	1 //Безымянный Метеос
2143	200	200	200	1021683.188	13041.02637	7627.79541	0	0	1 //Безымянный Метеос
2143	200	200	200	1017830.938	13041.02832	7737.539063	0	0	1 //Безымянный Метеос
2143	200	200	200	1019901.063	13041.02441	9818.533203	0	0	1 //Безымянный Метеос
2143	200	200	200	1019956	13096.34863	8044.630371	0	0	1 //Безымянный Метеос
2143	200	200	200	1019856.188	13041.02441	5436.722168	0	0	1 //Безымянный Метеос
2143	200	200	200	1019869.688	13041.02441	4000.922607	0	0	1 //Безымянный Метеос
2143	200	200	200	1019570.125	13041.02832	1834.627441	0	0	1 //Безымянный Метеос
2143	200	200	200	1017358.125	13041.02637	1608.575562	0	0	1 //Безымянный Метеос
2143	200	200	200	1014337.625	13041.02637	1533.686768	0	0	1 //Безымянный Метеос
2143	200	200	200	1013971.25	13041.02637	2527.04541	0	0	1 //Безымянный Метеос
2143	200	200	200	1014115.188	13041.02637	4499.646484	0	0	1 //Безымянный Метеос
2143	200	200	200	1014202.063	13041.02539	5378.875977	0	0	1 //Безымянный Метеос
2143	200	200	200	1014268.25	13041.02734	7330.036133	0	0	1 //Безымянный Метеос
2143	200	200	200	1015558.75	13041.02734	7768.751465	0	0	1 //Безымянный Метеос
2143	200	200	200	1011858.125	13041.02734	7918.896973	0	0	1 //Безымянный Метеос
2143	200	200	200	1009661.563	13041.02637	7908.229004	0	0	1 //Безымянный Метеос
2143	200	200	200	1009764.938	13041.02734	9463.214844	0	0	1 //Безымянный Метеос
2143	200	200	200	1013830.125	13041.02637	8357.046875	0	0	1 //Безымянный Метеос
2143	200	200	200	1009823.938	13041.02344	11488.94141	0	0	1 //Безымянный Метеос
2143	200	200	200	1014213.813	13041.02637	10221.77539	0	0	1 //Безымянный Метеос
2143	200	200	200	1013745.188	13041.02637	11538.27637	0	0	1 //Безымянный Метеос
2143	200	200	200	1013890.375	13041.02734	13502.38477	0	0	1 //Безымянный Метеос
2143	200	200	200	1012533.75	13041.02637	13785.73242	0	0	1 //Безымянный Метеос
2143	200	200	200	1010461.75	13041.02637	13667.05664	0	0	1 //Безымянный Метеос
2143	200	200	200	1013972.5	13041.02832	15286.39453	0	0	1 //Безымянный Метеос
2143	200	200	200	1016263.375	13041.02637	14005.27441	0	0	1 //Безымянный Метеос
2143	200	200	200	1017562.25	13041.02734	14039.0957	0	0	1 //Безымянный Метеос
2143	200	200	200	1019984.938	13041.02539	13424.2002	0	0	1 //Безымянный Метеос
2143	200	200	200	1019799.25	13041.02539	12180.55859	0	0	1 //Безымянный Метеос
2143	200	200	200	1021750.188	13245.50781	13947.04199	0	0	1 //Безымянный Метеос
2143	200	200	200	1019831.063	13041.02637	15504.45313	0	0	1 //Безымянный Метеос
2143	200	200	200	1019809.688	13041.02539	18829.22852	0	0	1 //Безымянный Метеос
2143	200	200	200	1018379.063	13041.02637	19616.17969	0	0	1 //Безымянный Метеос
2143	200	200	200	1019578	13096.34863	19681.59375	0	0	1 //Безымянный Метеос
2143	200	200	200	1021360.5	13041.02637	19500.9043	0	0	1 //Безымянный Метеос
2143	200	200	200	1019693.25	13041.02637	21385.16406	0	0	1 //Безымянный Метеос
2143	200	200	200	1025734.813	13547.66406	11316.64453	0	0	1 //Безымянный Метеос
2144	200	200	200	1013742.5	13041.02637	29070.02344	0	0	1 //Безымянный Метеос
2144	200	200	200	1013626.75	13041.02734	27439.1875	0	0	1 //Безымянный Метеос
2144	200	200	200	1013788.625	13041.02734	26103.625	0	0	1 //Безымянный Метеос
2144	200	200	200	1014234.375	13041.02734	24056.30469	0	0	1 //Безымянный Метеос
2144	200	200	200	1013873.313	13041.02637	20783.49023	0	0	1 //Безымянный Метеос
2144	200	200	200	1012104	13041.02734	19498.25977	0	0	1 //Безымянный Метеос
2144	200	200	200	1014062.563	13096.34863	19424.85938	0	0	1 //Безымянный Метеос
2144	200	200	200	1013576.125	13041.02637	18135.36719	0	0	1 //Безымянный Метеос
2144	200	200	200	1015796.813	13041.02637	20053.64844	0	0	1 //Безымянный Метеос
2144	200	200	200	1013694.375	13041.02637	15872.59375	0	0	1 //Безымянный Метеос
2144	200	200	200	1013884.625	13041.02637	14099.75977	0	0	1 //Безымянный Метеос
2144	200	200	200	1012016.5	13041.02539	14015.97656	0	0	1 //Безымянный Метеос
2144	200	200	200	1010142.063	13041.02637	13167.4668	0	0	1 //Безымянный Метеос
2144	200	200	200	1009817.375	13041.02637	11861.86426	0	0	1 //Безымянный Метеос
2144	200	200	200	1010032.625	13041.02734	9687.175781	0	0	1 //Безымянный Метеос
2144	200	200	200	1009961.75	13041.02637	8135.314941	0	0	1 //Безымянный Метеос
2144	200	200	200	1011436.063	13041.02734	7819.311523	0	0	1 //Безымянный Метеос
2144	200	200	200	1014228.625	13041.02734	9833.40918	0	0	1 //Безымянный Метеос
2144	200	200	200	1013861.813	13041.02637	9191.960938	0	0	1 //Безымянный Метеос
2144	200	200	200	1014133.063	13041.02637	7693.223633	0	0	1 //Безымянный Метеос
2144	200	200	200	1013798.125	13041.02637	5832.48291	0	0	1 //Безымянный Метеос
2144	200	200	200	1013809	13041.02637	3791.958984	0	0	1 //Безымянный Метеос
2144	200	200	200	1013788.563	13041.02637	2802.916504	0	0	1 //Безымянный Метеос
2144	200	200	200	1013694.625	13041.02637	1669.699219	0	0	1 //Безымянный Метеос
2144	200	200	200	1016108.375	13041.02637	1572.77832	0	0	1 //Безымянный Метеос
2144	200	200	200	1018696.25	13041.02734	1560.978516	0	0	1 //Безымянный Метеос
2144	200	200	200	1020075.625	13041.02637	2779.122314	0	0	1 //Безымянный Метеос
2144	200	200	200	1020104.313	13041.02637	5912.269043	0	0	1 //Безымянный Метеос
2144	200	200	200	1018522.063	13041.02734	7442.285645	0	0	1 //Безымянный Метеос
2144	200	200	200	1019431.875	13096.34863	7660.79541	0	0	1 //Безымянный Метеос
2144	200	200	200	1016466	13041.02832	7772.819336	0	0	1 //Безымянный Метеос
2144	200	200	200	1021507.688	13041.02637	7274.420898	0	0	1 //Безымянный Метеос
2144	200	200	200	1020273.063	13041.02539	9244.458984	0	0	1 //Безымянный Метеос
2144	200	200	200	1023668.438	13041.02637	7372.416992	0	0	1 //Безымянный Метеос
2144	200	200	200	1025462.063	13041.02539	7799.25293	0	0	1 //Безымянный Метеос
2144	200	200	200	1027772	13041.02637	7426.349609	0	0	1 //Безымянный Метеос
2144	200	200	200	1025698.063	13041.02539	5423.165527	0	0	1 //Безымянный Метеос
2144	200	200	200	1025960.625	13041.02734	2362.802246	0	0	1 //Безымянный Метеос
2144	200	200	200	1028860.125	13041.02637	1791.753052	0	0	1 //Безымянный Метеос
2144	200	200	200	1031105.25	13041.02637	1628.129517	0	0	1 //Безымянный Метеос
2144	200	200	200	1031606.813	13041.02734	3495.300049	0	0	1 //Безымянный Метеос
2144	200	200	200	1034634.25	13041.02539	1557.445557	0	0	1 //Безымянный Метеос
2144	200	200	200	1037845.688	13041.02637	1376.005981	0	0	1 //Безымянный Метеос
2144	200	200	200	1037838.75	13041.02637	3730.923584	0	0	1 //Безымянный Метеос
2144	200	200	200	1037779.875	13041.02637	6703.508789	0	0	1 //Безымянный Метеос
2144	200	200	200	1036462.25	13041.02637	7745.259766	0	0	1 //Безымянный Метеос
2144	200	200	200	1034049	13041.02637	7717.13623	0	0	1 //Безымянный Метеос
2144	200	200	200	1031815.063	13096.34961	7178.488281	0	0	1 //Безымянный Метеос
2144	200	200	200	1031435.063	13041.02637	6049.263672	0	0	1 //Безымянный Метеос
2144	200	200	200	1030317.625	13041.02637	7935.580078	0	0	1 //Безымянный Метеос
2144	200	200	200	1031499.25	13041.02539	8984.37207	0	0	1 //Безымянный Метеос
2144	200	200	200	1028114.813	13547.66504	13711	0	0	1 //Безымянный Метеос
2144	200	200	200	1026096.75	13547.66602	11477.18164	0	0	1 //Безымянный Метеос
2144	200	200	200	1024004.625	13547.66602	13393.79395	0	0	1 //Безымянный Метеос
2144	200	200	200	1026054.563	13547.66406	15456.37598	0	0	1 //Безымянный Метеос
2144	200	200	200	1025854.438	13602.98828	13336.83106	0	0	1 //Безымянный Метеос
2144	200	200	200	1021292.125	13114.5293	13863.99316	0	0	1 //Безымянный Метеос
2144	200	200	200	1020119.5	13041.02637	15930.0127	0	0	1 //Безымянный Метеос
2144	200	200	200	1020204.313	13041.02637	13767.64941	0	0	1 //Безымянный Метеос
2144	200	200	200	1018099	13041.02734	13521.23535	0	0	1 //Безымянный Метеос
2144	200	200	200	1020153.188	13041.02539	11712.31348	0	0	1 //Безымянный Метеос
2144	200	200	200	1015816.375	13041.02734	13513.86133	0	0	1 //Безымянный Метеос
2144	200	200	200	1013816.313	13041.02734	12268.83691	0	0	1 //Безымянный Метеос
2144	200	200	200	1030031.688	13235.37891	13403.19824	0	0	1 //Безымянный Метеос
2144	200	200	200	1031879	13041.02539	14192.08887	0	0	1 //Безымянный Метеос
2144	200	200	200	1031894.5	13041.02539	15298.83106	0	0	1 //Безымянный Метеос
2144	200	200	200	1034078.313	13041.02734	13455.6084	0	0	1 //Безымянный Метеос
2144	200	200	200	1035579.75	13041.02539	13395.47168	0	0	1 //Безымянный Метеос
2144	200	200	200	1037909.5	13041.02539	13551.80469	0	0	1 //Безымянный Метеос
2144	200	200	200	1037888.563	13041.02734	15822.11133	0	0	1 //Безымянный Метеос
2144	200	200	200	1037866.688	13041.02734	18679.44141	0	0	1 //Безымянный Метеос
2144	200	200	200	1036266.313	13041.02539	19524.00391	0	0	1 //Безымянный Метеос
2144	200	200	200	1033002.625	13041.02734	19587.99414	0	0	1 //Безымянный Метеос
2144	200	200	200	1032029.125	13041.02734	18600.7168	0	0	1 //Безымянный Метеос
2144	200	200	200	1031630.75	13096.3125	20034.30469	0	0	1 //Безымянный Метеос
2144	200	200	200	1032075.875	13041.02637	21393.83984	0	0	1 //Безымянный Метеос
2144	200	200	200	1030640.313	13041.02734	19578.44531	0	0	1 //Безымянный Метеос
2144	200	200	200	1031547.75	13041.02539	23790.80078	0	0	1 //Безымянный Метеос
2144	200	200	200	1031048	13041.02734	25754.68555	0	0	1 //Безымянный Метеос
2144	200	200	200	1029168.625	13041.02539	25670.83203	0	0	1 //Безымянный Метеос
2144	200	200	200	1027353.688	13041.02734	25880.96289	0	0	1 //Безымянный Метеос
2144	200	200	200	1025585.188	13041.02539	25607.96875	0	0	1 //Безымянный Метеос
2144	200	200	200	1025587.813	13041.02734	23717.48828	0	0	1 //Безымянный Метеос
2144	200	200	200	1025550.313	13041.02734	21861.43945	0	0	1 //Безымянный Метеос
2144	200	200	200	1028015.375	13041.02734	19522.41406	0	0	1 //Безымянный Метеос
2144	200	200	200	1026290.563	13041.02637	19716.67969	0	0	1 //Безымянный Метеос
2144	200	200	200	1024125.313	13041.02734	19994.14258	0	0	1 //Безымянный Метеос
2144	200	200	200	1021774.5	13041.02539	19620.32031	0	0	1 //Безымянный Метеос
2144	200	200	200	1019958.5	13041.02441	18087.40625	0	0	1 //Безымянный Метеос
2144	200	200	200	1020188.313	13096.34863	19642.61328	0	0	1 //Безымянный Метеос
2144	200	200	200	1018693.188	13041.02734	19514.70703	0	0	1 //Безымянный Метеос
2144	200	200	200	1020218.938	13041.02637	20939.67578	0	0	1 //Безымянный Метеос
2144	200	200	200	1020235.188	13041.02734	23518.11133	0	0	1 //Безымянный Метеос
2144	200	200	200	1020120.563	13041.02539	25556.53125	0	0	1 //Безымянный Метеос
2144	200	200	200	1022602.375	13041.02637	25647.31055	0	0	1 //Безымянный Метеос
2144	200	200	200	1023942.188	13041.02734	26127.02344	0	0	1 //Безымянный Метеос
2144	200	200	200	1016968	13041.02539	25660.08008	0	0	1 //Безымянный Метеос
2144	200	200	200	1031936.625	13041.02539	12088.24805	0	0	1 //Безымянный Метеос
2144	200	200	200	1026101.375	13210.7168	18039.76367	0	0	1 //Безымянный Метеос
2144	200	200	200	1026083.938	13294.32031	9703.174805	0	0	1 //Безымянный Метеос
2118	15	255	15	279513.875	17772.76758	80295.1875	1	0	1 // Без имени <Дэхэджин
2119	25	255	25	951192.3125	21359.10352	1160341	1	0	//безымянный <магический предмет
2120	190	190	190	1035051.625	14117.62012	381201.75	1	0	1 //без имени <печать
2124	200	200	200	1010305.25	13043.0332	30309.84961	1	0	//без названия <качество воды
2087	200	200	200	1010330.563	13043.0332	28901.14844	1	0	1 //Безымянный гастроном
2125	200	200	200	1039073.438	13185.79492	1597.36853	1	0	1 // без имени <слово
2474	190	10	255	960676.125	38661.55859	1275401.375	1	0	1 //Безымянный <Громовое тело
2475	190	10	255	958897.625	48917.76953	1281391	1	0	//безымянный <магический предмет
2476	110	110	110	972975.875	16947.93164	1012452.563	1	0	1 //без имени <печать
2478	130	130	130	973505.3125	16933.58594	758477.5625	1	0	1 //Безымянный <Пиромант>/нигниэль
2477	130	130	130	951962.5	16894.74805	784096.5625	1	0	1 //Безымянный <Громовой Тактик>/nVolt
2487	130	130	130	952064.375	16896.30859	785269.0625	1	0	1 //Безымянный Анри
908	10	10	255	201628.7813	11685.56445	232914.2656	0	0	1 //безымянное <событие>/nthunderbolt
908	255	255	5	189663.4375	23401.44336	107090.5391	0	0	1 //безымянное <событие>/nthunderbolt
908	255	10	10	360394.3125	15233.01172	295318.7188	0	0	1 //безымянное <событие>/nthunderbolt
908	10	255	10	426985.5938	21131.28125	139223.5938	0	0	1 //безымянное <событие>/nthunderbolt
909	10	10	255	208600.7656	11687.26953	230015.3438	0	0	1 //безымянное <событие>/naughty
909	10	255	10	427784.5938	21131.70508	140421.7813	0	0	1 //безымянное <событие>/naughty
909	255	255	5	192719.7969	23754.87891	103923.5781	0	0	1 //безымянное <событие>/naughty
909	255	10	10	360356.625	15242.91016	295752.1563	0	0	1 //безымянное <событие>/naughty
856	255	10	10	363694.125	15623.6709	298186.7813	0	0	1 //безымянное <событие>/n дерзкий
856	10	10	255	203571.5781	11687.75781	233001.3594	0	0	1 //безымянное <событие>/n дерзкий
856	10	255	10	426273.8125	21137.40234	142578.5313	0	0	1 //безымянное <событие>/n дерзкий
856	255	255	5	189394.7031	23489.82617	103170.7969	0	0	1 //безымянное <событие>/n дерзкий
954	255	10	10	362860.4063	15625.54981	298418.9688	0	0	1 //безымянный <собиратель камней>/н моаи
954	10	10	255	203104.2031	11686.54199	232252.8594	0	0	1 //безымянный <собиратель камней>/н моаи
954	10	255	10	425637.25	21131.00977	139191.5	0	0	1 //безымянный <собиратель камней>/н моаи
954	255	255	5	184443.4844	23838.10938	102677.2969	0	0	1 //безымянный <собиратель камней>/н моаи
709	255	10	10	360194.1875	15240.9082	296147.3438	0	0	1 //без имени <счастливая фасоль>/npea
709	10	10	255	200948.9219	11685.55078	233206.1563	0	0	1 //без имени <счастливая фасоль>/npea
709	10	255	10	428354.125	21134.04102	143412.1094	0	0	1 //без имени <счастливая фасоль>/npea
709	255	255	5	191054.9844	23635.40625	103161.5156	0	0	1 //без имени <счастливая фасоль>/npea
967	10	10	255	213417.8594	11690.12012	231362.1094	0	0	1 //безымянное <событие>/nperro
967	10	10	255	202379.4688	12497.5752	226254.0625	0	0	1 //безымянное <событие>/nperro
967	10	255	10	429796.5938	20660.95703	144153.3125	0	0	1 //безымянное <событие>/nperro
967	255	255	5	186394.375	23608.34766	105544.1406	0	0	1 //безымянное <событие>/nperro
967	255	10	10	359839	15259.08984	294693.5313	0	0	1 //безымянное <событие>/nperro
966	10	255	10	425234.4375	21133.97852	141257.5156	0	0	1 // Без имени <Родина
966	255	255	5	188225.1563	23528.24023	108079.1016	0	0	1 // Без имени <Родина
966	10	10	255	204561.5313	11689.5293	233006.5	0	0	1 // Без имени <Родина
966	255	10	10	359785.5	15229.72559	295970.5625	0	0	1 // Без имени <Родина
965	255	10	10	359961.3438	15252.26367	295261.6875	0	0	1 //Безымянный ♥Купидон♥
965	10	10	255	202854.0313	11689.60547	233974.5781	0	0	1 //Безымянный ♥Купидон♥
965	10	255	10	427709.9688	21132.0918	138145.3906	0	0	1 //Безымянный ♥Купидон♥
965	255	255	5	192105.875	23906.10742	101258.0156	0	0	1 //Безымянный ♥Купидон♥
964	255	255	5	187792.1563	23637.8125	102852.3359	0	0	1 //Безымянный <Событие>/nПродавец фейерверков
964	10	10	255	202144.1875	11689.64063	234205.6406	0	0	1 //Безымянный <Событие>/nПродавец фейерверков
964	10	255	10	425262.5	21134.93555	139653.2656	0	0	1 //Безымянный <Событие>/nПродавец фейерверков
964	255	10	10	359874.25	15215.00098	296349.5313	0	0	1 //Безымянный <Событие>/nПродавец фейерверков
959	10	10	255	201531.6094	12441.5918	225589.8594	0	0	1 // без имени <рождество
959	10	255	10	416278.7188	19804.4707	148714.6563	0	0	1 // без имени <рождество
959	255	10	10	357528.0313	15253.65234	297939.4688	0	0	1 // без имени <рождество
959	255	255	5	187636.3438	23447.45117	104615.3359	0	0	1 // без имени <рождество
717	255	10	10	352245.1875	16042.00977	298188.1875	0	0	1 //безымянный <событие>/nСанта-Клаус
960	255	10	10	358274.4063	15248.06836	297848.6875	0	0	1 //Безымянный <Рождество>/nMerry
961	10	10	255	202040.6406	12442.44922	225311.125	0	0	1 //безымянный <Рождество>/нхрис
962	10	255	10	415583.5313	19735.39844	148621.1875	0	0	1 //безымянный <рождество>/nmas
963	255	255	5	187676.4844	23433.44141	106114.3672	0	0	1 //безымянный <Рождество>/nDawkins
968	255	10	10	349587.9375	15734.2627	296027.0313	0	0	1 // без названия <платина
968	10	10	255	200564.1563	11687.31641	233873.2031	0	0	1 // без названия <платина
968	10	255	10	429366.6875	20667.8457	144341.3906	0	0	1 // без названия <платина
968	255	255	5	194980.6563	23920.81445	102067.2891	0	0	1 // без названия <платина
243	255	10	10	349880.125	16042.75879	296645.3438	0	0	1 // без имени <специальный
243	10	10	255	201098.3594	12497.22266	227291.8281	0	0	1 // без имени <специальный
243	255	255	5	191715.7813	23970.82813	109258.1016	0	0	1 // без имени <специальный
243	10	255	10	425215.8438	21132.41016	140878.1875	0	0	1 // без имени <специальный
1448	255	25	25	971250.125	13140.39258	1075254	0	0	1 //безымянное <событие>/npumpkin head
1448	25	255	25	970683.625	13774.74707	1155069.625	0	0	1 //безымянное <событие>/npumpkin head
1447	255	10	10	359622.0313	15230.41602	296528.2813	0	0	// без имени <R2
1447	10	10	255	201051.7188	12439.88281	225918.9844	0	0	// без имени <R2
1447	10	255	10	427378.625	21151.69336	142784.2344	0	0	// без имени <R2
1447	255	255	5	189377.875	23936.00195	110156	0	0	// без имени <R2
1449	255	60	60	391002	17142.41992	276854.9063	0	0	1 //Безымянный Наглый Кролик
1449	255	60	60	389227.9063	16518.58789	280213.1875	0	0	1 //Безымянный Наглый Кролик
1449	255	60	60	392954.1875	16190.75586	281085.875	0	0	1 //Безымянный Наглый Кролик
1449	255	60	60	391485.7813	16537.875	280522.7813	0	0	1 //Безымянный Наглый Кролик
1449	255	60	60	393195.1875	16340.69336	279257.4063	0	0	1 //Безымянный Наглый Кролик
1449	255	60	60	394210.2188	16148.78711	282089.6563	0	0	1 //Безымянный Наглый Кролик
1449	255	60	60	390115.0938	16605.94531	281123.375	0	0	1 //Безымянный Наглый Кролик
1449	255	60	60	388111.125	16163.2168	280639.5313	0	0	1 //Безымянный Наглый Кролик
1449	255	60	60	387047.875	16287.98633	277007.4063	0	0	1 //Безымянный Наглый Кролик
1449	255	60	60	389148.6875	16889.90625	277666.5	0	0	1 //Безымянный Наглый Кролик
1449	255	60	60	385763.375	16141.44336	278777.9063	0	0	1 //Безымянный Наглый Кролик
1449	255	60	60	383211.9063	16138.20703	279642.6563	0	0	1 //Безымянный Наглый Кролик
1449	255	60	60	384680.625	16155.1875	280584.875	0	0	1 //Безымянный Наглый Кролик
1449	255	60	60	385929.5625	16115.30664	280851.2813	0	0	1 //Безымянный Наглый Кролик
1449	255	80	80	423867.75	18039.71289	269172.0625	0	0	1 //Безымянный Наглый Кролик
1449	255	80	80	418854.9063	18006.4707	270864.2188	0	0	1 //Безымянный Наглый Кролик
1449	255	80	80	419692.3125	18049.48047	264625.5	0	0	1 //Безымянный Наглый Кролик
1449	255	80	80	418652.6563	18341.01758	275347.4688	0	0	1 //Безымянный Наглый Кролик
1449	255	80	80	421851.0625	18692.08984	274315.4688	0	0	1 //Безымянный Наглый Кролик
1449	255	80	80	416063.25	17909.91602	272337.7188	0	0	1 //Безымянный Наглый Кролик
1449	255	80	80	415361.4375	17851.73633	268160.0625	0	0	1 //Безымянный Наглый Кролик
1449	255	80	80	414088.4688	17766.64844	263261.6875	0	0	1 //Безымянный Наглый Кролик
1449	255	80	80	418148.8438	18132.36719	261203.6875	0	0	1 //Безымянный Наглый Кролик
1449	255	80	80	422126.4375	18009.53906	260738.3906	0	0	1 //Безымянный Наглый Кролик
1449	255	80	80	418687.4063	17930.6875	258675.1094	0	0	1 //Безымянный Наглый Кролик
1449	255	80	80	413347.2813	17931.02344	260784.0469	0	0	1 //Безымянный Наглый Кролик
1449	255	80	80	412402.6563	17975.74805	267850.4688	0	0	1 //Безымянный Наглый Кролик
1449	255	80	80	411595.7188	18000.29688	268249.6563	0	0	1 //Безымянный Наглый Кролик
1449	255	80	80	410649.6563	18000.2832	266909.2813	0	0	1 //Безымянный Наглый Кролик
1449	255	80	80	411719.25	17860.03711	262823.6563	0	0	1 //Безымянный Наглый Кролик
1449	255	80	80	421668.375	17761.51953	253518.1406	0	0	1 //Безымянный Наглый Кролик
1449	255	80	80	423799.1875	17779.66992	253860.9844	0	0	1 //Безымянный Наглый Кролик
1449	255	80	80	422216.9688	17817.16406	256052.9688	0	0	1 //Безымянный Наглый Кролик
1449	255	80	80	421376.9063	17730.02734	251563.8125	0	0	1 //Безымянный Наглый Кролик
1449	255	80	80	424146.1563	17904.14258	249730.2969	0	0	1 //Безымянный Наглый Кролик
1449	90	90	90	953450.1875	16713.01563	720324.1875	0	0	1 //Безымянный Наглый Кролик
1449	90	90	90	957847.875	16652.82031	719743.5625	0	0	1 //Безымянный Наглый Кролик
1449	90	90	90	960149.375	16689.98828	717324.1875	0	0	1 //Безымянный Наглый Кролик
1449	90	90	90	960397.6875	16651.04883	711600.625	0	0	1 //Безымянный Наглый Кролик
1449	90	90	90	960700.75	16693.94141	700808.8125	0	0	1 //Безымянный Наглый Кролик
1449	90	90	90	963437.875	16694.80078	698844.5625	0	0	1 //Безымянный Наглый Кролик
1449	90	90	90	966724.875	16764.45508	698944.1875	0	0	1 //Безымянный Наглый Кролик
1449	90	90	90	971196.125	16770.41016	698784.6875	0	0	1 //Безымянный Наглый Кролик
1449	90	90	90	962465.0625	16680.79688	708801	0	0	1 //Безымянный Наглый Кролик
1449	20	20	20	967128.6875	14020.25391	70715.14844	0	0	1 //Безымянный Наглый Кролик
1449	20	20	20	966529.9375	14388.99609	72845.29688	0	0	1 //Безымянный Наглый Кролик
1449	20	20	20	964541.75	14546.98047	72208.82813	0	0	1 //Безымянный Наглый Кролик
1449	20	20	20	961416.9375	14533.47461	73030.3125	0	0	1 //Безымянный Наглый Кролик
1449	20	20	20	957838.3125	14522.14648	71591.16406	0	0	1 //Безымянный Наглый Кролик
1449	20	20	20	956683.1875	14552.30273	69521.03906	0	0	1 //Безымянный Наглый Кролик
1449	20	20	20	955942.9375	14547.81348	71476.27344	0	0	1 //Безымянный Наглый Кролик
1449	20	20	20	955210.75	14541.49414	68499	0	0	1 //Безымянный Наглый Кролик
1449	20	20	20	957025.625	14557.26563	68993.57031	0	0	1 //Безымянный Наглый Кролик
1449	20	20	20	955583	14545.43555	69115.88281	0	0	1 //Безымянный Наглый Кролик
1449	20	20	20	955063.8125	14539.2041	72223.77344	0	0	1 //Безымянный Наглый Кролик
1449	20	20	20	950352.125	14532.06543	89141.17969	0	0	1 //Безымянный Наглый Кролик
1449	20	20	20	951205.3125	14530.53125	88614.85938	0	0	1 //Безымянный Наглый Кролик
1449	255	120	120	296923.9375	12357.05859	335147	0	0	1 //Безымянный Наглый Кролик
1449	255	120	120	296164.25	12368	334801.6875	0	0	1 //Безымянный Наглый Кролик
1449	255	120	120	296417.8438	12368	333883.9063	0	0	1 //Безымянный Наглый Кролик
1449	255	120	120	297247.5313	12302.2334	334238.1563	0	0	1 //Безымянный Наглый Кролик
1449	255	120	120	297698.6875	12367.99707	336867.4375	0	0	1 //Безымянный Наглый Кролик
1449	255	120	120	298979.5	12367.99609	336764.2188	0	0	1 //Безымянный Наглый Кролик
1449	255	120	120	299942.625	12242.07813	335167.5	0	0	1 //Безымянный Наглый Кролик
1449	255	120	120	299555.625	12095.0752	333871.4375	0	0	1 //Безымянный Наглый Кролик
1449	255	120	120	301137.5938	12318.95898	335483.8438	0	0	1 //Безымянный Наглый Кролик
1449	255	120	120	299492.3438	12350.91797	336146.4688	0	0	1 //Безымянный Наглый Кролик
1449	255	120	120	302308.875	12095.0957	333862.9688	0	0	1 //Безымянный Наглый Кролик
1449	255	120	120	302353.1875	12322.49121	335366.4375	0	0	1 //Безымянный Наглый Кролик
1449	255	120	120	303357.5	12307.17578	334012.7188	0	0	1 //Безымянный Наглый Кролик
1449	255	120	120	300894.0625	12112.22266	334335.0938	0	0	1 //Безымянный Наглый Кролик
1449	255	120	120	300789.375	12364.79102	336912.9375	0	0	1 //Безымянный Наглый Кролик
1449	255	130	130	281572.7188	14933.20313	233305.9688	0	0	1 //Безымянный Наглый Кролик
1449	255	130	130	282224.75	15053.99805	234294.9219	0	0	1 //Безымянный Наглый Кролик
1449	255	130	130	281285.4063	15168.85254	235945.2813	0	0	1 //Безымянный Наглый Кролик
1449	255	130	130	282288.0313	15125.35352	236580.8125	0	0	1 //Безымянный Наглый Кролик
1449	255	130	130	281060.0625	15233.85449	237966.375	0	0	1 //Безымянный Наглый Кролик
1449	255	130	130	280551.5625	15421.35645	238719.6406	0	0	1 //Безымянный Наглый Кролик
1449	255	130	130	282601.2813	15169.94824	237969.5	0	0	1 //Безымянный Наглый Кролик
1449	255	130	130	281852.75	15139.85352	237245.9844	0	0	1 //Безымянный Наглый Кролик
1449	255	130	130	283389.75	15157.63867	237297.1406	0	0	1 //Безымянный Наглый Кролик
1449	255	130	130	283821.75	15200.70117	238159.2969	0	0	1 //Безымянный Наглый Кролик
1449	255	130	130	281886.3125	15244.71094	238598.6563	0	0	1 //Безымянный Наглый Кролик
1449	255	130	130	279154.5938	15918.15039	239196.1563	0	0	1 //Безымянный Наглый Кролик
1449	40	40	255	264082.2813	19908.51172	297335.1875	0	0	1 //Безымянный Наглый Кролик
1449	40	40	255	260784.9375	20041.22852	299982.1563	0	0	1 //Безымянный Наглый Кролик
1449	40	40	255	260595.0156	20212.93945	296881.4063	0	0	1 //Безымянный Наглый Кролик
1449	40	40	255	262220.0938	20148.07813	295264.7188	0	0	1 //Безымянный Наглый Кролик
1449	40	40	255	265434.5313	19852.45313	297864.0313	0	0	1 //Безымянный Наглый Кролик
1449	40	40	255	265831.6875	19542.45117	296717.25	0	0	1 //Безымянный Наглый Кролик
1449	40	40	255	267921.0938	19730.30664	297160.5	0	0	1 //Безымянный Наглый Кролик
1449	40	40	255	268187.5313	19365.55078	294772.7813	0	0	1 //Безымянный Наглый Кролик
1449	40	40	255	265802.6563	20150.75977	294379	0	0	1 //Безымянный Наглый Кролик
1449	40	40	255	270714.125	19115.06836	293521.375	0	0	1 //Безымянный Наглый Кролик
1449	40	40	255	269500.1875	19752.70703	292021.0313	0	0	1 //Безымянный Наглый Кролик
1449	40	40	255	272109.2813	19097.05859	293239.0313	0	0	1 //Безымянный Наглый Кролик
1449	40	40	255	267723.1875	20213.35352	298610.9688	0	0	1 //Безымянный Наглый Кролик
1449	40	40	255	262738.375	20144.51367	293668.4375	0	0	1 //Безымянный Наглый Кролик
1449	50	50	255	118774.25	16727.66016	185238.0938	0	0	1 //Безымянный Наглый Кролик
1449	50	50	255	119522.4453	16725.82813	187009.2656	0	0	1 //Безымянный Наглый Кролик
1449	50	50	255	117193.2734	16828.22266	187155	0	0	1 //Безымянный Наглый Кролик
1449	50	50	255	118841.5391	16727.07227	187839.5781	0	0	1 //Безымянный Наглый Кролик
1449	50	50	255	117109.6172	16814.26563	190652.0625	0	0	1 //Безымянный Наглый Кролик
1449	50	50	255	120403.5703	16861.38086	192433.4063	0	0	1 //Безымянный Наглый Кролик
1449	50	50	255	121142.6953	16730.53125	191077.7969	0	0	1 //Безымянный Наглый Кролик
1449	50	50	255	121792.375	16650.07422	194165.5156	0	0	1 //Безымянный Наглый Кролик
1449	50	50	255	120306.7656	17350.69141	195370.4063	0	0	1 //Безымянный Наглый Кролик
1449	0	0	255	121624.3672	16711.79297	197168.4219	0	0	1 //Безымянный Наглый Кролик
1449	50	50	255	123510.7422	16762.51563	194775.5156	0	0	1 //Безымянный Наглый Кролик
1449	50	50	255	123192.3828	16764.55078	192058.2656	0	0	1 //Безымянный Наглый Кролик
1449	50	50	255	125700.6328	17080.41797	188227.1875	0	0	1 //Безымянный Наглый Кролик
1449	50	50	255	121799.0938	16713.52734	187446.5781	0	0	1 //Безымянный Наглый Кролик
1449	50	50	255	124151.6094	16913.48047	189732.5	0	0	1 //Безымянный Наглый Кролик
1449	170	170	170	1037582.875	13252.14453	69574.24219	0	0	1 //Безымянный Наглый Кролик
1449	170	170	170	1031760.125	13232.64063	66512.85938	0	0	1 //Безымянный Наглый Кролик
1449	170	170	170	1031655.375	13235.74219	69914.85938	0	0	1 //Безымянный Наглый Кролик
1449	170	170	170	1032725	13247.11914	70996.03906	0	0	1 //Безымянный Наглый Кролик
1449	170	170	170	1030247.375	13244.17773	71053.51563	0	0	1 //Безымянный Наглый Кролик
1449	170	170	170	1027717.438	13667.49609	71117.16406	0	0	1 //Безымянный Наглый Кролик
1449	170	170	170	1025873.438	13968.9082	69263.08594	0	0	1 //Безымянный Наглый Кролик
1449	170	170	170	1025543.375	13970.78418	69581.92188	0	0	1 //Безымянный Наглый Кролик
1449	170	170	170	1025956.063	13974.72168	69833.47656	0	0	1 //Безымянный Наглый Кролик
1449	170	170	170	1025689.25	13972.27441	70222.39844	0	0	1 //Безымянный Наглый Кролик
1449	170	170	170	1025521.938	13970.97363	70925.80469	0	0	1 //Безымянный Наглый Кролик
1449	170	170	170	1024501.563	13961.61816	71015.14844	0	0	1 //Безымянный Наглый Кролик
1449	170	170	170	1025694.25	13973.33008	71887.86719	0	0	1 //Безымянный Наглый Кролик
1449	170	170	170	1025761.625	13974.36621	72691.14844	0	0	1 //Безымянный Наглый Кролик
1449	170	170	170	1026493.188	13980.60742	70980.75	0	0	1 //Безымянный Наглый Кролик
1449	170	170	170	1023381.938	13975.07813	70989.97656	0	0	1 //Безымянный Наглый Кролик
1449	170	170	170	1021558.063	13964.875	71080.21094	0	0	1 //Безымянный Наглый Кролик
1449	170	170	170	1025667.813	13954.40625	73705.08594	0	0	1 //Безымянный Наглый Кролик
1449	170	170	170	1025827.375	13924.95117	74740.625	0	0	1 //Безымянный Наглый Кролик
1449	170	170	170	1026084.5	13924.22461	75845.53125	0	0	1 //Безымянный Наглый Кролик
1449	80	80	255	167276	17506	315389.6563	0	0	1 //Безымянный Наглый Кролик
1449	80	80	255	167335.375	17506	317291.125	0	0	1 //Безымянный Наглый Кролик
1449	80	80	255	166852.0469	17506	318950.5313	0	0	1 //Безымянный Наглый Кролик
1449	80	80	255	167842.5781	17506	320682.8125	0	0	1 //Безымянный Наглый Кролик
1449	80	80	255	167332.2656	17506	323254.4063	0	0	1 //Безымянный Наглый Кролик
1449	80	80	255	167174.4844	17512.25781	325236.7813	0	0	1 //Безымянный Наглый Кролик
1449	80	80	255	165141.0938	17506	324861.125	0	0	1 //Безымянный Наглый Кролик
1449	80	80	255	164395.9219	17563.39453	325479.0625	0	0	1 //Безымянный Наглый Кролик
1449	80	80	255	163918.0313	17515.26563	324989.875	0	0	1 //Безымянный Наглый Кролик
1449	80	80	255	161512.5313	17506.0957	324902.75	0	0	1 //Безымянный Наглый Кролик
1449	80	80	255	160982.7188	17506.1875	325462.6563	0	0	1 //Безымянный Наглый Кролик
1449	80	80	255	160451.3906	17506	324861.75	0	0	1 //Безымянный Наглый Кролик
1449	80	80	255	158422.3594	17507.78125	325051.125	0	0	1 //Безымянный Наглый Кролик
1449	80	80	255	158625.3594	17506	323008.0313	0	0	1 //Безымянный Наглый Кролик
1449	80	80	255	158319.4844	17506	320966.4688	0	0	1 //Безымянный Наглый Кролик
1449	80	80	255	159215.6094	17506	319700.875	0	0	1 //Безымянный Наглый Кролик
1449	80	80	255	158194.9375	17506	317958.3438	0	0	1 //Безымянный Наглый Кролик
1449	80	80	255	159173.875	17506	316918.0938	0	0	1 //Безымянный Наглый Кролик
1449	80	80	255	158861.1719	17506	315134.3125	0	0	1 //Безымянный Наглый Кролик
1449	120	120	255	194993.8281	16613.8125	149247.8906	0	0	1 //Безымянный Наглый Кролик
1449	120	120	255	196336.3125	16525.27344	148762.7656	0	0	1 //Безымянный Наглый Кролик
1449	120	120	255	196698.0938	16554.92969	149592.2188	0	0	1 //Безымянный Наглый Кролик
1449	120	120	255	197337.0781	16611.10938	149320.1875	0	0	1 //Безымянный Наглый Кролик
1449	120	120	255	195502.5156	16578.39063	149968.3906	0	0	1 //Безымянный Наглый Кролик
1449	120	120	255	192234.3281	17413.37891	149599.2188	0	0	1 //Безымянный Наглый Кролик
1449	120	120	255	192273.0625	16937.93359	154378.875	0	0	1 //Безымянный Наглый Кролик
1449	120	120	255	191345.4531	16823.625	153631.7031	0	0	1 //Безымянный Наглый Кролик
1449	120	120	255	190577.0625	16993.2832	150294.125	0	0	1 //Безымянный Наглый Кролик
1449	120	120	255	189442	16817.67188	145239.4531	0	0	1 //Безымянный Наглый Кролик
1449	120	120	255	191040.2344	16884.42383	142715.375	0	0	1 //Безымянный Наглый Кролик
1449	120	120	255	192590.4375	17101.50195	142178.7188	0	0	1 //Безымянный Наглый Кролик
1449	120	120	255	187827.2188	16542.8418	141957.2188	0	0	1 //Безымянный Наглый Кролик
1449	0	0	255	185434.375	16858.82813	139991.3281	0	0	1 //Безымянный Наглый Кролик
1449	0	0	255	185371.2344	16711.26172	140902.7188	0	0	1 //Безымянный Наглый Кролик
1449	120	120	255	187251.1094	16580.59766	144605.9531	0	0	1 //Безымянный Наглый Кролик
1449	120	120	255	187079.5938	16380.16406	147610.7813	0	0	1 //Безымянный Наглый Кролик
1449	120	120	255	188783.1875	16765.30078	148099.2813	0	0	1 //Безымянный Наглый Кролик
1449	20	250	20	1075948	15454.05078	217775.3281	0	0	1 //Безымянный Наглый Кролик
1449	20	250	20	1083332.625	15174.17871	217976.0313	0	0	1 //Безымянный Наглый Кролик
1449	20	250	20	1084808.625	14858.90234	212911.4531	0	0	1 //Безымянный Наглый Кролик
1449	20	250	20	1094410.375	14389.44727	216014.0938	0	0	1 //Безымянный Наглый Кролик
1449	20	250	20	1085300.125	14835.41406	210496.1094	0	0	1 //Безымянный Наглый Кролик
1449	20	250	20	1090920.625	14833.22852	208843.1094	0	0	1 //Безымянный Наглый Кролик
1449	20	250	20	1081092.375	15095.77148	205485.625	0	0	1 //Безымянный Наглый Кролик
1449	20	250	20	1079307.875	13949.53809	190647.9531	0	0	1 //Безымянный Наглый Кролик
1449	20	250	20	1074299	15197.24023	205132.25	0	0	1 //Безымянный Наглый Кролик
1449	20	250	20	1077516	14764.44727	212476.4375	0	0	1 //Безымянный Наглый Кролик
1449	20	250	20	1088633.875	14156.27051	198127.125	0	0	1 //Безымянный Наглый Кролик
1449	20	250	20	1097896	14218.16016	202517.7344	0	0	1 //Безымянный Наглый Кролик
1449	20	250	20	1100716.125	14660.30957	209240.375	0	0	1 //Безымянный Наглый Кролик
1449	100	250	100	1096171.25	13239.64941	702320.8125	0	0	1 //Безымянный Наглый Кролик
1449	100	250	100	1096533.25	13050.80859	703838	0	0	1 //Безымянный Наглый Кролик
1449	100	250	100	1095469.375	13248.39258	704951.25	0	0	1 //Безымянный Наглый Кролик
1449	100	250	100	1093484.625	13263.29883	702827.4375	0	0	1 //Безымянный Наглый Кролик
1449	100	250	100	1093514.75	13317.17285	703677.6875	0	0	1 //Безымянный Наглый Кролик
1449	100	250	100	1092067.5	13322.52148	703732.4375	0	0	1 //Безымянный Наглый Кролик
1449	100	250	100	1088872.125	13298.37891	703605.75	0	0	1 //Безымянный Наглый Кролик
1449	100	250	100	1090041.375	13332.65039	703600.625	0	0	1 //Безымянный Наглый Кролик
1449	100	250	100	1086603.875	13309.80078	702078.8125	0	0	1 //Безымянный Наглый Кролик
1449	100	250	100	1086519.625	13299.93848	705799.5625	0	0	1 //Безымянный Наглый Кролик
1449	100	250	100	1087301.875	13350.52539	704478.8125	0	0	1 //Безымянный Наглый Кролик
1449	100	250	100	1086378.875	13296.00391	700542.6875	0	0	1 //Безымянный Наглый Кролик
1449	100	250	100	1086408.125	13282.30664	708624.8125	0	0	1 //Безымянный Наглый Кролик
1449	150	250	150	1147073.875	14830.75098	75301.30469	0	0	1 //Безымянный Наглый Кролик
1449	150	250	150	1146274	14820.26563	75617.67969	0	0	1 //Безымянный Наглый Кролик
1449	150	250	150	1145791.375	14912.95313	76703.14844	0	0	1 //Безымянный Наглый Кролик
1449	150	250	150	1145881.375	14875.5	77828.8125	0	0	1 //Безымянный Наглый Кролик
1449	150	250	150	1146067.25	14774.81641	79203.59375	0	0	1 //Безымянный Наглый Кролик
1449	150	250	150	1145992.125	14783.7207	80492.28906	0	0	1 //Безымянный Наглый Кролик
1449	150	250	150	1147617.875	14777.48242	79432.08594	0	0	1 //Безымянный Наглый Кролик
1449	150	250	150	1148386.25	14794.12207	79449.0625	0	0	1 //Безымянный Наглый Кролик
1449	150	250	150	1149653.5	14758.37402	79402.14844	0	0	1 //Безымянный Наглый Кролик
1449	150	250	150	1145882.5	14886.98047	82013.88281	0	0	1 //Безымянный Наглый Кролик
1449	150	250	150	1145953	14754.12988	83573.05469	0	0	1 //Безымянный Наглый Кролик
1449	50	255	50	236010.1094	11333.44727	115903.7969	0	0	1 //Безымянный Наглый Кролик
1449	50	255	50	236548.7656	11333.93555	114573.7969	0	0	1 //Безымянный Наглый Кролик
1449	50	255	50	238237.5938	11334	115748.8984	0	0	1 //Безымянный Наглый Кролик
1449	50	255	50	240848.3594	11333.98926	115562.4531	0	0	1 //Безымянный Наглый Кролик
1449	50	255	50	243150.0313	11307.43164	116037.6953	0	0	1 //Безымянный Наглый Кролик
1449	50	255	50	249282.6719	11333	122009.1875	0	0	1 //Безымянный Наглый Кролик
1449	50	255	50	252450.2656	11350.61328	121001.1875	0	0	1 //Безымянный Наглый Кролик
1449	50	255	50	252062.75	11332.18164	119583.5313	0	0	1 //Безымянный Наглый Кролик
1449	50	255	50	253836.8125	11340.70703	119627.9453	0	0	1 //Безымянный Наглый Кролик
1449	50	255	50	242801.8438	11304	115652.6094	0	0	1 //Безымянный Наглый Кролик
1449	50	255	50	243951	11290.49707	115949.8047	0	0	1 //Безымянный Наглый Кролик
1449	50	255	50	251031.4063	11330.79004	120804.0234	0	0	1 //Безымянный Наглый Кролик
1449	50	255	50	253132.0313	11498.75488	122084.4766	0	0	1 //Безымянный Наглый Кролик
1449	50	255	50	255311.6719	11338.26367	120272.6719	0	0	1 //Безымянный Наглый Кролик
1449	50	255	50	259751.875	11332.99609	119547.2266	0	0	1 //Безымянный Наглый Кролик
1449	60	255	60	394641.625	25048.03711	194481.8906	0	0	1 //Безымянный Наглый Кролик
1449	60	255	60	393162.8438	24993.68945	194490.4688	0	0	1 //Безымянный Наглый Кролик
1449	60	255	60	394715.5313	24672.51172	188645.7344	0	0	1 //Безымянный Наглый Кролик
1449	60	255	60	393824.7813	24681.31836	186656.5469	0	0	1 //Безымянный Наглый Кролик
1449	60	255	60	394184.25	23937.86914	184769.1719	0	0	1 //Безымянный Наглый Кролик
1449	60	255	60	394196.5938	23697.96875	181405.7031	0	0	1 //Безымянный Наглый Кролик
1449	60	255	60	396125.9375	22756.47266	179029.2344	0	0	1 //Безымянный Наглый Кролик
1449	60	255	60	396648.5	23359.50391	183151.3125	0	0	1 //Безымянный Наглый Кролик
1449	60	255	60	398620.3125	23199.57813	181082.3281	0	0	1 //Безымянный Наглый Кролик
1449	60	255	60	402441.7188	23871.81445	182872.1563	0	0	1 //Безымянный Наглый Кролик
1449	60	255	60	403865.5	23914.92578	182047.3281	0	0	1 //Безымянный Наглый Кролик
1449	60	255	60	397584.3438	23786.24609	185879.3906	0	0	1 //Безымянный Наглый Кролик
1449	60	255	60	399762.9688	24603.17773	187884.2188	0	0	1 //Безымянный Наглый Кролик
1449	60	255	60	397271.7188	24738.28125	189445.4375	0	0	1 //Безымянный Наглый Кролик
1449	70	255	70	470393.6875	22544.67578	132976.0781	0	0	1 //Безымянный Наглый Кролик
1449	70	255	70	470296.0313	22889.29688	134330.8594	0	0	1 //Безымянный Наглый Кролик
1449	70	255	70	467458.4063	22307.75195	131604.9688	0	0	1 //Безымянный Наглый Кролик
1449	70	255	70	466140.125	22073.98047	132513.6875	0	0	1 //Безымянный Наглый Кролик
1449	70	255	70	466129.1875	21961.21484	134409.4531	0	0	1 //Безымянный Наглый Кролик
1449	70	255	70	466464.9063	22078.94141	137052.375	0	0	1 //Безымянный Наглый Кролик
1449	70	255	70	468130.4375	22110.99219	140283.1875	0	0	1 //Безымянный Наглый Кролик
1449	70	255	70	467798	22243.72852	138952.4063	0	0	1 //Безымянный Наглый Кролик
1449	70	255	70	464926.7188	22000.31055	132747.625	0	0	1 //Безымянный Наглый Кролик
1449	70	255	70	465183.625	21967.00195	134461.6875	0	0	1 //Безымянный Наглый Кролик
1449	90	255	90	329271.375	23099.18359	85622.89063	0	0	1 //Безымянный Наглый Кролик
1449	90	255	90	329714.125	23108.95703	87671.42969	0	0	1 //Безымянный Наглый Кролик
1449	90	255	90	329308.5	23101.91797	88860.82031	0	0	1 //Безымянный Наглый Кролик
1449	90	255	90	327353.4688	23103.78125	89613.82813	0	0	1 //Безымянный Наглый Кролик
1449	90	255	90	325840.6875	23092.35156	89381.29688	0	0	1 //Безымянный Наглый Кролик
1449	90	255	90	324833.9063	23095.02344	87278.17969	0	0	1 //Безымянный Наглый Кролик
1449	90	255	90	325115.75	23088.49219	86182.86719	0	0	1 //Безымянный Наглый Кролик
1449	90	255	90	327170.25	23100.20508	84986.125	0	0	1 //Безымянный Наглый Кролик
1449	90	255	90	327143.75	23094.17578	92064.74219	0	0	1 //Безымянный Наглый Кролик
1449	255	255	25	165589.25	26406.0293	82296.83594	0	0	1 //Безымянный Наглый Кролик
1449	255	255	20	163048.4063	28369.61523	81570.39844	0	0	1 //Безымянный Наглый Кролик
1449	255	255	25	161544.2969	26389.00391	85300.74219	0	0	1 //Безымянный Наглый Кролик
1449	255	255	25	163500.6094	26382.07813	84837.51563	0	0	1 //Безымянный Наглый Кролик
1449	255	255	25	155973.7969	26386.53125	86948.57031	0	0	1 //Безымянный Наглый Кролик
1449	255	255	25	158806.1563	26394.87109	85793.1875	0	0	1 //Безымянный Наглый Кролик
1449	255	255	25	171123.75	26394.04688	80078.96875	0	0	1 //Безымянный Наглый Кролик
1449	255	255	25	173080.3125	26392.26367	78110.92188	0	0	1 //Безымянный Наглый Кролик
1449	255	255	25	176964.8594	26392.98242	76362.61719	0	0	1 //Безымянный Наглый Кролик
1449	255	255	35	138904.2344	20253.29492	147223.7344	0	0	1 //Безымянный Наглый Кролик
1449	255	255	35	139124.5625	20084.55078	145272.9531	0	0	1 //Безымянный Наглый Кролик
1449	255	255	35	142328.4063	20392.23242	147723.5156	0	0	1 //Безымянный Наглый Кролик
1449	255	255	35	142699.2969	20243.53711	139562.3438	0	0	1 //Безымянный Наглый Кролик
1449	255	255	35	137648.4844	20451.86914	140904.25	0	0	1 //Безымянный Наглый Кролик
1449	255	255	35	135668.8281	20293.35742	132935.8281	0	0	1 //Безымянный Наглый Кролик
1449	255	255	35	132795.3906	20383.83203	138445.0469	0	0	1 //Безымянный Наглый Кролик
1449	255	255	35	126335.7813	20460.79297	142046.3438	0	0	1 //Безымянный Наглый Кролик
1449	255	255	35	131233.1563	20502.61523	146442.6719	0	0	1 //Безымянный Наглый Кролик
1449	255	255	35	131859.2031	20450.69336	143092.8438	0	0	1 //Безымянный Наглый Кролик
1449	255	255	35	126161.8594	20435.84766	146364.8438	0	0	1 //Безымянный Наглый Кролик
1449	255	255	35	133089.2031	20577	148989.75	0	0	1 //Безымянный Наглый Кролик
1449	255	255	35	133109.2031	20577	148987.5938	0	0	1 //Безымянный Наглый Кролик
1449	255	255	35	134921.5625	20379.99023	146927.9375	0	0	1 //Безымянный Наглый Кролик
1449	255	255	45	49104.33594	16939.20508	170346.2969	0	0	1 //Безымянный Наглый Кролик
1449	255	255	45	47618.19141	16682.33203	168000.6563	0	0	1 //Безымянный Наглый Кролик
1449	255	255	45	46099.02734	16594.91211	165538.25	0	0	1 //Безымянный Наглый Кролик
1449	255	255	45	41524.84766	16594	163949.5938	0	0	1 //Безымянный Наглый Кролик
1449	255	255	45	41520.78125	16617.27148	167382.2188	0	0	1 //Безымянный Наглый Кролик
1449	255	255	45	39754.16016	16594	164943.9531	0	0	1 //Безымянный Наглый Кролик
1449	255	255	45	39262.30859	16595.0625	162390.2813	0	0	1 //Безымянный Наглый Кролик
1574	255	10	10	359681.6563	15236.85449	296817	0	0	1 //Безымянный <Кузнец>/nKaya
1575	90	255	90	326355.6563	22913.71484	96748.14063	0	0	1 // безымянный хидо
1615	10	10	255	203579.2344	12440.35254	225069.3594	0	0	1 //Безымянный Кано
1617	10	255	10	425571.0313	21131.01953	138167.6094	0	0	1 //Безымянная Джейн
1618	10	255	10	425790.5625	21131.94531	138177.75	0	0	1 //Безымянная Джейн/n
1616	10	10	255	203763.375	12440.38477	224922.4063	0	0	1 //Безымянный Кано/n
1614	255	10	10	359329.25	15250.28711	296653.5	0	0	1 //Безымянный <Кузнец>/nKaya/n
1564	255	10	10	363879.4375	15776.85156	292507.125	0	0	1 //безымянный <в любви
1565	0	0	255	183066	16530.48438	142589.2969	0	0	1 // нет имени <имя
1566	60	255	60	393494.5313	23782.84375	183584.5313	0	0	1 //безымянный <страх
1567	40	255	40	340750	11234.89844	147484.3594	0	0	1 // безымянный <сердитый
1568	255	10	10	362111.25	15610.79688	294669.6875	0	0	1 //без названия <шоколад
1569	255	10	10	363853.1563	15777.17578	292665.0313	0	0	1 //без имени <разочарован
1571	60	255	60	393395.1875	23946.87695	184603.8906	0	0	1 //безымянный <застенчивый
1570	0	0	255	182637.0469	16487.08203	142988.0781	0	0	1 // нет имени <мяч
1572	40	255	40	340373.5313	11234.28711	147941.3906	0	0	1 // без имени <far
1573	255	10	10	362006.5313	15609.90918	294497.6563	0	0	1 // без названия <конфета
2038	255	10	10	358260.1875	15609.9043	299302.4688	0	0	1 //безымянное <событие>/ncarlos
1448	255	10	10	360637.6875	15256.08789	296075.0313	0	0	1 //безымянное <событие>/npumpkin head
856	255	10	10	360080.7188	15231.68945	295788.8125	0	0	1 //безымянное <событие>/n дерзкий
2230	255	10	10	359512.2188	15240.75098	293091.3438	0	0	1 //безымянное <событие>/нугли
3086	255	10	10	359678.6563	15231.16699	296256.2188	1	0	1 //безымянное <событие>/нберака
3086	255	10	10	359678.6563	15231.16699	296256.2188	0	2	1 //безымянное <событие>/нберака
110263	255	10	10	357949.8125	15251.84961	292739.75	0	0	1 //безымянное <событие>/n по кругу
110263	255	10	10	357949.8125	15251.84961	292739.75	0	2	1 //безымянное <событие>/n по кругу
110264	255	10	10	357516.0313	15257.49316	292691.2813	0	0	1 //безымянное <событие>/nmoonriver
118153	255	10	10	352177.8438	15483.40332	288332.0938	0	0	1 //Безымянный Рудольф Драко
118077	255	10	10	361408.8125	15230.10547	296488.5	0	0	//Безымянный Осенний Пылающий Странник
118154	255	10	10	361295.5	15610.02539	290980	0	0	1 //Безымянный хранитель Нового года
130009	255	255	5	185604.6719	23998.99414	100835	0	0	1 //безымянный <событие>/nconsumables поставщик поддержки
129871	255	10	10	360503.875	15609.98731	290898.1563	0	0	1 //безымянный <событие> светящийся
380	255	10	10	352532.4375	16041.43945	298860.3438	0	0	1 //безымянное <событие>/nyost
380	10	10	255	203716.5938	12441.59082	224218.9531	0	0	1 //безымянное <событие>/nyost
380	10	255	10	422962.75	21558.99219	140625.9688	0	0	1 //безымянное <событие>/nyost
380	255	255	5	192085.6875	23610.03125	105447.6875	0	0	1 //безымянное <событие>/nyost
1982	255	10	10	361565.5313	15609.95898	292573.1875	0	0	1 //Безымянный <опыт трансформации>/n Эсперанд
1982	10	10	255	203207.3438	12441.38672	226126.5625	0	0	1 //Безымянный <опыт трансформации>/n Эсперанд
1982	255	10	255	785029.875	13991.35059	690587.4375	0	0	1 //Безымянный <опыт трансформации>/n Эсперанд
1982	30	255	255	740782.875	21489.13086	58255.25391	0	0	1 //Безымянный <опыт трансформации>/n Эсперанд
1982	20	255	255	688132.75	13431.82324	9272.126953	0	0	1 //Безымянный <опыт трансформации>/n Эсперанд
1982	40	255	255	696572.375	13274.64356	106462.4219	0	0	1 //Безымянный <опыт трансформации>/n Эсперанд
937	255	10	10	348034.3438	16297.62988	298460.3125	0	0	1 //Без имени <дополнительная служба>/nhelper
901	255	10	10	350147.2813	16299.08887	301714.8125	0	0	1 //безымянное <событие>/nunknown
938	255	10	10	352433.1563	15916.78906	292959.2813	0	0	1 //безымянный <интеграция с сервером>/nadmin
857	255	10	10	351338.3125	16040.59277	299454.2813	0	0	1 //Безымянный <Гадалка>/нКаган
928	255	10	10	354739.0625	15567.03027	302297.3125	0	0	1 //безымянный <из Аида
929	255	10	10	349036.2813	15919.68359	292157.8125	0	0	1 //Безымянный <Золотой сундук с сокровищами>/nopener
945	255	10	10	349757.2813	16042.77441	296924.1563	0	0	1 //безымянный <материал>/nhelper
939	255	10	10	361943.2813	15608.16211	291062.375	0	0	1 //Безымянный <Комната ПК>/nevent
110271	255	10	10	362037.25	15612.41211	291217.625	0	0	1 //Безымянный <Обмен коллекцией>/n Душа
128110	255	10	10	349769.4688	16049.30176	296942.0313	0	0	1 //безымянный <обычный материал>/noperator
937	10	10	255	199909.1875	12514.24219	225226.0313	0	0	1 //Без имени <дополнительная служба>/nhelper
901	10	10	255	202252.0625	12515.32324	222950.7344	0	0	1 //безымянное <событие>/nunknown
938	10	10	255	202560.8438	12513.2666	223366.3594	0	0	1 //безымянный <интеграция с сервером>/nadmin
857	10	10	255	205406.1719	12515.63086	223414.3281	0	0	1 //Безымянный <Гадалка>/нКаган
928	10	10	255	202590.4688	12440.83984	225046.9531	0	0	1 //безымянный <из Аида
929	10	10	255	200667.8281	12514.24707	229106.8594	0	0	1 //Безымянный <Золотой сундук с сокровищами>/nopener
945	10	10	255	201842.4063	12518.04883	226851.9688	0	0	1 //безымянный <материал>/nhelper
939	10	10	255	201032.2656	12513.54102	224362.1719	0	0	1 //Безымянный <Комната ПК>/nevent
128110	10	10	255	201823.75	12521.34375	226859.9063	0	0	1 //безымянный <обычный материал>/noperator
937	10	255	10	423256.375	21556.96094	138336.5781	0	0	1 //Без имени <дополнительная служба>/nhelper
901	10	255	10	423231.5938	21557.96094	138820.0781	0	0	1 //безымянное <событие>/nunknown
938	10	255	10	423321.4063	21555.9707	142114.2031	0	0	1 //безымянный <интеграция с сервером>/nadmin
857	10	255	10	423318.5	21557.49609	142535.6719	0	0	1 //Безымянный <Гадалка>/нКаган
928	10	255	10	434061.5938	20150.77734	142394.625	0	0	1 //безымянный <из Аида
929	10	255	10	431047.5	20676.63672	144198.2031	0	0	1 //Безымянный <Золотой сундук с сокровищами>/nopener
945	10	255	10	425258.2188	21132.39844	140395.7656	0	0	1 //безымянный <материал>/nhelper
939	10	255	10	421928.1563	21758.80078	142968.4688	0	0	1 //Безымянный <Комната ПК>/nevent
128110	10	255	10	425255.6563	21138.65625	140415.7656	0	0	1 //безымянный <обычный материал>/noperator
937	255	255	5	193002.4219	23919.06445	108147.4141	0	0	1 //Без имени <дополнительная служба>/nhelper
901	255	255	5	192743.4219	23944.86914	108241.7656	0	0	1 //безымянное <событие>/nunknown
938	255	255	5	192578.4219	23958.00781	108426.7891	0	0	1 //безымянный <интеграция с сервером>/nadmin
857	255	255	5	192360.375	23958.09766	108593.5391	0	0	1 //Безымянный <Гадалка>/нКаган
928	255	255	5	184050.9063	23810.51172	104111.1172	0	0	1 //безымянный <из Аида
929	255	255	5	184258.125	23778.81836	104811.8359	0	0	1 //Безымянный <Золотой сундук с сокровищами>/nopener
945	255	255	5	191236.5469	23973	109512.3672	0	0	1 //безымянный <материал>/nhelper
939	255	255	5	193248.125	23905.3418	108021.2656	0	0	1 //Безымянный <Комната ПК>/nevent
128110	255	255	5	191223.75	24005.07617	109523.4766	0	0	1 //безымянный <обычный материал>/noperator
928	210	240	220	11905.56738	14181.54102	492358.7188	0	0	1 //безымянный <из Аида
680	255	10	255	777486.375	13809.70996	695475.6875	0	0	1 //Безымянный <Комната ПК>/nHelper
939	255	10	255	777583.1875	13812.70703	695322	0	0	1 //Безымянный <Комната ПК>/nevent
1252	255	10	10	361576.6563	15209.29492	296028.0313	0	0	1 //Безымянный <Эшберн>/нКуллин
1253	10	10	255	203602.1406	12496.24805	226636.9219	0	0	1 //Безымянный <Черная Земля>/нШарин
1254	10	255	10	427720.6875	21129.56055	140385.8906	0	0	1 //безымянный <байрон>/нтарин
1255	255	255	5	191302.9531	23555.25977	104122.4063	0	0	1 //Безымянный <Лоден>/нХарин
242	255	80	80	403744.0938	15850	254052.5938	1	0	1 // Странник деревни Эшберн
240	255	130	130	280011.9375	15143.97754	235379.0625	1	0	1 // Орк-кузнец деревни Эшберн
814	255	150	160	449157.8438	18643.57422	272147.6875	1	0	1 //Деревня Эшберн <Sealer>/n Вандер
289	255	40	40	396799.4375	15506.01172	324923.5938	0	0	1 //Эшбернард <Страж>/nGael
255	255	40	40	395804.6563	15499.24805	325647.3125	0	0	1 //Эшбернард <Хранитель>/nTodd
419	255	40	40	397110.25	16555.76758	324990.8125	0	0	1 // Защита лука Ashburn Guard 1
419	255	40	40	395542.2813	16555.7168	324933.9375	0	0	1 // Защита лука Ashburn Guard 1
296	10	10	255	198889.1875	12496.81543	224093.5625	1	0	1 //Блэкленд <Продавец товаров общего назначения>/nEmily
333	10	10	255	201103.4375	12622.5918	221240.25	1	0	//Блэкленд <Камень
292	10	10	255	203065.3281	12497.7168	220828.0938	1	0	1 //Черная земля <Торговец доспехами>/n Картман
600	10	10	255	217261.8594	11919.88379	227661.4688	1	0	1 //Блэкленд <Кузнец>/nRandleman
715	10	10	255	215496.375	11929.98145	226813.5313	1	0	1 //Блэкленд <Раса Драко>/nМенеджер Блэкленда
576	10	10	255	199096.625	11687.90918	232909.1719	1	0	1 //Черная земля <Продавец антиквариата>/nБигфут
287	10	10	255	205267.8281	11687.05371	238655.8125	1	0	1 //Блэкленд <Хранитель Склада>/nToma
294	10	10	255	205601.0781	11685.5127	229972.7656	1	0	1 //Блэкленд <Маршал>/nГилмор
286	10	10	255	201355.5313	12497.13867	223227.6563	0	0	1 //Черная земля <Черная земля>/n Доска объявлений
680	10	10	255	200574.75	12512.83008	224636.2656	0	0	1 //Деревня Байрон <Комната ПК>/nHelper
366	10	10	255	211238.2969	11831.10254	229418.4688	1	0	1 //Блэкленд <Продавец товаров общего назначения>/nКорнелия
368	10	10	255	213880.2656	11688.09277	233728.9219	1	0	1 //Черная земля <Торговец оружием>/nKyle
610	10	10	255	215660.375	11551.73047	235767.1563	1	0	1 //Блэкленд <Пилот телепортации>/n Гертруда
252	10	10	255	203030.8281	12515.25391	223088.4219	1	0	1 //Деревня Эшберн <событие>/nguide
721	10	10	255	201977.5781	12498.17188	224150.0938	1	0	1 //Деревня Байронов <Черная земля>/nComprehensive
724	10	10	255	202631.0313	12517.75586	227116.375	1	0	1 //Черная земля <Черная земля>/nCrew Combat Manager
816	10	10	255	217484.9688	11911.25684	228365.1406	1	0	1 //безымянная жена кузнеца
915	10	10	255	204110.8906	11688.27051	232168.0625	1	0	1 //Блэкленд <Управляющий гильдией>/n Эмбер
927	10	10	255	210827.9844	11688.34961	230314.4375	1	0	1 //Блэкленд <Универсальный магазин>/nHeiken
287	10	10	255	200532.6094	12625.06152	221630.7188	1	0	1 //Блэкленд <Хранитель Склада>/nToma
1077	10	10	255	200871.1719	12564.30664	222485.6563	1	0	//Блэкленд <Пилот телепортации>/n Geschfenst
1692	10	10	255	213826.2969	11386.67188	237026.7344	1	0	1 //Без имени <Блэкленд
1924	10	10	255	200228.375	12624.75293	221829.4063	1	0	1 //Черная земля <Консигнационная продажа
2057	10	10	255	201964.8125	11757.49316	239426.5781	1	0	1 //Черный наземный страж <Телепорт>/n Эльф
2095	10	10	255	214540.8594	11688.27051	234593.125	1	0	1 // Без имени <Hendelium
2102	10	10	255	216747.9219	11581.17773	234976.9531	1	0	1 //Остров Гвинея <Помощник новичка> Лия
2103	10	10	255	200809.8906	12624.75293	221447.6719	0	0	1 //безымянное <событие>/npotion
2805	10	10	255	203249.3438	12441.39063	224290.0781	1	0	0 //безымянное <событие>/nholly
2806	10	10	255	203202.8438	12497.22461	227445.9688	1	0	1 //Безымянный <Управляющий ареной>/nPionios
102341	10	10	255	203040.6875	12441.39063	224432.5313	1	0	1 //Безымянный <Сундук с сокровищами Точки Хаоса>/npoly
118309	10	10	255	203451.4844	12441.38965	224148.7344	0	0	1 //безымянное <событие>/nlily
295	10	10	255	199815.9063	12622.27051	222069.7656	0	0	1 //Блэкленд Мария
293	10	10	255	199994.0156	12622.41992	221967.6875	0	0	1 // Блэкленд Модма
326	10	10	255	220905.9219	11944.36328	233584.6406	1	0	1 // Блэкленд Куинтон
330	10	10	255	220837.375	11937.51172	233399.6406	0	0	1 // Блэкленд Миллс
312	10	10	255	218307.5781	12171.62598	230678.6875	0	0	1 // Блэкленд Роб
297	10	10	255	207105.7656	11468.25195	232483.7031	0	0	1 // Блэкленд Сенна
299	10	10	255	204380.1563	12518.33008	225969.8906	0	0	1 // Блэкленд Сэмми
669	10	10	255	204590.6875	12518.94922	225201.6719	1	0	1 // Блэкленд-Нейс
300	10	10	255	200891.1094	12515.42578	224095.4219	0	0	1 // Блэкленд Эд
335	10	10	255	201174.5781	12498.36328	227009.25	1	0	1 // Блэкленд Нельсон
334	10	10	255	201323.9063	12498.17871	226923.2813	1	0	1 // Блэкленд Мюллер
329	10	10	255	204574.25	12441.55859	223817.6406	1	0	1 // Блэкленд Джереми
313	10	10	255	204636.9063	12441.42676	223704.9375	1	0	1 // Блэкленд Элвинн
327	10	10	255	208656.6719	12527.54395	226379.6563	0	0	1 // Красный ключ Блэкленда
328	10	10	255	208832.875	12527.78223	226290.5313	0	0	1 // Блэкленд Леспо
291	10	10	255	206569.4844	12498.04297	228183.25	0	0	1 // Блэкленд Джонсон
331	10	10	255	211593.5156	11243.19238	237398.4844	0	0	1 //Блэкленд Мория
288	10	10	255	211883.875	11689.48633	234618.5	1	0	1 // Блэкленд Эллен
314	0	0	255	226440.5	13476.41211	241052.3906	0	0	1 // Блэкленд Роден
332	10	10	255	207037.6406	12514.91309	224986.2969	0	0	1 //Блэкленд Люксус
2091	10	10	255	200633.2813	12515.16211	223726.8281	1	0	1 //Безымянный <Подарочная коробка>/nExchange
2128	10	10	255	212129.8438	11688.27051	234755.9531	1	0	1 // Блэкленд Адель
2129	120	120	255	192510.7813	17254.625	153400.9844	1	0	1 //Черная Эбола
2130	60	60	255	95172.57813	11908.87793	270165.875	1	0	1 // Блэклендские ворота
325	10	10	255	196711.9219	12499.29883	224080.5156	0	0	1 //Страж Блэкленда <Страж>/nFogue
324	10	10	255	196513.5938	12511.98731	224908.0938	0	0	1 //Страж Блэкленда <Страж>/nВедущий
323	10	10	255	205109.9063	12499.04981	219726.1563	0	0	1 //Страж Блэкленда <Страж>/nLabco
322	10	10	255	204342.2344	12494.33008	219555.5625	0	0	//Страж Блэкленда <Страж>/nSears
320	10	10	255	208156.7969	12490.49414	221019.0313	0	0	1 //Страж Блэкленда <Страж>/nShell
570	10	10	255	219305.2188	11572.82813	236408.7188	1	0	1 //Страж Блэкленда <Страж>/nПончака
321	10	10	255	210409.625	13041.62695	244754.2031	1	0	1 //Страж Блэкленда <Страж>/nСелби
316	10	10	255	193835.6875	12418.04199	226386.8594	0	0	1 //Страж Блэкленда <Страж>/nEights
315	0	0	255	185800.6094	11783.39648	221508.7344	0	0	1 //Страж Блэкленда <Страж>/nOwens
318	0	0	255	202797.2656	12994.52441	214933.8125	0	0	1 //Страж Блэкленда <Guard>/nSpan
242	120	120	255	215097.7656	17479.17773	160805.9844	1	0	1 // Странник деревни Эшберн
242	0	0	255	100748.8281	17008.60938	226737.7188	1	0	1 // Странник деревни Эшберн
575	30	30	255	176244.9063	17391.06445	183645.7969	0	0	1 // Блэкленд Шара
2106	130	130	255	220723.5	20263.14648	192100.125	1	0	1 //Блэкленд <Икрон
2107	120	120	255	192358.6094	17326.48633	153105.3125	1	0	1 //Блэкленд <Икрон
2108	90	90	255	197132.6563	11702.32129	300287.3125	1	0	1 //Блэкленд <Икрон
432	20	20	255	138938.3594	21461.62305	268025.2813	0	0	1 //Страж Блэкленда <привратник>/nkels
433	20	20	255	137931.5938	21471.73633	267389.3438	0	0	1 //Черный наземный страж <Страж>/nБольшой камень
419	20	20	255	139495.0781	22610.1582	268109.9688	0	0	1 // Защита лука Ashburn Guard 1
419	20	20	255	138791.6094	22609.57422	266748	0	0	1 // Защита лука Ashburn Guard 1
301	70	70	255	263778.5938	20298.48828	222481.75	1	0	1 // Флотц, деревня неудачников
306	70	70	255	264553.5	20386.71484	221185.7031	1	0	1 //Джеймс, город неудачников
302	70	70	255	263985.8125	20282.50781	223444.1875	0	0	1 //Тоби, деревня неудачников
304	70	70	255	265286.375	20446.04102	220177.625	1	0	1 //Деревня Неудачников <Продавец товаров общего назначения>/nЛюси
283	70	70	255	265412.0938	20358.62305	222736.0156	1	0	1 //Деревня Неудачников <Торговец доспехами>/nРубен
307	70	70	255	261855.8594	20179.19922	224588.5313	1	0	1 //Деревня Неудачников <Индивидуальный Торговец>/n Джек
303	70	70	255	261247.2656	19411.14844	218277.3281	1	0	1 //Деревня Неудачников <Хранитель Склада>/nBenfu
627	10	255	10	428581.875	21147.44531	142212.2188	1	0	1 //Деревня Байронов <Торговец оружием>/nCoden
628	10	255	10	428577.5	21152.70313	139676.6563	1	0	1 //Деревня Байрон <Продавец товаров общего назначения>/nДженни
682	10	255	10	434348.5625	20147.64258	141745.7969	1	0	//Деревня Байронов <Сборщик самоцветов>/n Воробей
691	10	255	10	433925.8125	20148.55664	141013.9375	1	0	1 //Деревня Байронов <Продавец антиквариата>/nKruger
679	10	255	10	421593.75	21755.75977	141190.5313	1	0	1 //Деревня Байронов <вождь>/nРосомаха
680	10	255	10	422314.2813	21758.89453	141960.9688	0	0	1 //Деревня Байрон <Комната ПК>/nHelper
720	10	255	10	422297.2188	21757.78516	140517.7031	1	0	1 //Байрон Виллидж <Байрон>/nКомплексный
685	10	255	10	422538.3438	21557.0332	140083.0625	0	0	1 //Деревня Байронов <Байрон>/nBoard
252	10	255	10	424335.3438	21130.43164	142251.8438	1	0	1 //Деревня Эшберн <событие>/nguide
723	10	255	10	424316.5	21131.43359	139041.5781	1	0	1 //Деревня Байронов <Байрон>/nCrew Combat Manager
629	10	255	10	415994.9063	20172.17578	146284.0313	1	0	1 //Деревня Байронов <Хранитель Склада>/nКорони
684	10	255	10	420284.4375	21083.10742	148843.8438	1	0	1 //Деревня Байронов <Пилот телепортации>/nMint
713	10	255	10	426126.7813	19631	153446.7031	1	0	1 //Деревня Байронов <раса драконов>/nByron Manager
1693	10	255	10	425685	20149.66211	145450.7813	1	0	1 // без имени <байрон
1924	10	255	10	413699.5625	20231.1543	146681.9844	1	0	1 //Блэкленд <Торговец
2057	10	255	10	437124.5313	21564.08594	138511.875	1	0	1 //Черный наземный страж <Телепорт>/n Эльф
2091	10	255	10	421938.8438	21756.60547	142315.6406	1	0	1 //Безымянный <Подарочная коробка>/nExchange
2103	10	255	10	415555.75	20169.81641	146251.4844	0	0	1 //безымянное <событие>/npotion
2805	10	255	10	425274.375	21132.41016	139912.5938	1	0	0 //безымянное <событие>/nholly
2806	10	255	10	424312.875	21132.41016	138843.5156	1	0	1 //Безымянный <Управляющий ареной>/nPionios
102341	10	255	10	425290.9375	21132.41016	140156.0781	1	0	1 //Безымянный <Сундук с сокровищами Точки Хаоса>/npoly
118309	10	255	10	425265.0625	21132.41016	139669.0625	0	0	1 //безымянное <событие>/nlily
686	10	255	10	426108.6563	21130.52148	141683.5938	0	0	1 // Кармак, Байрон Виллидж
631	10	255	10	426340.125	21131.47266	141675.8438	0	0	1 // Байрон Виллидж Керли
632	10	255	10	430537.8438	20665.19141	144833.5156	0	0	1 //Байрон Виллидж Макс
634	10	255	10	427593.875	20079.72852	147221.1563	1	0	1 // Куан Чи, деревня Байрон
670	10	255	10	419342.9375	25026.0625	133270.8125	1	0	1 // Деревня Байрона Энджи
671	10	255	10	433420.5	20131.66797	137414.0313	0	0	1 //Деревня Роден <Страж>/nTom
672	10	255	10	432797.9688	20146.76563	137401.3281	0	0	1 //Деревня Роден <Страж>/nJudas
676	0	255	0	429909.6563	19613.87109	153238.3594	0	0	1 //Деревня Роден <Страж>/nКоко
675	0	255	0	430518.9375	19605.3418	153269.0938	0	0	1 //Деревня Роден <Страж>/nJambo
677	10	255	10	409686.3125	19984.49805	147299.1094	1	0	1 //Деревня Роден <Страж>/нджин
678	10	255	10	409682.8125	20010.30859	148764.5156	1	0	//Деревня Роден <Страж>/nRooker
673	0	255	0	443544.125	22488.98438	138076.3125	0	0	1 //Деревня Роден <Страж>/nLooney
674	0	255	0	443411.8125	22590.83398	139298.875	0	0	1 //Деревня Роден <Страж>/nZico
700	100	255	100	365121.5625	16621.12109	200901.5	0	0	1 //Байрон Виллидж Дикий Драко
700	100	255	100	364042.9688	16522.19922	201599.2188	0	0	1 //Байрон Виллидж Дикий Драко
700	100	255	100	363762.75	16425.79102	200415.6875	0	0	1 //Байрон Виллидж Дикий Драко
700	100	255	100	364292.5938	16481.14648	200886.0625	0	0	1 //Байрон Виллидж Дикий Драко
700	100	255	100	365467	16243.71973	198495.7188	0	0	1 //Байрон Виллидж Дикий Драко
700	100	255	100	364762.9375	16228.25195	197581.5156	0	0	1 //Байрон Виллидж Дикий Драко
700	100	255	100	364307.6563	16301.52637	198589.0313	0	0	1 //Байрон Виллидж Дикий Драко
700	100	255	100	364842.6875	16284.51563	198192.2813	0	0	1 //Байрон Виллидж Дикий Драко
700	100	255	100	362780.1563	16346.1582	199192.9219	0	0	1 //Байрон Виллидж Дикий Драко
700	100	255	100	362183.7188	16459.73242	198169.6094	0	0	1 //Байрон Виллидж Дикий Драко
700	100	255	100	361509.4688	16505.96875	198855.7969	0	0	1 //Байрон Виллидж Дикий Драко
700	100	255	100	362121.9375	16428.45313	198758.5313	0	0	1 //Байрон Виллидж Дикий Драко
700	100	255	100	360495.75	16662.98828	203009.6094	0	0	1 //Байрон Виллидж Дикий Драко
700	100	255	100	359852.9688	16662.82422	204064.8125	0	0	1 //Байрон Виллидж Дикий Драко
700	100	255	100	359285.375	16662.99609	203107.6719	0	0	1 //Байрон Виллидж Дикий Драко
700	100	255	100	359793.5	16663	203356.5313	0	0	1 //Байрон Виллидж Дикий Драко
700	100	255	100	356908.6563	16662.41211	205557.125	0	0	1 //Байрон Виллидж Дикий Драко
700	100	255	100	355939.4688	16657.03516	204908.2344	0	0	1 //Байрон Виллидж Дикий Драко
700	100	255	100	355787.9375	16652.80078	206079.1094	0	0	1 //Байрон Виллидж Дикий Драко
700	100	255	100	356220.7813	16659.03711	205517.9375	0	0	1 //Байрон Виллидж Дикий Драко
700	100	255	100	358610.7188	16648.03906	202023.1719	0	0	1 //Байрон Виллидж Дикий Драко
700	100	255	100	357218.8438	16651.25781	201824.3125	0	0	1 //Байрон Виллидж Дикий Драко
700	100	255	100	357353.7188	16657.54297	202818.1719	0	0	1 //Байрон Виллидж Дикий Драко
700	100	255	100	357836.5	16651.32031	202233.5625	0	0	1 //Байрон Виллидж Дикий Драко
700	100	255	100	359181.75	16631.03906	199376.5	0	0	1 //Байрон Виллидж Дикий Драко
700	100	255	100	358663.9063	16636.98047	198571.5469	0	0	1 //Байрон Виллидж Дикий Драко
700	100	255	100	357940.1875	16640.01172	199086.9688	0	0	1 //Байрон Виллидж Дикий Драко
700	100	255	100	355450.8125	16564.21094	199226.7656	0	0	1 //Байрон Виллидж Дикий Драко
700	100	255	100	354552.3125	16252.00684	198153.1875	0	0	1 //Байрон Виллидж Дикий Драко
700	100	255	100	353937.125	16159.47461	199416.5156	0	0	1 //Байрон Виллидж Дикий Драко
700	100	255	100	354522.8438	16314.55273	198987.8906	0	0	1 //Байрон Виллидж Дикий Драко
700	100	255	100	353859.1875	16482.77539	201975.7344	0	0	1 //Байрон Виллидж Дикий Драко
700	100	255	100	352128.2813	16093.41992	201556.3125	0	0	1 //Байрон Виллидж Дикий Драко
700	100	255	100	352182.5	16365.26465	203208.2188	0	0	1 //Байрон Виллидж Дикий Драко
700	100	255	100	350523.75	15238.8291	199641.1875	0	0	1 //Байрон Виллидж Дикий Драко
700	100	255	100	349362.5938	15006.85449	200646.9844	0	0	1 //Байрон Виллидж Дикий Драко
700	100	255	100	349034.7813	14835.28516	199132.9688	0	0	1 //Байрон Виллидж Дикий Драко
700	100	255	100	349598.7188	14961.01172	199722.0469	0	0	1 //Байрон Виллидж Дикий Драко
700	100	255	100	350441.2188	15801.57617	202784.7344	0	0	1 //Байрон Виллидж Дикий Драко
700	100	255	100	349967	16045.50391	204309.3594	0	0	1 //Байрон Виллидж Дикий Драко
700	100	255	100	348709.6875	15416.96777	202956.7969	0	0	1 //Байрон Виллидж Дикий Драко
700	100	255	100	349738.125	15717.07422	203222.625	0	0	1 //Байрон Виллидж Дикий Драко
700	100	255	100	350786.7813	16523.17188	206468.4844	0	0	1 //Байрон Виллидж Дикий Драко
700	100	255	100	349412.7188	16498.78711	207116.2656	0	0	1 //Байрон Виллидж Дикий Драко
700	100	255	100	349229.7813	16125.25977	205635.0156	0	0	1 //Байрон Виллидж Дикий Драко
700	100	255	100	354787.2813	16639.98828	207615.6875	0	0	1 //Байрон Виллидж Дикий Драко
700	100	255	100	353707.25	16639.99805	207315.8906	0	0	1 //Байрон Виллидж Дикий Драко
700	100	255	100	353370.3125	15831.75	194202.125	0	0	1 //Байрон Виллидж Дикий Драко
700	100	255	100	355437	16455.35938	192644.4219	0	0	1 //Байрон Виллидж Дикий Драко
700	100	255	100	353656	15995.33008	192503.5156	0	0	1 //Байрон Виллидж Дикий Драко
700	100	255	100	354117.8438	16040.31445	193783.1563	0	0	1 //Байрон Виллидж Дикий Драко
700	100	255	100	352131.125	15416.07422	190717.4844	0	0	1 //Байрон Виллидж Дикий Драко
700	100	255	100	354192.3438	16015.08398	190482.3906	0	0	1 //Байрон Виллидж Дикий Драко
700	100	255	100	350649.1875	15217.99023	192281.3438	0	0	1 //Байрон Виллидж Дикий Драко
700	100	255	100	349814.875	15020.81836	194423.3281	0	0	1 //Байрон Виллидж Дикий Драко
700	100	255	100	347654.4375	14612.44531	198371.9375	0	0	1 //Байрон Виллидж Дикий Драко
700	100	255	100	347120.4688	14685.66992	200283.3906	0	0	1 //Байрон Виллидж Дикий Драко
700	100	255	100	348288.2813	14766.30664	199939.1563	0	0	1 //Байрон Виллидж Дикий Драко
700	100	255	100	364238.7813	16349.31836	195340.0156	0	0	1 //Байрон Виллидж Дикий Драко
700	100	255	100	364667.75	16563.46875	193100.5156	0	0	1 //Байрон Виллидж Дикий Драко
700	100	255	100	363142.375	16640.96289	192826.8438	0	0	1 //Байрон Виллидж Дикий Драко
700	100	255	100	363990	16551.95508	193909.5	0	0	1 //Байрон Виллидж Дикий Драко
700	100	255	100	364152.4375	16707.61133	190127.8281	0	0	1 //Байрон Виллидж Дикий Драко
700	100	255	100	361942.6875	16640.27344	190193.5	0	0	1 //Байрон Виллидж Дикий Драко
700	100	255	100	362704.875	16641.58008	188660.1875	0	0	1 //Байрон Виллидж Дикий Драко
700	100	255	100	362849.5938	16649.07422	189573.8438	0	0	1 //Байрон Виллидж Дикий Драко
700	100	255	100	361417	16628.05469	195413.6094	0	0	1 //Байрон Виллидж Дикий Драко
700	100	255	100	359735.1563	16640	195473.8906	0	0	1 //Байрон Виллидж Дикий Драко
700	100	255	100	360919.7813	16640	193416.875	0	0	1 //Байрон Виллидж Дикий Драко
700	100	255	100	360711.0938	16640	194517.6094	0	0	1 //Байрон Виллидж Дикий Драко
700	100	255	100	360502.2813	16640.00195	191291.0938	0	0	1 //Байрон Виллидж Дикий Драко
700	100	255	100	360723.0313	16640.33789	189326.6563	0	0	1 //Байрон Виллидж Дикий Драко
700	100	255	100	358626.1875	16640	189422.6875	0	0	1 //Байрон Виллидж Дикий Драко
700	100	255	100	358646.2813	16640.00195	191480	0	0	1 //Байрон Виллидж Дикий Драко
700	100	255	100	359647.2188	16639.99609	190438.6563	0	0	1 //Байрон Виллидж Дикий Драко
2109	60	255	60	395734	24703.07813	190836.1563	1	0	1 //Деревня Байронов <Икрон
2110	100	255	100	346869.9063	14377.92188	192375.7656	1	0	1 //Деревня Байронов <Икрон
2111	90	255	90	327992.625	19551.54297	111966.4688	1	0	1 //Деревня Байронов <Икрон
2112	90	255	90	327291.2188	23154.87891	83191.625	1	0	1 //Флинд, город Байрон
642	20	255	20	400499.5625	18974.07031	103894.375	0	0	1 //Деревня Лоден <Страж>/nОртон
643	20	255	20	401657.5938	19004.96094	103973.7344	0	0	1 //Деревня Лоден <Привратник>/n Хоган
419	20	255	20	400149.1563	19533.64648	103414.7578	0	0	1 // Защита лука Ashburn Guard 1
419	20	255	20	401626.7188	19533.28906	104951.0625	0	0	1 // Защита лука Ashburn Guard 1
2748	10	255	10	424299.75	21132.41016	138186.0938	1	0	1 //Деревня Байронов <Наставник Слуг>/n Ирия
743	255	255	5	193992.6719	23816.20703	107675.4688	1	0	1 //Без имени <вождь>н Коро
746	255	255	5	195345.4063	23847.54883	106555.1641	0	0	1 //Безымянный <Лоден>/nBoard
752	255	255	5	190043.9531	23680.98242	105372.0781	1	0	1 //безымянный <пилот телепортации>/npaspa
750	255	255	5	196135.7656	23949.10156	103810.7344	1	0	1 //Безымянный <Торговец доспехами>/nLou
751	255	255	5	186368.2656	24196.59766	100174.4141	1	0	1 //Безымянный <Продавец товаров общего назначения>/nCain
748	255	255	5	192738.9219	24179.82617	99709.14844	1	0	1 // без имени <драгоценный камень
747	255	255	5	195906.75	23865.7168	105213.9375	1	0	1 //Безымянный <Хранитель Склада>/нДжаммер
749	255	255	5	185408.9063	23953.02344	101148.6328	1	0	1 //Безымянный <торговец антиквариатом>/нРой
680	255	255	5	194658.9531	23833.26563	107115.0625	0	0	1 //Деревня Байрон <Комната ПК>/nHelper
252	255	255	5	190424.6094	23478.67383	106102.3438	1	0	1 //Деревня Эшберн <событие>/nguide
1694	255	255	5	188830.0469	23908.86523	101369.75	1	0	1 // без имени <loden
1924	255	255	5	195729.8281	23896.31055	105652.1719	1	0	1 //Блэкленд <Торговец
2057	255	255	85	204016.5781	24591	94545.84375	1	0	1 //Черный наземный страж <Телепорт>/n Эльф
2091	255	255	5	193545.4375	23867.78516	107787.0156	1	0	1 //Безымянный <Подарочная коробка>/nExchange
2103	255	255	5	195564.8281	23856.17773	104783.0625	0	0	1 //безымянное <событие>/npotion
2805	255	255	5	190152.0938	23445.92773	103918.6797	1	0	0 //безымянное <событие>/nholly
2806	255	255	5	192332.6719	24129.39453	109122.3672	1	0	1 //Безымянный <Управляющий ареной>/nPionios
102341	255	255	5	189957.2344	23429.00781	103856	1	0	1 //Безымянный <Сундук с сокровищами Точки Хаоса>/npoly
118309	255	255	5	190323.6406	23443.15625	104049.4063	0	0	1 //безымянное <событие>/nlily
119600	255	255	5	193575.9375	24315.89063	100084.2344	0	0	1 //безымянный <древний исследователь>/ncarnarvon
756	255	255	85	199898	24591.07813	94410.25781	1	0	1 //Безымянный Ли
753	255	255	5	188628.875	23478.64258	104485.0938	0	0	1 //Безымянная Саруна
754	255	255	85	203641.5781	24590.96875	95860.65625	1	0	1 //Безымянный Кандару
2131	255	255	5	192434.9063	24193.39258	99427.71875	1	0	1 //Безымянный Эделько
761	255	255	0	183888.8125	22975.97852	114263.3438	1	0	1 //безымянный <охранник>/нсэки
760	255	255	0	186338.4844	22979.94531	114860.9531	0	0	//безымянный <охранник>/nkoi
759	255	255	0	206689.5625	23802.59375	87870.79688	0	0	1 //Безымянный <Страж>/нБило
758	255	255	5	189380.9844	23939.06445	97728.6875	1	0	1 //безымянный <охранник>/нДалу
2113	255	255	20	212579.8906	24737.84375	45757.47656	1	0	1 // без имени <icron
2114	255	255	35	135400.7188	20424.53906	144730.6875	1	0	1 //Безымянный <Гриффентеля
2115	255	255	0	112658.2734	20853.87109	165127.2344	1	0	1 // без имени <время
2116	255	255	50	91113.30469	20414.76758	208436.2969	1	0	1 // Без имени <Hendelium
2117	255	255	0	50410.51172	20109.87109	78558.01563	1	0	1 // Без имени <Hendelium
2132	255	255	50	91238.24219	20410.39063	208811.5781	1	0	1 //Безымянный Рейндас
763	255	255	55	1023712.875	28526.7168	525170.1875	0	0	1 //безымянный <привратник>/n
762	255	255	55	1024355.875	28651.94336	523593.0625	0	0	1 //безымянный <привратник>/ngid
419	255	255	55	1023718.813	28881.55469	524831.125	0	0	1 //Пепельный лучник
419	255	255	55	1024360.188	28881.51563	524801	0	0	1 //Пепельный лучник
419	255	255	55	1023017.625	29457.19141	524082.2188	0	0	1 //Пепельный лучник
419	255	255	55	1022692.375	29453.96484	524096.4375	0	0	1 //Пепельный лучник
419	255	255	55	1024976.813	29452.90039	524043.0938	0	0	1 //Пепельный лучник
419	255	255	55	1025292.25	29456.00195	524029.4375	0	0	1 //Пепельный лучник
419	255	255	55	1025990.938	29462.05469	523526.2813	0	0	1 //Пепельный лучник
419	255	255	55	1022099.938	29470.97656	523604.2188	0	0	1 //Пепельный лучник
419	255	255	55	1021674.188	29457.56836	522710	0	0	1 //Пепельный лучник
419	255	255	55	1021655.5	29453.91211	522065.1875	0	0	1 //Пепельный лучник
419	255	255	55	1026342.625	29459.62109	522566.5625	0	0	1 //Пепельный лучник
419	255	255	55	1026321.375	29455.93945	521877.0625	0	0	1 //Пепельный лучник
419	255	255	55	1023115.5	29837.25586	518068.7813	0	0	1 //Пепельный лучник
419	255	255	55	1023964.688	29837.03125	518058.875	0	0	1 //Пепельный лучник
419	255	255	55	1024831.688	29837.0293	518047.0313	0	0	1 //Пепельный лучник
941	255	255	5	192005.7813	23972.11914	108817.4922	1	0	1 //Безымянный <Лоден>/nCrew Combat Manager
719	255	150	170	972999.9375	12857.22656	508806.7813	0	0	1 //Деревня Байронов <Дом гильдии
719	255	150	170	972990.75	12857.44922	516159.2813	0	0	1 //Деревня Байронов <Дом гильдии
719	255	150	170	973453.125	12860.99902	523639.25	0	0	1 //Деревня Байронов <Дом гильдии
719	255	150	170	973446.6875	12861.29492	530997.3125	0	0	1 //Деревня Байронов <Дом гильдии
719	255	150	170	963742.25	12854.26465	531022.625	0	0	1 //Деревня Байронов <Дом гильдии
719	255	150	170	963743.4375	12854.73828	523658.5313	0	0	1 //Деревня Байронов <Дом гильдии
719	255	150	170	963279.125	12855.31055	516182.625	0	0	1 //Деревня Байронов <Дом гильдии
719	255	150	170	963290	12854.60352	508816.9063	0	0	1 //Деревня Байронов <Дом гильдии
719	255	150	170	952686.9375	12854.04981	508615.6875	0	0	1 //Деревня Байронов <Дом гильдии
719	255	150	170	952682.5625	12855.06836	515978.75	0	0	1 //Деревня Байронов <Дом гильдии
719	255	150	170	953148	12853.87598	523456.0313	0	0	1 //Деревня Байронов <Дом гильдии
719	255	150	170	953142.375	12854.57129	530818.3125	0	0	1 //Деревня Байронов <Дом гильдии
719	150	140	255	1582846.375	12855.79102	445601.0625	0	0	1 //Деревня Байронов <Дом гильдии
719	150	140	255	1582836.375	12857.84473	452964.7188	0	0	1 //Деревня Байронов <Дом гильдии
719	150	140	255	1583305.125	12858.94434	460439.625	0	0	1 //Деревня Байронов <Дом гильдии
719	150	140	255	1583295.375	12859.62305	467804.8125	0	0	1 //Деревня Байронов <Дом гильдии
719	150	140	255	1593891.375	12860.37305	468001.7188	0	0	1 //Деревня Байронов <Дом гильдии
719	150	140	255	1593905.75	12859.64844	460644.3438	0	0	1 //Деревня Байронов <Дом гильдии
719	150	140	255	1593436.25	12859.67383	453162.75	0	0	1 //Деревня Байронов <Дом гильдии
719	150	140	255	1593441.25	12857.6709	445799.2188	0	0	1 //Деревня Байронов <Дом гильдии
719	150	140	255	1603146.75	12858.76367	445782.75	0	0	1 //Деревня Байронов <Дом гильдии
719	150	140	255	1603143.5	12860.26367	453147.3125	0	0	1 //Деревня Байронов <Дом гильдии
719	150	140	255	1603611	12860.98828	460620.3125	0	0	1 //Деревня Байронов <Дом гильдии
719	150	140	255	1603601	12862.17578	467989.5313	0	0	1 //Деревня Байронов <Дом гильдии
719	120	255	110	1582839.25	12856.58203	508618.4375	0	0	1 //Деревня Байронов <Дом гильдии
719	120	255	110	1582827.375	12857.00098	515987.4688	0	0	1 //Деревня Байронов <Дом гильдии
719	120	255	110	1583303.625	12860.63477	523460.7188	0	0	1 //Деревня Байронов <Дом гильдии
719	120	255	110	1583293	12860.69629	530815.9375	0	0	1 //Деревня Байронов <Дом гильдии
719	120	255	110	1593894	12861.74414	531020.9375	0	0	1 //Деревня Байронов <Дом гильдии
719	120	255	110	1593897.25	12861.89063	523657.5313	0	0	1 //Деревня Байронов <Дом гильдии
719	120	255	110	1593435.25	12859.05273	516176.7188	0	0	1 //Деревня Байронов <Дом гильдии
719	120	255	110	1593437.25	12859.32813	508817.8438	0	0	1 //Деревня Байронов <Дом гильдии
719	120	255	110	1603139.625	12860.72168	508802.625	0	0	1 //Деревня Байронов <Дом гильдии
719	120	255	110	1603131.5	12860.18945	516163.375	0	0	1 //Деревня Байронов <Дом гильдии
719	120	255	110	1603605.25	12861.92285	523637.4375	0	0	1 //Деревня Байронов <Дом гильдии
719	120	255	110	1603600.375	12861.31738	530999.5625	0	0	1 //Деревня Байронов <Дом гильдии
718	255	150	180	948116.9375	12927.65234	443289.125	0	0	1 //Деревня Байронов <Холл
718	255	150	180	956634.625	12926.89063	443308.1875	0	0	1 //Деревня Байронов <Холл
718	255	150	180	964868.375	12926.51856	443457.9063	0	0	1 //Деревня Байронов <Холл
718	255	150	180	973332.5	12926.58398	443480.6563	0	0	1 //Деревня Байронов <Холл
718	255	150	180	948148.1875	12927.04883	454358.4375	0	0	1 //Деревня Байронов <Холл
718	255	150	180	956663	12926.99219	454394.0625	0	0	1 //Деревня Байронов <Холл
718	255	150	180	964907.9375	12927.08106	454555.5938	0	0	1 //Деревня Байронов <Холл
718	255	150	180	973373.75	12926.92383	454555.4688	0	0	1 //Деревня Байронов <Холл
718	255	150	180	973304.375	12926.94727	465695.4375	0	0	1 //Деревня Байронов <Холл
718	255	150	180	964845.5625	12927.2334	465703.125	0	0	1 //Деревня Байронов <Холл
718	255	150	180	956608.0625	12926.63477	465521.2813	0	0	1 //Деревня Байронов <Холл
718	255	150	180	948086.9375	12926.74609	465482.875	0	0	1 //Деревня Байронов <Холл
718	145	140	255	1578277.375	12927.4668	317277.4375	0	0	1 //Деревня Байронов <Холл
718	145	140	255	1586783.25	12926.5957	317291.3125	0	0	1 //Деревня Байронов <Холл
718	145	140	255	1595029.625	12926.68848	317464.2813	0	0	1 //Деревня Байронов <Холл
718	145	140	255	1603489.125	12926.54785	317450.5938	0	0	1 //Деревня Байронов <Холл
718	145	140	255	1603525	12927.13086	328538.5625	0	0	1 //Деревня Байронов <Холл
718	145	140	255	1595052	12926.49609	328554.9375	0	0	1 //Деревня Байронов <Холл
718	145	140	255	1586826.75	12927.17285	328368.75	0	0	1 //Деревня Байронов <Холл
718	145	140	255	1578308.25	12926.94434	328321.5938	0	0	1 //Деревня Байронов <Холл
718	145	140	255	1578247.625	12927.34473	339463.7813	0	0	1 //Деревня Байронов <Холл
718	145	140	255	1586754.75	12926.54883	339488.9375	0	0	1 //Деревня Байронов <Холл
718	145	140	255	1594996.375	12926.24805	339665.3438	0	0	1 //Деревня Байронов <Холл
718	145	140	255	1603465.375	12926.64941	339671.6875	0	0	1 //Деревня Байронов <Холл
718	115	255	110	1578269	12926.90137	380252.6563	0	0	1 //Деревня Байронов <Холл
718	115	255	110	1586781	12926.55859	380306.2188	0	0	1 //Деревня Байронов <Холл
718	115	255	110	1595029	12926.44922	380469.6875	0	0	1 //Деревня Байронов <Холл
718	115	255	110	1603478.625	12926.19141	380471.75	0	0	1 //Деревня Байронов <Холл
718	115	255	110	1603525	12927.26367	391548.9063	0	0	1 //Деревня Байронов <Холл
718	115	255	110	1595056	12926.31641	391550.25	0	0	1 //Деревня Байронов <Холл
718	115	255	110	1586817.75	12925.98047	391371.7813	0	0	1 //Деревня Байронов <Холл
718	115	255	110	1578300.5	12926.17383	391336.6563	0	0	1 //Деревня Байронов <Холл
718	115	255	110	1578238.375	12925.67285	402477.6875	0	0	1 //Деревня Байронов <Холл
718	115	255	110	1586755.25	12925.70117	402513.2813	0	0	1 //Деревня Байронов <Холл
718	115	255	110	1595003.375	12926.59375	402684.8438	0	0	1 //Деревня Байронов <Холл
718	115	255	110	1603465.125	12926.42969	402677.75	0	0	1 //Деревня Байронов <Холл
718	255	150	175	960559.75	13030.4375	572023.375	0	0	1 //Деревня Байронов <Холл
718	255	150	175	960889.875	13032.16992	584156.375	0	0	1 //Деревня Байронов <Холл
718	255	150	175	960999.25	13032.66406	595285.3125	0	0	1 //Деревня Байронов <Холл
718	155	140	255	1590690.875	13031.37305	572021.4375	0	0	1 //Деревня Байронов <Холл
718	155	140	255	1591041	13033.58301	584154.0625	0	0	1 //Деревня Байронов <Холл
718	155	140	255	1591125.125	13034.08398	595296.3125	0	0	1 //Деревня Байронов <Холл
718	125	255	110	1590702.75	13029.48242	635036.4375	0	0	1 //Деревня Байронов <Холл
718	125	255	110	1591046.125	13033.625	647179.0625	0	0	1 //Деревня Байронов <Холл
718	125	255	110	1591155.375	13037.99121	658314.0625	0	0	1 //Деревня Байронов <Холл
726	110	240	220	1592060.75	13114.40234	140804.4219	0	0	1 //Деревня Байронов <Зона боя
726	115	240	220	1592091	13097.21289	203844.0469	0	0	1 //Деревня Байронов <Зона боя
726	120	240	220	1592082.75	13115.64453	266833.4063	0	0	1 //Деревня Байронов <Зона боя
726	130	240	220	1211210.5	20847.96484	141788.0781	0	0	1 //Деревня Байронов <Зона боя
726	130	240	220	1214894.75	20848.30078	141786.4688	0	0	1 //Деревня Байронов <Зона боя
726	150	240	220	1211483.25	26086.60156	269337.7813	0	0	1 //Деревня Байронов <Зона боя
726	150	240	220	1213685	26100.01367	269364.125	0	0	1 //Деревня Байронов <Зона боя
726	160	240	220	1213030.125	21663.09961	330865	0	0	1 //Деревня Байронов <Зона боя
726	170	240	220	1213041.25	20811.71875	456242.4688	0	0	1 //Деревня Байронов <Зона боя
726	180	240	220	1212659.75	26103.91406	521453.25	0	0	1 //Деревня Байронов <Зона боя
726	190	240	220	1213031.625	21662.16211	582876.5625	0	0	1 //Деревня Байронов <Зона боя
726	125	240	220	1214110	13120.44141	77788.21875	0	0	1 //Деревня Байронов <Зона боя
726	135	240	220	1276669.75	20833.07227	141418.75	0	0	1 //Деревня Байронов <Зона боя
726	240	240	220	1216751.625	15379.26465	671624.5625	0	0	1 //Деревня Байронов <Зона боя
726	250	240	220	1212978.625	20707.01172	772745.3125	0	0	1 //Деревня Байронов <Зона боя
766	255	255	75	1098245.375	20267.86914	506842.2813	1	0	1 // Слой Байрона
622	100	100	100	972268.875	16957.68555	948464	1	0	1 //Байрон Пайрон
708	10	10	10	972717.25	14664.69238	5149.600098	1	0	1 //Магазин NPC Sea Purple
707	20	250	20	1099732.25	14075.53711	190137.4219	1	0	1 //Магазин NPC Стрильщик
626	160	160	160	1035804.563	14017.45508	255263.5938	1	0	1 //Магазин NPC Дженди
625	90	250	90	1096918.875	13370.12305	821194.6875	1	0	1 // Лучше покупать NPC
624	140	250	140	1160962.625	14042.8584	192912.5938	1	0	1 //Магазин NPC Саша
623	230	230	230	1034425	12844.72852	758713.1875	1	0	1 //Магазин НПЦ Кавказ
948	255	255	60	665696.4375	17019.41797	255745.0625	1	0	1 //Магазин NPC Райнон
957	240	240	220	1216741.625	15170.59277	673507.4375	0	0	1 // безымянный <debuffer> центр
957	240	240	220	1216756.625	15166.46973	669738.1875	0	0	1 // безымянный <debuffer> центр
957	240	240	220	1218639.125	15168.43359	671626.0625	0	0	1 // безымянный <debuffer> центр
957	240	240	220	1214865.5	15157.37891	671629.8125	0	0	1 // безымянный <debuffer> центр
957	250	240	220	1211700.625	20704.40234	773939.3125	0	0	1 // безымянный <debuffer> центр
957	250	240	220	1214245.625	20709.32617	773963.625	0	0	1 // безымянный <debuffer> центр
957	250	240	220	1211763.25	20680.28516	771472.6875	0	0	1 // безымянный <debuffer> центр
957	250	240	220	1214311.25	20705.76367	771516.25	0	0	1 // безымянный <debuffer> центр
956	240	240	220	1213038.875	15429.83984	667750.6875	0	0	1 //без имени <debuffer>синий
956	240	240	220	1220500.125	15433.88965	675493.3125	0	0	1 //без имени <debuffer>синий
956	250	240	220	1208603	20931.48828	768983.5625	0	0	1 //без имени <debuffer>синий
956	250	240	220	1217372	20934.7832	776490.3125	0	0	1 //без имени <debuffer>синий
955	240	240	220	1213001.125	15438.0459	675512.125	0	0	1 //без имени <debuffer>красный
955	240	240	220	1220488.25	15432.13086	667745.25	0	0	1 //без имени <debuffer>красный
955	250	240	220	1217385.875	20936.8125	769073.8125	0	0	1 //без имени <debuffer>красный
955	250	240	220	1208610.75	20933.73438	776466.75	0	0	1 //без имени <debuffer>красный
1068	255	10	10	360000.4688	15247.05176	293513.75	0	0	//Безымянный <особый предмет>/nvendor
1068	10	10	255	203087.9688	12441.26172	225036.9219	0	0	//Безымянный <особый предмет>/nvendor
1068	10	255	10	421880.4688	21756.84375	139755.2969	0	0	//Безымянный <особый предмет>/nvendor
1068	255	255	5	189415.4688	23481.95703	104313.1484	0	0	//Безымянный <особый предмет>/nvendor
1057	255	10	255	777660.375	13812.89746	695061.1875	0	0	1 //без имени <премиум
1057	255	10	10	360402.0938	15610.46484	292191.9688	0	0	1 //без имени <премиум
1057	10	10	255	200076.5469	12515.05859	224943.5313	0	0	1 //без имени <премиум
1057	10	255	10	421454.9063	21756.18164	142826.3594	0	0	1 //без имени <премиум
1057	255	255	5	190256.3281	23943.58789	110559.9297	0	0	1 //без имени <премиум
1529	255	10	10	360762.0625	15610.3418	292503.6563	1	0	1 //Без имени <Квестовая монета
1529	10	10	255	199843.9844	12515.27344	226994.8125	1	0	1 //Без имени <Квестовая монета
1529	10	255	10	427749.9688	21132.25586	139683.5	1	0	1 //Без имени <Квестовая монета
1529	255	255	5	190157.125	23483.66211	104742.0313	1	0	1 //Без имени <Квестовая монета
2519	255	10	10	360871.7188	15609.90625	292630.875	0	0	1 //Безымянный <Событие>/nИллюзионист
2519	10	255	10	427747.9688	21132.41016	139862.7031	0	0	1 //Безымянный <Событие>/nИллюзионист
2519	10	10	255	199925.0938	12515.16309	227125.0781	0	0	1 //Безымянный <Событие>/nИллюзионист
2519	255	255	5	190033.125	23483.46875	104603.4453	0	0	1 //Безымянный <Событие>/nИллюзионист
3087	255	10	10	360733.7813	15609.90527	292467.25	1	0	 1 //Безымянный <Quest Coin Exchange>/nSignes
3087	10	10	255	199816.8906	12515.16309	226950.3438	1	0	 1 //Безымянный <Quest Coin Exchange>/nSignes
3087	10	255	10	427750.6875	21132.41016	139631.7656	1	0	 1 //Безымянный <Quest Coin Exchange>/nSignes
3087	255	255	5	190186.5938	23483.67578	104773.9141	1	0	 1 //Безымянный <Quest Coin Exchange>/nSignes
791	255	255	55	1023877.5	29713.81641	514020.8125	0	0	1 //Магазин NPC <Замок Роден>/n Торговец
790	20	255	20	406092.375	20822.52734	99249.64844	0	0	1 //Магазин NPC <Замок Байрона>/n Торговец
789	20	20	255	124481.2344	24146.38867	275099.4688	0	0	1 //Магазин NPC <Замок Блэкленд>/n Торговец
788	255	40	40	395898.625	16312.66406	332328.4688	0	0	1 //Магазин NPC <Замок Фурье>/n Торговец
770	255	100	100	332726.3125	18123.11523	241175.4531	0	0	1 //Shop NPC <Spider Forest>/nSpot Merchant
771	255	60	60	390668.5313	17197.88867	275384.0938	0	0	1 //Магазин NPC < у гноллов
772	90	90	90	951981.625	16976.43359	696863.75	0	0	1 //Магазин NPC <Пламя
773	20	20	20	956717.6875	14539.69336	68016.63281	0	0	1 // магазин NPC < темный
774	255	120	120	297719.9063	12364.9082	336195.3438	0	0	1 //Магазин NPC <Водяной
775	255	130	130	275710.875	16635.48438	231576.1094	0	0	1 //Магазин NPC <Лагерь орков>/nSpot Торговец
2061	255	100	100	341325.3125	19356.10156	248977.6406	0	0	1 //Магазин NPC <Fourier>/nSpot Hunter
2061	255	60	60	382880.875	16135.71582	280970.3438	0	0	1 //Магазин NPC <Fourier>/nSpot Hunter
2061	90	90	90	950679.1875	16790.9668	719856.5625	0	0	1 //Магазин NPC <Fourier>/nSpot Hunter
2061	20	20	20	950639.0625	14535.26563	89440.1875	0	0	1 //Магазин NPC <Fourier>/nSpot Hunter
2061	255	120	120	305042	12402.65527	329070.75	0	0	1 //Магазин NPC <Fourier>/nSpot Hunter
2061	255	130	130	283275.9063	15081.27734	236113.5156	0	0	1 //Магазин NPC <Fourier>/nSpot Hunter
776	110	110	255	185166.25	17341.29688	241024.5625	0	0	1 //Магазин NPC <Лагерь Кобольдов>/nSpot Торговец
777	170	170	170	1025157.875	14027.73731	69438.65625	0	0	1 //Магазин NPC <Черный дракон's
778	120	120	255	196540.8125	16556.02344	148412.2969	0	0	1 //Магазин NPC < Гарпии
779	50	50	255	115544.7578	17183.69531	182274.3281	0	0	1 //Магазин NPC < Упорядоченный
780	80	80	255	162623.3281	17514.29492	324513.0625	0	0	1 //Магазин NPC <King's
781	40	40	255	257731.7188	20059.9668	303056.5	0	0	1 //Магазин NPC < Хаос
2062	110	110	255	178620.375	16663.07813	234874.6094	0	0	1 //Магазин NPC <Blackland>/nSpot Hunter
2062	170	170	170	1010460.25	14027.73047	92508.82813	0	0	1 //Магазин NPC <Blackland>/nSpot Hunter
2062	120	120	255	191656.0156	16895.64258	144763.6563	0	0	1 //Магазин NPC <Blackland>/nSpot Hunter
2062	50	50	255	120389.9844	16671.36523	186257.1563	0	0	1 //Магазин NPC <Blackland>/nSpot Hunter
2062	80	80	255	162328.5938	17506	312518.6875	0	0	1 //Магазин NPC <Blackland>/nSpot Hunter
2062	40	40	255	272212.8125	19848.08203	287610.3125	0	0	1 //Магазин NPC <Blackland>/nSpot Hunter
782	60	255	60	393975.5625	24954.3125	198127.1094	0	0	//Магазин NPC <Fairy's
783	100	250	100	1096833.75	13249.07129	701973.1875	0	0	1 //Магазин NPC <Beetle Pit>/nSpot Merchant
784	70	255	70	473302.2813	22493.74219	133795.7344	0	0	1 //Магазин NPC <Камень
785	90	255	90	323217.625	23155.01172	87338.5	0	0	1 //Магазин NPC < у Хааста
786	50	255	50	235506.9844	11333.01367	115421.4063	0	0	1 //Магазин NPC <Древний Город
787	150	250	150	1149177.375	14775.68164	75015.75	0	0	1 //Магазин NPC < Эгира
2063	60	255	60	398367.0938	22587.44141	177011.1094	0	0	1 //Магазин NPC <Вирон>/nSpot Hunter
2063	100	250	100	1076186.25	13392.72461	719424.5625	0	0	1 //Магазин NPC <Вирон>/nSpot Hunter
2063	70	255	70	459652.5625	21428.91992	143149.1719	0	0	1 //Магазин NPC <Вирон>/nSpot Hunter
2063	90	255	90	328098.7188	22866.32422	100331.3203	0	0	1 //Магазин NPC <Вирон>/nSpot Hunter
2063	50	255	50	254295.7813	11334	117872.0781	0	0	1 //Магазин NPC <Вирон>/nSpot Hunter
2063	150	250	150	1140156.375	15095.27148	90438.125	0	0	1 //Магазин NPC <Вирон>/nSpot Hunter
1342	10	10	255	215000.2969	11687.15234	234588.9688	1	0	1 //безымянный <алхимик>/нгон
3088	10	10	255	215030.7813	11688.27051	234627.3594	1	0	 1 //Блэкленд <Алхимик>/нгон
1306	255	80	80	418008.3438	18357.95703	276952.5625	0	0	1 //безымянный <больной
1306	0	255	0	415675.8438	18776	124949.0156	0	0	1 //безымянный <больной
1306	0	255	0	403163.125	17543.18359	130169.0234	0	0	1 //безымянный <больной
1306	60	255	60	395078.9375	24472.58594	187116.3594	0	0	1 //безымянный <больной
1306	0	255	0	455001.75	22749.89063	144107.9063	0	0	1 //безымянный <больной
1306	40	40	40	951427.8125	18002.63672	403062.5313	0	0	1 //безымянный <больной
1306	110	110	110	965832.5625	16772.74414	1023643.75	0	0	1 //безымянный <больной
1306	190	190	190	1024930.313	15941.04981	395453.1563	0	0	1 //безымянный <больной
1306	250	250	250	1024070	12843.08984	905800.625	0	0	1 //безымянный <больной
1306	30	250	30	1078267.625	13967.02539	324477.375	0	0	1 //безымянный <больной
1306	90	250	90	1084801.5	13045.50195	847033.75	0	0	1 //безымянный <больной
1306	150	250	150	1146205	14742.29102	79367.51563	0	0	1 //безымянный <больной
1306	255	255	75	1099341	20177.76172	517908.8125	0	0	1 //безымянный <больной
1306	255	0	0	377648	15722.57422	290246.7813	0	0	1 //безымянный <больной
1306	255	40	40	389522.5313	15646.66699	324767.6875	0	0	1 //безымянный <больной
1306	255	60	60	388939	16494.67188	279826.6875	0	0	1 //безымянный <больной
1306	255	100	100	338041.5313	18269.82227	239539.6875	0	0	1 //безымянный <больной
1306	255	120	120	304950.9063	13185.85742	317706.2188	0	0	1 //безымянный <больной
1306	255	130	130	281764.7188	15153.09375	237455.2656	0	0	1 //безымянный <больной
1306	0	0	255	192492.8906	12441.40039	223449.1563	0	0	1 //безымянный <больной
1306	0	0	255	159600.875	17260.11719	260625.9219	0	0	1 //безымянный <больной
1306	50	50	255	121905.9609	16738.30273	191059.6875	0	0	1 //безымянный <больной
1306	50	255	50	256012.8281	16025.91211	106964.3594	0	0	1 //безымянный <больной
1306	0	255	0	329276.2813	19278.29883	114138.6406	0	0	1 //безымянный <больной
1306	255	255	25	196647.8594	22541.82422	80082.32031	0	0	1 //безымянный <больной
1306	255	255	15	84890.625	43982.8125	86097.44531	0	0	1 //безымянный <больной
1306	200	240	220	48003.51563	22138.53125	530445.875	0	0	1 //безымянный <больной
719	255	5	15	1599921	13774.15234	776001.5	0	0	1 // безымянный <дом гильдии
719	255	5	15	1599876.5	13776.75098	760035.875	0	0	1 // безымянный <дом гильдии
719	255	5	15	1583923.25	13276.26856	777260.875	0	0	1 // безымянный <дом гильдии
719	255	5	15	1583927	13779.46289	760083.5	0	0	1 // безымянный <дом гильдии
719	255	5	16	1599835.125	13774.70117	839113.875	0	0	1 // безымянный <дом гильдии
719	255	5	17	1599806.5	13775.16895	902137.625	0	0	1 // безымянный <дом гильдии
719	255	5	16	1599818.875	13776.52734	823114.5	0	0	1 // безымянный <дом гильдии
719	255	5	16	1583918.625	13280.83496	840336.0625	0	0	1 // безымянный <дом гильдии
719	255	5	16	1583893.125	13778.26563	823122.375	0	0	1 // безымянный <дом гильдии
719	255	5	17	1599827.875	13773.6084	886102.25	0	0	1 // безымянный <дом гильдии
719	255	5	17	1583929.25	13274.66992	903350.375	0	0	1 // безымянный <дом гильдии
719	255	5	17	1583958.875	13776.68652	886098.8125	0	0	1 // безымянный <дом гильдии
719	255	5	18	1599875.5	13775.13086	965123.625	0	0	1 // безымянный <дом гильдии
719	255	5	18	1599840.75	13776.75293	949110.5625	0	0	1 // безымянный <дом гильдии
719	255	5	18	1583903.625	13277.87793	966374.75	0	0	1 // безымянный <дом гильдии
719	255	5	18	1583915.625	13778.61816	949111.4375	0	0	1 // безымянный <дом гильдии
719	255	5	18	1599856	13775.61523	996610.375	0	0	1 // безымянный <дом гильдии
719	255	5	18	1599849.375	13775.7793	980608.1875	0	0	1 // безымянный <дом гильдии
719	255	5	18	1583930.375	13279.48731	997873.8125	0	0	1 // безымянный <дом гильдии
719	255	5	18	1583914.5	13778.48731	980626.375	0	0	1 // безымянный <дом гильдии
719	255	5	18	1599885.75	13774.5957	1028113.875	0	0	1 // безымянный <дом гильдии
719	255	5	18	1599868.25	13777.08789	1012123.563	0	0	1 // безымянный <дом гильдии
719	255	5	18	1583919.25	13275.81445	1029342.375	0	0	1 // безымянный <дом гильдии
719	255	5	18	1583934.625	13776.44531	1012126.125	0	0	1 // безымянный <дом гильдии
719	255	5	18	1599854	13776.03613	1043629.75	0	0	1 // безымянный <дом гильдии
719	255	5	18	1583919	13778.48731	1043649	0	0	1 // безымянный <дом гильдии
1714	255	5	16	1596806	13617.12793	840631	0	0	1 // безымянный редкий
1714	255	5	16	1596679.375	13611.08691	824693.6875	0	0	1 // безымянный редкий
719	255	5	16	1580923.125	13118.64453	841885.25	0	0	1 // безымянный <дом гильдии
719	255	5	16	1580910.375	13616.41406	824618.5	0	0	1 // безымянный <дом гильдии
1714	255	5	17	1596850.5	13617.19238	903630.6875	0	0	1 // безымянный редкий
1714	255	5	17	1596847.875	13614.97266	887645.6875	0	0	1 // безымянный редкий
1714	255	5	17	1580934.625	13117.93262	904869	0	0	1 // безымянный редкий
719	255	5	17	1580934.125	13616.55859	887646.625	0	0	1 // безымянный <дом гильдии
1714	255	5	18	1596863.25	13619.12695	966689.4375	0	0	1 // безымянный редкий
1714	255	5	18	1596844	13618.92969	950646.9375	0	0	1 // безымянный редкий
1714	255	5	18	1580967.25	13119.10547	967878.5	0	0	1 // безымянный редкий
1714	255	5	18	1580939.5	13619.03223	950673.75	0	0	1 // безымянный редкий
1714	255	5	18	1596873.25	13618.63672	998173.375	0	0	1 // безымянный редкий
1714	255	5	18	1596895.125	13618.92773	982179.5	0	0	1 // безымянный редкий
1714	255	5	18	1580986.125	13120.18652	999408.4375	0	0	1 // безымянный редкий
1714	255	5	18	1580952.875	13619.19238	982184.0625	0	0	1 // безымянный редкий
1714	255	5	18	1596889.5	13619.29102	1029672.188	0	0	1 // безымянный редкий
1714	255	5	18	1596889.625	13620.26563	1013689.375	0	0	1 // безымянный редкий
1714	255	5	18	1580994.375	13120.75	1030903.813	0	0	1 // безымянный редкий
1714	255	5	18	1580932.875	13620.2168	1013693.813	0	0	1 // безымянный редкий
1714	255	5	18	1596888.125	13619.70313	1045163.938	0	0	1 // безымянный редкий
1714	255	5	18	1580954.5	13619.82227	1045165.5	0	0	1 // безымянный редкий
1715	255	5	17	1596151.125	13617.34766	902618.6875	0	0	1 //Безымянный эпос
1715	255	5	17	1596106.125	13618.82227	886624.375	0	0	1 //Безымянный эпос
1715	255	5	17	1580213.75	13123.03711	903835.9375	0	0	1 //Безымянный эпос
1715	255	5	17	1580167.625	13617.91699	886643.125	0	0	1 //Безымянный эпос
1715	255	5	18	1596115.875	13618.80469	965641.8125	0	0	1 //Безымянный эпос
1715	255	5	18	1596110.625	13617.8457	949630.4375	0	0	1 //Безымянный эпос
1715	255	5	18	1580211.125	13120.08789	966854.125	0	0	1 //Безымянный эпос
1715	255	5	18	1580181.75	13620.75586	949627.1875	0	0	1 //Безымянный эпос
1715	255	5	18	1596133	13623.25	981167.6875	0	0	1 //Безымянный эпос
1715	255	5	18	1580215.75	13621.98438	981134.25	0	0	1 //Безымянный эпос
1715	255	5	18	1580234.375	13120.67578	998384.0625	0	0	1 //Безымянный эпос
1715	255	5	18	1596181.875	13618.86523	997067.625	0	0	1 //Безымянный эпос
1715	255	5	18	1596150	13618.93359	1028663.625	0	0	1 //Безымянный эпос
1715	255	5	18	1596093.5	13619.76563	1012704.25	0	0	1 //Безымянный эпос
1715	255	5	18	1580228.875	13119.79395	1029829.938	0	0	1 //Безымянный эпос
1715	255	5	18	1580213.875	13622.70508	1012649.5	0	0	1 //Безымянный эпос
1715	255	5	18	1580167.5	13620.20313	1044146.375	0	0	1 //Безымянный эпос
1715	255	5	18	1596166.875	13622.58594	1044045.938	0	0	1 //Безымянный эпос
1716	255	5	18	1603431.625	13833.90918	968398.1875	0	0	1 //Безымянный ультралюкс
1716	255	5	18	1603387.25	13831.95313	952378.625	0	0	1 //Безымянный ультралюкс
1716	255	5	18	1587488.875	13334.28711	969612	0	0	1 //Безымянный ультралюкс
1716	255	5	18	1587492.25	13835.21484	952387	0	0	1 //Безымянный ультралюкс
1716	255	5	18	1603369.375	13832.33789	999921.75	0	0	1 //Безымянный ультралюкс
1716	255	5	18	1603399.625	13834.08203	983912.875	0	0	1 //Безымянный ультралюкс
1716	255	5	18	1587469.375	13333.77832	1001141.75	0	0	1 //Безымянный ультралюкс
1716	255	5	18	1587473.125	13833.45215	983895.125	0	0	1 //Безымянный ультралюкс
1716	255	5	18	1603402	13835.03418	1031419.563	0	0	1 //Безымянный ультралюкс
1716	255	5	18	1603395.875	13832.9082	1015388.688	0	0	1 //Безымянный ультралюкс
1716	255	5	18	1587450.625	13331.23828	1032626	0	0	1 //Безымянный ультралюкс
1716	255	5	18	1587475.625	13833.13086	1015410.938	0	0	1 //Безымянный ультралюкс
1716	255	5	18	1603414.75	13834.21191	1046901.188	0	0	1 //Безымянный ультралюкс
1716	255	5	18	1587478.125	13833.91113	1046902.438	0	0	1 //Безымянный ультралюкс
1659	255	255	5	195704.7813	23950.58008	106332.2109	0	0	1 //Безымянный <Роден>/nVillage
1498	255	1	5	653309.625	19170.53906	863693.8125	1	0	1 //Безымянный <Алхимик>/nKato
1168	255	1	5	652612.5625	19163.21289	869649.375	1	0	1 //Безымянный <Магазин Chaos Point>/n Гомес
1376	255	1	5	652271.9375	19163.21094	869643.0625	1	0	1 //Безымянный <Диспетчер точек>/nArtanis
1144	255	1	5	652966.25	19170.53711	863382	1	0	1 //Безымянный <пункт проката оборудования>/npole
1392	255	1	5	652950.375	19163.21094	869646.25	1	0	1 //Безымянный <Продавец снаряжения с очками чести>/nMarsha
1152	255	1	5	652591.75	19170.53711	863386.75	1	0	1 //Безымянный <поставщик товаров для военных кораблей>/nflowery
1400	255	1	5	653292.625	19163.21094	869636.625	1	0	//Безымянный <Продавец расходных материалов для очков чести>/nVilmos
1384	255	1	5	653290.375	19170.53906	863384.3125	1	0	1 // без имени <пуля
1160	255	1	5	652000.8125	19170.53711	864059.375	1	0	1 //Безымянный <Покидая битву Хаоса>/nДжули
1352	255	50	210	654360.375	18756.93555	866782.875	1	0	1 //Безымянный <Руководство по битвам Хаоса>/n Кукольное озеро
1360	255	50	210	654597.3125	18756.93555	866526.5625	1	0	1 //Безымянный <Боевой гид Хаоса>/n Покноко
1840	255	1	5	652217.5625	19170.53906	863382.875	1	0	1 //безымянный <хаос
1408	255	50	210	654395.1875	18756.93555	866224.1875	1	0	1 //Безымянный <Конвой артефактов>/nGreen
1140	255	50	210	651688.6875	18756.93555	867305.625	1	0	1 //Безымянный <Телепортер мобильного портала>/n Джуди
1115	255	50	210	651698.6875	18756.93359	865686.125	1	0	1 //Безымянный <Телепорт Охотника>/nAgnes
1494	255	50	220	686289.125	16586.29297	868166.375	1	0	1 //Безымянный <Алхимик>/nСурион
1167	255	50	220	688831.25	16586.29297	866001.4375	1	0	1 //Безымянный <Магазин Chaos Point>/n Lane
1380	255	50	220	688974.625	16586.29297	866372.5	1	0	1 //безымянный <менеджер точек>/n дедлеров
1143	255	50	220	686427.1875	16586.29297	865595.375	1	0	1 //Безымянный <аренда снаряжения>/nstrongbaby
1396	255	50	220	688500.5	16586.29297	865904.5	1	0	1 //Безымянный <Продавец снаряжения с очками чести>/nBeinok
1151	255	50	220	686168.3125	16586.29297	865753	1	0	1 //Безымянный <Поставщик товаров для поля боя>/n Кайдзен
1404	255	50	220	688030.125	16586.29297	866036.9375	1	0	1 //No Name <Продавец расходных материалов с очками чести>/n Astin
1388	255	50	220	686010.5	16586.29297	867881.0625	1	0	1 // без имени <пуля
1159	255	50	220	685957.5625	16586.29297	867432.5	1	0	//Безымянный <Покидая Битву Хаоса>/n Джилл
1356	255	50	220	688965.375	16586.29297	867665.375	1	0	1 //Безымянный <Боевой гид Хаоса>/n Джек Мардин
1364	255	50	220	688550.5	16586.29297	867708.5	1	0	1 //Безымянный <Боевой гид Хаоса>/n Гаргрет
1823	255	50	220	685996.4375	16586.29297	866026.625	1	0	1 //безымянный <хаос
1412	255	50	220	688176.3125	16586.29297	867867.8125	1	0	1 //Безымянный <Конвой артефактов>/nMeth
1136	255	50	220	685959.125	16586.29297	866424.3125	1	0	1 //Безымянный <телепорт мобильного портала>/nMaurin
1185	255	50	230	662181.1875	14107.67676	852546	0	0	1 // безымянный зомби-людоед
1185	255	50	230	652058.5625	12307.83301	848531.9375	0	0	1 // безымянный зомби-людоед
1185	255	50	230	659209.75	11945.40039	840323.25	0	0	1 // безымянный зомби-людоед
1185	255	50	230	669221.4375	13726.24023	855849.625	0	0	1 // безымянный зомби-людоед
1185	255	50	230	671304.6875	13681.28906	850120.0625	0	0	1 // безымянный зомби-людоед
1185	255	50	230	685090.3125	13177.13965	847176.1875	0	0	1 // безымянный зомби-людоед
1185	255	50	230	685651.5625	11568.27832	856532.0625	0	0	1 // безымянный зомби-людоед
1185	255	50	230	636734.125	12124.09375	838312.8125	0	0	1 // безымянный зомби-людоед
1185	255	50	230	626910.8125	11356.76172	922916.1875	0	0	1 // безымянный зомби-людоед
1185	255	50	230	642715.4375	14798.81445	903469.9375	0	0	1 // безымянный зомби-людоед
1185	255	50	230	646911.75	12567.13477	918603.75	0	0	1 // безымянный зомби-людоед
1185	255	50	230	661805.6875	13598.5791	925564.1875	0	0	1 // безымянный зомби-людоед
1185	255	50	230	662901.1875	13609.76856	925577.375	0	0	1 // безымянный зомби-людоед
1185	255	50	230	667319.75	13606.24414	920338.4375	0	0	1 // безымянный зомби-людоед
1185	255	50	230	666226.25	13482.98633	917520.5	0	0	1 // безымянный зомби-людоед
1185	255	50	230	698676.3125	11366.45898	923681.9375	0	0	1 // безымянный зомби-людоед
1185	255	50	230	678664.625	12122.34766	891023.4375	0	0	1 // безымянный зомби-людоед
1185	255	50	230	648569.375	12872.64453	890036.0625	0	0	1 // безымянный зомби-людоед
1185	255	50	230	641320.8125	12617.31836	884319.625	0	0	1 // безымянный зомби-людоед
1185	255	50	230	655902.75	13500.41602	883196.8125	0	0	1 // безымянный зомби-людоед
1185	255	50	230	665027	13727.38184	880362	0	0	1 // безымянный зомби-людоед
1185	255	50	230	659242.5625	13902.31152	879568.4375	0	0	1 // безымянный зомби-людоед
1185	255	50	230	664976.8125	13224.6582	888227.5	0	0	1 // безымянный зомби-людоед
1185	255	50	230	666239.0625	13500.8877	886544.375	0	0	1 // безымянный зомби-людоед
1185	255	50	230	651442.5625	12817.66309	920776.6875	0	0	1 // безымянный зомби-людоед
1185	255	50	230	654795.375	13182.56738	922430.8125	0	0	1 // безымянный зомби-людоед
1185	255	50	230	697383.8125	13475.6875	872092.625	0	0	1 // безымянный зомби-людоед
1185	255	50	230	697591.75	13486.44336	874313.1875	0	0	1 // безымянный зомби-людоед
1185	255	50	230	677367.125	12791.55762	840480.8125	0	0	1 // безымянный зомби-людоед
1185	255	50	230	673485.875	12941.61914	842778.25	0	0	1 // безымянный зомби-людоед
1185	255	50	230	674413.625	12388.59082	839381.1875	0	0	1 // безымянный зомби-людоед
1185	255	50	230	654765	13559.61328	889253.4375	0	0	1 // безымянный зомби-людоед
1185	255	50	230	653731.125	13795.04004	886566.375	0	0	1 // безымянный зомби-людоед
1185	255	50	230	657824.4375	13252.21777	892165.4375	0	0	1 // безымянный зомби-людоед
1185	255	50	230	631363.1875	14877.78906	874970.125	0	0	1 // безымянный зомби-людоед
1185	255	50	230	630365.625	14156.29004	885550.5625	0	0	1 // безымянный зомби-людоед
1185	255	50	230	699533.125	11288.5	841140.4375	0	0	1 // безымянный зомби-людоед
1185	255	50	230	691426.1875	11719.21387	921971.3125	0	0	1 // безымянный зомби-людоед
1185	255	50	230	702099.1875	11576.14844	920810.375	0	0	1 // безымянный зомби-людоед
1185	255	50	230	695926.1875	11571.71289	927815.875	0	0	1 // безымянный зомби-людоед
1185	255	50	230	697929.0625	11699.7627	916932.4375	0	0	1 // безымянный зомби-людоед
1185	255	50	230	697174.5625	11200.60352	923373.5	0	0	1 // безымянный зомби-людоед
1185	255	50	230	697770.25	11165.00098	922557.875	0	0	1 // безымянный зомби-людоед
1185	255	50	230	697071.625	11193.4375	922217.375	0	0	1 // безымянный зомби-людоед
1185	255	50	230	696488.6875	11190.54102	922791.1875	0	0	1 // безымянный зомби-людоед
1185	255	50	230	678113.3125	11595.11231	913341.6875	0	0	1 // безымянный зомби-людоед
1185	255	50	230	625449.4375	11646.05469	926535.125	0	0	1 // безымянный зомби-людоед
1185	255	50	230	629935.125	11696.36328	927558.1875	0	0	1 // безымянный зомби-людоед
1185	255	50	230	624542.875	11736.21387	921134.5	0	0	1 // безымянный зомби-людоед
1185	255	50	230	631329.4375	11701.84082	919329.75	0	0	1 // безымянный зомби-людоед
1185	255	50	230	635555.625	12485.89063	835051.875	0	0	1 // безымянный зомби-людоед
1185	255	50	230	631071.125	12502.28223	840844.125	0	0	1 // безымянный зомби-людоед
1185	255	50	230	637485.4375	12526.3584	844098.9375	0	0	1 // безымянный зомби-людоед
1185	255	50	230	702591.3125	11732.95606	837135.875	0	0	1 // безымянный зомби-людоед
1185	255	50	230	699365.4375	11453.51465	838652.375	0	0	1 // безымянный зомби-людоед
1185	255	50	230	698827.875	11430.77051	843040	0	0	1 // безымянный зомби-людоед
1185	255	50	230	695003.625	11722.94043	838545.25	0	0	1 // безымянный зомби-людоед
1185	255	50	230	703637.5625	11723.85547	843104.125	0	0	1 // безымянный зомби-людоед
1185	255	50	230	669769.5625	13585.31543	919067.625	0	0	1 // безымянный зомби-людоед
1185	255	50	230	669091.25	13526.5791	921376.6875	0	0	1 // безымянный зомби-людоед
1185	255	50	230	663463.375	13817.37402	853520.1875	0	0	1 // безымянный зомби-людоед
1185	255	50	230	662546.8125	13950.49609	853798.4375	0	0	1 // безымянный зомби-людоед
1185	255	50	230	675272.5625	13671.32227	858611.4375	0	0	1 // безымянный зомби-людоед
1185	255	50	230	677381.4375	13652.00098	859753.4375	0	0	1 // безымянный зомби-людоед
1185	255	50	230	677635.9375	13652.04199	860961.0625	0	0	1 // безымянный зомби-людоед
1185	255	50	230	673417.0625	13901.11914	857058.0625	0	0	1 // безымянный зомби-людоед
1185	255	50	230	683785.3125	12961.80078	847148.5625	0	0	1 // безымянный зомби-людоед
1185	255	50	230	690819.75	11541.78418	886465.4375	0	0	1 // безымянный зомби-людоед
1185	255	50	230	696731.625	12225.21875	885766.25	0	0	1 // безымянный зомби-людоед
1185	255	50	230	696694.4375	12225.17773	888090.0625	0	0	1 // безымянный зомби-людоед
1185	255	50	230	686362.75	11312.68555	884908.5625	0	0	1 // безымянный зомби-людоед
1185	255	50	230	689048.8125	11315.61816	882731	0	0	1 // безымянный зомби-людоед
1185	255	50	230	677689.4375	12246.68652	887931.875	0	0	1 // безымянный зомби-людоед
1185	255	50	230	680560.3125	12142	888872	0	0	1 // безымянный зомби-людоед
1185	255	50	230	678569.625	12085.35547	886019.625	0	0	1 // безымянный зомби-людоед
1185	255	50	230	675076.3125	11676.24316	885219.5625	0	0	1 // безымянный зомби-людоед
1185	255	50	230	676625.5	11767.15625	883927.5	0	0	1 // безымянный зомби-людоед
1185	255	50	230	655788.4375	13574.88672	879108.6875	0	0	1 // безымянный зомби-людоед
1185	255	50	230	642926.75	12300.66504	885238.8125	0	0	1 // безымянный зомби-людоед
1185	255	50	230	669804.6875	12202.22852	841705.0625	0	0	1 // безымянный зомби-людоед
1185	255	50	230	669051.625	12218.87305	836687.0625	0	0	1 // безымянный зомби-людоед
1185	255	50	230	666013.375	11929.52832	837934.0625	0	0	1 // безымянный зомби-людоед
1185	255	50	230	654707.8125	12191.82031	845200.5625	0	0	1 // безымянный зомби-людоед
1185	255	50	230	696893	14045.77734	877330.9375	0	0	1 // безымянный зомби-людоед
1186	255	50	230	662998	13732.21777	854705.8125	0	0	1 // безымянный зомби-людоед
1186	255	50	230	655079.1875	12358.7207	847115.625	0	0	1 // безымянный зомби-людоед
1186	255	50	230	666964.3125	13741.64551	854530.1875	0	0	1 // безымянный зомби-людоед
1186	255	50	230	678171.25	12876.37793	841104.625	0	0	1 // безымянный зомби-людоед
1186	255	50	230	668893.1875	13035.90625	843041.8125	0	0	1 // безымянный зомби-людоед
1186	255	50	230	687457.5	11634.89453	856863.6875	0	0	1 // безымянный зомби-людоед
1186	255	50	230	698170.1875	11453.51367	841756.4375	0	0	1 // безымянный зомби-людоед
1186	255	50	230	634832.625	12124.09375	841727.6875	0	0	1 // безымянный зомби-людоед
1186	255	50	230	636769.25	12101.30664	842349.5	0	0	1 // безымянный зомби-людоед
1186	255	50	230	628822.9375	11356.76172	925098.3125	0	0	1 // безымянный зомби-людоед
1186	255	50	230	640847.3125	14812.91016	902259.375	0	0	1 // безымянный зомби-людоед
1186	255	50	230	645632.25	12434.17969	920997.0625	0	0	1 // безымянный зомби-людоед
1186	255	50	230	660408.125	13720.08203	926525.625	0	0	1 // безымянный зомби-людоед
1186	255	50	230	666813.8125	13132.79297	922734.0625	0	0	1 // безымянный зомби-людоед
1186	255	50	230	668893.125	13656.04981	919815.8125	0	0	1 // безымянный зомби-людоед
1186	255	50	230	667236.4375	13624.88867	918375.5	0	0	1 // безымянный зомби-людоед
1186	255	50	230	668415.4375	13651.93848	918757.125	0	0	1 // безымянный зомби-людоед
1186	255	50	230	696374.9375	11366.45996	924375.1875	0	0	1 // безымянный зомби-людоед
1186	255	50	230	691422.125	11562.98926	888167.6875	0	0	1 // безымянный зомби-людоед
1186	255	50	230	684195.9375	11632.12402	886022.25	0	0	1 // безымянный зомби-людоед
1186	255	50	230	680468.4375	12069.20508	886342.5625	0	0	1 // безымянный зомби-людоед
1186	255	50	230	680762.75	11887.53125	891151.0625	0	0	1 // безымянный зомби-людоед
1186	255	50	230	643456.6875	12595.21289	890512	0	0	1 // безымянный зомби-людоед
1186	255	50	230	648477.4375	12702.17578	886789.25	0	0	1 // безымянный зомби-людоед
1186	255	50	230	652773.125	13157.75	889057.25	0	0	1 // безымянный зомби-людоед
1186	255	50	230	652976.3125	13812.74707	879242	0	0	1 // безымянный зомби-людоед
1186	255	50	230	663510.875	14084.11719	880741.125	0	0	1 // безымянный зомби-людоед
1186	255	50	230	674161.0625	13679.02539	874408.5	0	0	1 // безымянный зомби-людоед
1186	255	50	230	667589.9375	13717.91406	879667.625	0	0	1 // безымянный зомби-людоед
1186	255	50	230	678868.6875	13652	872763.125	0	0	1 // безымянный зомби-людоед
1186	255	50	230	667729.5	13426.60938	891164.125	0	0	1 // безымянный зомби-людоед
1186	255	50	230	656594.75	13226.91699	925706.0625	0	0	1 // безымянный зомби-людоед
1186	255	50	230	658566.125	13579.59668	926525.5	0	0	1 // безымянный зомби-людоед
1186	255	50	230	658893.875	13150.61035	921430.3125	0	0	1 // безымянный зомби-людоед
1186	255	50	230	663639.1875	13254.50293	921162.1875	0	0	1 // безымянный зомби-людоед
1186	255	50	230	665096.125	13640.37305	851445.875	0	0	1 // безымянный зомби-людоед
1186	255	50	230	667009.75	13756.05273	850471.0625	0	0	1 // безымянный зомби-людоед
1186	255	50	230	694739	13709.12207	874744	0	0	1 // безымянный зомби-людоед
1186	255	50	230	679620.25	12878.64453	878743.0625	0	0	1 // безымянный зомби-людоед
1186	255	50	230	682372	11615.05273	881192.75	0	0	1 // безымянный зомби-людоед
1186	255	50	230	683279.25	11530.29297	880244.1875	0	0	1 // безымянный зомби-людоед
1186	255	50	230	680685.0625	13934.41406	857218.9375	0	0	1 // безымянный зомби-людоед
1186	255	50	230	679786.1875	13547.61523	856036.125	0	0	1 // безымянный зомби-людоед
1186	255	50	230	675981.625	13655.45313	859542.1875	0	0	1 // безымянный зомби-людоед
1186	255	50	230	637241.5625	12362.63672	908013.375	0	0	1 // безымянный зомби-людоед
1186	255	50	230	641614.875	11991.79102	911349.875	0	0	1 // безымянный зомби-людоед
1186	255	50	230	639483.3125	11946.47656	909621.3125	0	0	1 // безымянный зомби-людоед
1186	255	50	230	638552.0625	12506.20117	890541.6875	0	0	1 // безымянный зомби-людоед
1186	255	50	230	628446.6875	14591.34863	876429.375	0	0	1 // безымянный зомби-людоед
1186	255	50	230	630609.6875	14188.44141	883849.0625	0	0	1 // безымянный зомби-людоед
1186	255	50	230	699998.4375	11296.94922	840175.9375	0	0	1 // безымянный зомби-людоед
1186	255	50	230	701258.8125	11650.63184	925868.6875	0	0	1 // безымянный зомби-людоед
1186	255	50	230	700413	11674.2041	918593.75	0	0	1 // безымянный зомби-людоед
1186	255	50	230	692101.4375	11694.58691	924657.375	0	0	1 // безымянный зомби-людоед
1186	255	50	230	694116	11561.95703	918384.375	0	0	1 // безымянный зомби-людоед
1186	255	50	230	674405.0625	11734.69043	914183	0	0	1 // безымянный зомби-людоед
1186	255	50	230	671888.5	12075.43359	913063.5625	0	0	1 // безымянный зомби-людоед
1186	255	50	230	626638.625	11334.43066	924990.75	0	0	1 // безымянный зомби-людоед
1186	255	50	230	631056.875	11334.79199	921534.8125	0	0	1 // безымянный зомби-людоед
1186	255	50	230	624583	11645.33984	926236.8125	0	0	1 // безымянный зомби-людоед
1186	255	50	230	623918.5625	11762.51465	922473.625	0	0	1 // безымянный зомби-людоед
1186	255	50	230	629930.625	11743.10645	918765.0625	0	0	1 // безымянный зомби-людоед
1186	255	50	230	633312.6875	11730.79102	922861.3125	0	0	1 // безымянный зомби-людоед
1186	255	50	230	635905.375	11967.52734	839122.125	0	0	1 // безымянный зомби-людоед
1186	255	50	230	634978.25	11967.5293	840029.625	0	0	1 // безымянный зомби-людоед
1186	255	50	230	636285.5625	11925.00098	840192.375	0	0	1 // безымянный зомби-людоед
1186	255	50	230	699899	11430.9707	837780.125	0	0	1 // безымянный зомби-людоед
1186	255	50	230	702041.5625	11431.19727	841141.5	0	0	1 // безымянный зомби-людоед
1186	255	50	230	670688.3125	13542.59863	919082.1875	0	0	1 // безымянный зомби-людоед
1186	255	50	230	668063.8125	13578.44824	917901.5625	0	0	1 // безымянный зомби-людоед
1186	255	50	230	655742.5625	13277.05566	890541.25	0	0	1 // безымянный зомби-людоед
1186	255	50	230	653122.375	13181.03027	889418.6875	0	0	1 // безымянный зомби-людоед
1186	255	50	230	653381.8125	13061.18555	890718.75	0	0	1 // безымянный зомби-людоед
1186	255	50	230	670166.5	13684.6582	851066.125	0	0	1 // безымянный зомби-людоед
1186	255	50	230	668658.375	13841.85742	846123.375	0	0	1 // безымянный зомби-людоед
1186	255	50	230	665927.6875	13730.66797	847054.25	0	0	1 // безымянный зомби-людоед
1186	255	50	230	666068.5	13655.15039	855354.75	0	0	1 // безымянный зомби-людоед
1186	255	50	230	626848.4375	14759.37207	875491.3125	0	0	1 // безымянный зомби-людоед
1186	255	50	230	626396.8125	14967.57324	873674.75	0	0	1 // безымянный зомби-людоед
1186	255	50	230	652197.1875	12913.83398	882146.0625	0	0	1 // безымянный зомби-людоед
1186	255	50	230	654215.0625	13644.38086	881381	0	0	1 // безымянный зомби-людоед
1186	255	50	230	664686.6875	13160.87109	889508.625	0	0	1 // безымянный зомби-людоед
1186	255	50	230	665259.1875	13271.62988	887431.3125	0	0	1 // безымянный зомби-людоед
1186	255	50	230	657687.375	13096.33008	886835.5	0	0	1 // безымянный зомби-людоед
1186	255	50	230	656502.4375	13171.0752	886243.6875	0	0	1 // безымянный зомби-людоед
1186	255	50	230	656991.0625	13309.89453	889123.6875	0	0	1 // безымянный зомби-людоед
1186	255	50	230	655929.625	12458.33398	847551.5625	0	0	1 // безымянный зомби-людоед
1186	255	50	230	653474.625	12284.0791	847915.3125	0	0	1 // безымянный зомби-людоед
1186	255	50	230	649521.6875	12312.28418	848951.875	0	0	1 // безымянный зомби-людоед
1186	255	50	230	648160.75	12486.80176	848875.25	0	0	1 // безымянный зомби-людоед
1186	255	50	230	650404.6875	12768.71484	846330.8125	0	0	1 // безымянный зомби-людоед
1186	255	50	230	657569.75	11814.16602	842493.9375	0	0	1 // безымянный зомби-людоед
1186	255	50	230	684605.0625	12696.76953	852627.875	0	0	1 // безымянный зомби-людоед
1186	255	50	230	685496	12725.51953	848829	0	0	1 // безымянный зомби-людоед
1186	255	50	230	683546.8125	12955.75684	846071.75	0	0	1 // безымянный зомби-людоед
1186	255	50	230	690897	11814.21973	849181.6875	0	0	1 // безымянный зомби-людоед
1186	255	50	230	693431.5	11675.53711	847485.0625	0	0	1 // безымянный зомби-людоед
1186	255	50	230	693302.5	11707.69922	849098.0625	0	0	1 // безымянный зомби-людоед
1186	255	50	230	690113.75	11736.83984	857154.5625	0	0	1 // безымянный зомби-людоед
1186	255	50	230	695874.3125	11619.66797	858316.25	0	0	1 // безымянный зомби-людоед
1186	255	50	230	694339.5	11650.64844	858440.4375	0	0	1 // безымянный зомби-людоед
1186	255	50	230	693304.75	11685.97852	858080.0625	0	0	1 // безымянный зомби-людоед
1186	255	50	230	703606	11501.78125	860273.5	0	0	1 // безымянный зомби-людоед
1186	255	50	230	700741.8125	11664.12793	862018.0625	0	0	1 // безымянный зомби-людоед
1186	255	50	230	701285.875	13719.27148	868440.125	0	0	1 // безымянный зомби-людоед
1186	255	50	230	702173.625	13895.25781	867177.625	0	0	1 // безымянный зомби-людоед
1186	255	50	230	698117.625	12313.14844	882351.3125	0	0	1 // безымянный зомби-людоед
1186	255	50	230	699783.25	13206.63477	882072.375	0	0	1 // безымянный зомби-людоед
1186	255	50	230	695716.0625	12023.61914	880830.375	0	0	1 // безымянный зомби-людоед
1186	255	50	230	680183.3125	11855.45508	884594.8125	0	0	1 // безымянный зомби-людоед
1186	255	50	230	681964.9375	11880.58008	886269.625	0	0	1 // безымянный зомби-людоед
1186	255	50	230	676276.375	11986.71582	885590.0625	0	0	1 // безымянный зомби-людоед
1186	255	50	230	677540.9375	12053.9834	885059.0625	0	0	1 // безымянный зомби-людоед
1186	255	50	230	657252.125	13637.42285	880048.75	0	0	1 // безымянный зомби-людоед
1186	255	50	230	657747.6875	13419.59863	882407.5	0	0	1 // безымянный зомби-людоед
1186	255	50	230	641055.4375	12684.25977	886057.0625	0	0	1 // безымянный зомби-людоед
1186	255	50	230	653254.125	13870.42188	917248.4375	0	0	1 // безымянный зомби-людоед
1186	255	50	230	655767.75	13469.23828	917280.625	0	0	1 // безымянный зомби-людоед
1186	255	50	230	657972.6875	13105.01465	917770.6875	0	0	1 // безымянный зомби-людоед
1186	255	50	230	669665.25	12934.06836	896534.0625	0	0	1 // безымянный зомби-людоед
1186	255	50	230	667184.25	12294.27539	909692.5	0	0	1 // безымянный зомби-людоед
1186	255	50	230	673596.9375	12256.26074	840532.4375	0	0	1 // безымянный зомби-людоед
1186	255	50	230	670471.5	12167.90234	838138.5	0	0	1 // безымянный зомби-людоед
1186	255	50	230	667067.0625	12253.50488	839177.0625	0	0	1 // безымянный зомби-людоед
1186	255	50	230	659630.75	12516.01465	836512.375	0	0	1 // безымянный зомби-людоед
1186	255	50	230	698508.375	13343.2793	875075.875	0	0	1 // безымянный зомби-людоед
1186	255	50	230	699428.6875	13496.87012	877399.4375	0	0	1 // безымянный зомби-людоед
1186	255	50	230	685651.0625	11309.72656	882028.8125	0	0	1 // безымянный зомби-людоед
1186	255	50	230	685904.625	11265.39648	883977.3125	0	0	1 // безымянный зомби-людоед
1186	255	50	230	688201.625	11294.38477	883219.4375	0	0	1 // безымянный зомби-людоед
1186	255	50	230	654296.625	13621.17285	884598.6875	0	0	1 // безымянный зомби-людоед
1186	255	50	230	654511.3125	13756.10156	886979.875	0	0	1 // безымянный зомби-людоед
1186	255	50	230	648251.5	12627.08398	885417.625	0	0	1 // безымянный зомби-людоед
1186	255	50	230	649795.25	12574.57031	886422.9375	0	0	1 // безымянный зомби-людоед
1186	255	50	230	651217.75	12564.30859	885516.5625	0	0	1 // безымянный зомби-людоед
1186	255	50	230	642857.625	12291.70508	892664.1875	0	0	1 // безымянный зомби-людоед
1186	255	50	230	635472.5625	12530.04785	891585.6875	0	0	1 // безымянный зомби-людоед
1188	255	50	230	660486.375	13938.76172	854493.3125	0	0	1 // безымянный зомби-людоед
1188	255	50	230	649672.5	12751.2002	847260.9375	0	0	1 // безымянный зомби-людоед
1188	255	50	230	667234	13662.75781	856552.75	0	0	1 // безымянный зомби-людоед
1188	255	50	230	669910.5	13704.33008	845576.3125	0	0	1 // безымянный зомби-людоед
1188	255	50	230	677577.0625	12895.43555	843985	0	0	1 // безымянный зомби-людоед
1188	255	50	230	685916.5	11733.02344	858307.75	0	0	1 // безымянный зомби-людоед
1188	255	50	230	634289.4375	12124.09473	838659.125	0	0	1 // безымянный зомби-людоед
1188	255	50	230	638667.9375	12102.04492	840022.5	0	0	1 // безымянный зомби-людоед
1188	255	50	230	628841.25	11356.76172	921348.375	0	0	1 // безымянный зомби-людоед
1188	255	50	230	628946.375	11334.50977	920452.1875	0	0	1 // безымянный зомби-людоед
1188	255	50	230	634239.1875	12421.29492	910467.1875	0	0	1 // безымянный зомби-людоед
1188	255	50	230	640387.6875	14165.19141	903983.75	0	0	1 // безымянный зомби-людоед
1188	255	50	230	649750.1875	12767.69043	919297.875	0	0	1 // безымянный зомби-людоед
1188	255	50	230	657577.0625	13163.78516	920594.25	0	0	1 // безымянный зомби-людоед
1188	255	50	230	659451.0625	13643.44727	925124.125	0	0	1 // безымянный зомби-людоед
1188	255	50	230	666285.5625	13301.91797	924458	0	0	1 // безымянный зомби-людоед
1188	255	50	230	669410	13512.77344	918040	0	0	1 // безымянный зомби-людоед
1188	255	50	230	697840.4375	11366.45898	920924.0625	0	0	1 // безымянный зомби-людоед
1188	255	50	230	696066.3125	12221.53906	887847.375	0	0	1 // безымянный зомби-людоед
1188	255	50	230	689223.25	11479.08594	890336.4375	0	0	1 // безымянный зомби-людоед
1188	255	50	230	685672.375	11499.84961	886723.625	0	0	1 // безымянный зомби-людоед
1188	255	50	230	679346.625	12000.03516	885365.5	0	0	1 // безымянный зомби-людоед
1188	255	50	230	677141.0625	12255.02051	889415.1875	0	0	1 // безымянный зомби-людоед
1188	255	50	230	666012.125	13994.38477	896718.1875	0	0	1 // безымянный зомби-людоед
1188	255	50	230	646462.375	12755.73145	888774.5625	0	0	1 // безымянный зомби-людоед
1188	255	50	230	645766.5625	12307.5752	879683.5625	0	0	1 // безымянный зомби-людоед
1188	255	50	230	650993.1875	12586.16211	882841.5625	0	0	1 // безымянный зомби-людоед
1188	255	50	230	654863	13696.41699	885843.9375	0	0	1 // безымянный зомби-людоед
1188	255	50	230	660667.625	13984.44336	877632.625	0	0	1 // безымянный зомби-людоед
1188	255	50	230	667107.75	13652.00195	875950.0625	0	0	1 // безымянный зомби-людоед
1188	255	50	230	676113.8125	13651.29004	876669.625	0	0	1 // безымянный зомби-людоед
1188	255	50	230	677296.0625	13651.80664	874625.3125	0	0	1 // безымянный зомби-людоед
1188	255	50	230	667276.0625	13676.37695	890002.5625	0	0	1 // безымянный зомби-людоед
1188	255	50	230	661389.75	13128.68359	915938.125	0	0	1 // безымянный зомби-людоед
1188	255	50	230	663029.5625	13335.04297	916146.625	0	0	1 // безымянный зомби-людоед
1188	255	50	230	672158.375	12785.96484	916127.625	0	0	1 // безымянный зомби-людоед
1188	255	50	230	676422.1875	12269.14648	919128.875	0	0	1 // безымянный зомби-людоед
1188	255	50	230	672336.5	12194.39453	922987.9375	0	0	1 // безымянный зомби-людоед
1188	255	50	230	674574	12022.41016	922094.6875	0	0	1 // безымянный зомби-людоед
1188	255	50	230	645322.5	12375.16406	918207.8125	0	0	1 // безымянный зомби-людоед
1188	255	50	230	642278.5	11610.34863	915092.25	0	0	1 // безымянный зомби-людоед
1188	255	50	230	643788.5625	11874.04785	911175.75	0	0	1 // безымянный зомби-людоед
1188	255	50	230	664349.4375	13633.29102	848865.3125	0	0	1 // безымянный зомби-людоед
1188	255	50	230	666360.75	13773.48438	849221	0	0	1 // безымянный зомби-людоед
1188	255	50	230	676303.9375	13669.8457	861092.375	0	0	1 // безымянный зомби-людоед
1188	255	50	230	673914.75	13771.43359	861221.0625	0	0	1 // безымянный зомби-людоед
1188	255	50	230	655469.5625	13117.36719	892160.625	0	0	1 // безымянный зомби-людоед
1188	255	50	230	652365.75	13254.03613	887177.0625	0	0	1 // безымянный зомби-людоед
1188	255	50	230	694498.125	14162.98535	876885.5625	0	0	1 // безымянный зомби-людоед
1188	255	50	230	696906.9375	12234.85059	886932.3125	0	0	1 // безымянный зомби-людоед
1188	255	50	230	638658.5	12705.57227	907953.5	0	0	1 // безымянный зомби-людоед
1188	255	50	230	636157.4375	12493.31738	892361.25	0	0	1 // безымянный зомби-людоед
1188	255	50	230	630629.5625	14779.29785	876926	0	0	1 // безымянный зомби-людоед
1188	255	50	230	631885.3125	14916.88574	867009.4375	0	0	1 // безымянный зомби-людоед
1188	255	50	230	634236.125	15027.18359	865221.9375	0	0	1 // безымянный зомби-людоед
1188	255	50	230	635535.625	15004.44434	861451.125	0	0	1 // безымянный зомби-людоед
1188	255	50	230	698743.0625	11296.94922	840324.25	0	0	1 // безымянный зомби-людоед
1188	255	50	230	694876.8125	11675.33496	845184.25	0	0	1 // безымянный зомби-людоед
1188	255	50	230	692843.3125	11654.37402	848335.875	0	0	1 // безымянный зомби-людоед
1188	255	50	230	696938	11661.57813	844452.6875	0	0	1 // безымянный зомби-людоед
1188	255	50	230	699221.6875	11675.40332	927740.9375	0	0	1 // безымянный зомби-людоед
1188	255	50	230	699123.0625	11687.53516	917467.4375	0	0	1 // безымянный зомби-людоед
1188	255	50	230	691489.25	11673.50293	923500.5	0	0	1 // безымянный зомби-людоед
1188	255	50	230	626716.25	11334.14648	921455.375	0	0	1 // безымянный зомби-людоед
1188	255	50	230	630618.4375	11334.02246	925142.75	0	0	1 // безымянный зомби-людоед
1188	255	50	230	632887.6875	11612.53516	920248.6875	0	0	1 // безымянный зомби-людоед
1188	255	50	230	625948.8125	11767.68164	919670.9375	0	0	1 // безымянный зомби-людоед
1188	255	50	230	624129.375	11671.51074	924324.3125	0	0	1 // безымянный зомби-людоед
1188	255	50	230	628296.5625	11710.37988	927696.3125	0	0	1 // безымянный зомби-людоед
1188	255	50	230	637220.6875	12101.6377	837537.4375	0	0	1 // безымянный зомби-людоед
1188	255	50	230	634883.5	12124.09375	841544.875	0	0	1 // безымянный зомби-людоед
1188	255	50	230	637594.9375	12124.09375	839450.0625	0	0	1 // безымянный зомби-людоед
1188	255	50	230	682217.25	12865.22266	849031.375	0	0	1 // безымянный зомби-людоед
1188	255	50	230	681749.0625	12993.60059	850408.75	0	0	1 // безымянный зомби-людоед
1188	255	50	230	670744.25	12956.39063	915868.125	0	0	1 // безымянный зомби-людоед
1188	255	50	230	666093.75	13460.87598	920483.0625	0	0	1 // безымянный зомби-людоед
1188	255	50	230	665741.1875	13094.06055	916045.4375	0	0	1 // безымянный зомби-людоед
1188	255	50	230	664403.4375	13659.24609	854363.4375	0	0	1 // безымянный зомби-людоед
1188	255	50	230	664934.5625	13661.625	853011.6875	0	0	1 // безымянный зомби-людоед
1188	255	50	230	666744.4375	13555.56641	888785.1875	0	0	1 // безымянный зомби-людоед
1188	255	50	230	647802.875	12808.9541	888772.1875	0	0	1 // безымянный зомби-людоед
1188	255	50	230	649884.125	12769.42969	890630.8125	0	0	1 // безымянный зомби-людоед
1188	255	50	230	640002.4375	12340.56152	891306.125	0	0	1 // безымянный зомби-людоед
1188	255	50	230	637247	12346.58203	890816.9375	0	0	1 // безымянный зомби-людоед
1188	255	50	230	629837.0625	14217.77148	886680.4375	0	0	1 // безымянный зомби-людоед
1188	255	50	230	629483.75	13889.41211	887852.125	0	0	1 // безымянный зомби-людоед
1188	255	50	230	630169.9375	14230.58691	884676.125	0	0	1 // безымянный зомби-людоед
1188	255	50	230	656651.625	12004.66309	843139.4375	0	0	1 // безымянный зомби-людоед
1188	255	50	230	658769.625	11848.65137	842598.0625	0	0	1 // безымянный зомби-людоед
1188	255	50	230	653427.25	12210.02441	846958.6875	0	0	1 // безымянный зомби-людоед
1188	255	50	230	650799.125	12314.67969	848037.0625	0	0	1 // безымянный зомби-людоед
1188	255	50	230	693425.9375	11794.89453	859028.875	0	0	1 // безымянный зомби-людоед
1188	255	50	230	695221.0625	11627.48438	858164.0625	0	0	1 // безымянный зомби-людоед
1188	255	50	230	701119.375	11457.0625	860088.25	0	0	1 // безымянный зомби-людоед
1188	255	50	230	703570.4375	11495.15039	861886.5	0	0	1 // безымянный зомби-людоед
1188	255	50	230	702857.125	14117.4834	868460.0625	0	0	1 // безымянный зомби-людоед
1188	255	50	230	701924.875	13853.89648	867867	0	0	1 // безымянный зомби-людоед
1188	255	50	230	696809.75	12224.03223	882137.0625	0	0	1 // безымянный зомби-людоед
1188	255	50	230	697705.4375	12175.05273	881326.9375	0	0	1 // безымянный зомби-людоед
1188	255	50	230	686455	11250.47168	883244.4375	0	0	1 // безымянный зомби-людоед
1188	255	50	230	688857.5625	11415.82813	884757.6875	0	0	1 // безымянный зомби-людоед
1188	255	50	230	679888.375	12131.04199	887242.9375	0	0	1 // безымянный зомби-людоед
1188	255	50	230	678135.75	12295.50391	888734.875	0	0	1 // безымянный зомби-людоед
1188	255	50	230	681808.1875	11843.93066	890580	0	0	1 // безымянный зомби-людоед
1188	255	50	230	675497.6875	11901.8252	887010.4375	0	0	1 // безымянный зомби-людоед
1188	255	50	230	646453.625	12691.88281	883933.3125	0	0	1 // безымянный зомби-людоед
1188	255	50	230	647601.4375	12575.46777	881201.6875	0	0	1 // безымянный зомби-людоед
1188	255	50	230	647449.75	12321.38574	878989.125	0	0	1 // безымянный зомби-людоед
1188	255	50	230	651972.8125	13007.13086	922661.0625	0	0	1 // безымянный зомби-людоед
1188	255	50	230	654892.8125	13239.06055	923498.875	0	0	1 // безымянный зомби-людоед
1188	255	50	230	651893.75	13063.375	918312.125	0	0	1 // безымянный зомби-людоед
1188	255	50	230	657308	13416.64453	926620	0	0	1 // безымянный зомби-людоед
1188	255	50	230	669180.3125	12975.94922	898966.0625	0	0	1 // безымянный зомби-людоед
1188	255	50	230	667743.75	12765.87598	902161	0	0	1 // безымянный зомби-людоед
1188	255	50	230	698404.875	13513.19629	877381.0625	0	0	1 // безымянный зомби-людоед
1188	255	50	230	666484.1875	13416.56445	890379.875	0	0	1 // безымянный зомби-людоед
1184	255	50	230	661369.625	13668.45117	856541.875	0	0	1 // безымянный зомби-людоед
1184	255	50	230	657678.4375	12664.31543	837857.3125	0	0	1 // безымянный зомби-людоед
1184	255	50	230	667672.5625	13900.66309	846556.5625	0	0	1 // безымянный зомби-людоед
1184	255	50	230	673319.125	12263.06641	838517	0	0	1 // безымянный зомби-людоед
1184	255	50	230	684019.5	12948.51465	848761.8125	0	0	1 // безымянный зомби-людоед
1184	255	50	230	688186	11673.49414	857929.625	0	0	1 // безымянный зомби-людоед
1184	255	50	230	680619.875	13849.40234	858994.9375	0	0	1 // безымянный зомби-людоед
1184	255	50	230	637381.75	12124.09375	840920	0	0	1 // безымянный зомби-людоед
1184	255	50	230	630553.875	11356.76172	922920.1875	0	0	1 // безымянный зомби-людоед
1184	255	50	230	631454.5625	11334.32031	922788.1875	0	0	1 // безымянный зомби-людоед
1184	255	50	230	635054.0625	12312.83301	908632.4375	0	0	1 // безымянный зомби-людоед
1184	255	50	230	639722.1875	13776.19727	905162.875	0	0	1 // безымянный зомби-людоед
1184	255	50	230	646742.375	12530.40234	919764.4375	0	0	1 // безымянный зомби-людоед
1184	255	50	230	659970.8125	13256.79688	920976.25	0	0	1 // безымянный зомби-людоед
1184	255	50	230	662137.9375	13584.00195	923742	0	0	1 // безымянный зомби-людоед
1184	255	50	230	668889.9375	12873.50391	924012.875	0	0	1 // безымянный зомби-людоед
1184	255	50	230	668561.6875	13088.41992	915616.8125	0	0	1 // безымянный зомби-людоед
1184	255	50	230	695393.0625	11366.45898	921991.9375	0	0	1 // безымянный зомби-людоед
1184	255	50	230	692223.625	13914.72754	874183.1875	0	0	1 // безымянный зомби-людоед
1184	255	50	230	694277.5	12868.18164	887335.375	0	0	1 // безымянный зомби-людоед
1184	255	50	230	689412.5625	11496.83301	887714.0625	0	0	1 // безымянный зомби-людоед
1184	255	50	230	687586.0625	11263.1416	883705.875	0	0	1 // безымянный зомби-людоед
1184	255	50	230	679269.4375	12189.70703	887178.75	0	0	1 // безымянный зомби-людоед
1184	255	50	230	675557.375	12130.84375	889333.3125	0	0	1 // безымянный зомби-людоед
1184	255	50	230	663486.3125	13776.40234	896561.875	0	0	1 // безымянный зомби-людоед
1184	255	50	230	646790.8125	12537.36719	891335.6875	0	0	1 // безымянный зомби-людоед
1184	255	50	230	647005.75	12523.48535	882063.5	0	0	1 // безымянный зомби-людоед
1184	255	50	230	656577.25	13320.7627	889481.75	0	0	1 // безымянный зомби-людоед
1184	255	50	230	651937.8125	13347.40332	880561	0	0	1 // безымянный зомби-людоед
1184	255	50	230	663832.3125	13697.66699	875491.625	0	0	1 // безымянный зомби-людоед
1184	255	50	230	672043.4375	13643.7627	880008.5625	0	0	1 // безымянный зомби-людоед
1184	255	50	230	679068.4375	13647.45703	875273.0625	0	0	1 // безымянный зомби-людоед
1184	255	50	230	666264	13504.01465	888023.5625	0	0	1 // безымянный зомби-людоед
1184	255	50	230	678555.25	12425.01563	920045.5625	0	0	1 // безымянный зомби-людоед
1184	255	50	230	676617.25	12102.4541	923855.375	0	0	1 // безымянный зомби-людоед
1184	255	50	230	675765.5625	12134.86426	922553.9375	0	0	1 // безымянный зомби-людоед
1184	255	50	230	695925	13502.72559	873926.25	0	0	1 // безымянный зомби-людоед
1184	255	50	230	678086.8125	13394.26172	879025.3125	0	0	1 // безымянный зомби-людоед
1184	255	50	230	677088.6875	13608.68555	878176.9375	0	0	1 // безымянный зомби-людоед
1184	255	50	230	666993.125	13787.77344	848636.4375	0	0	1 // безымянный зомби-людоед
1184	255	50	230	665059.8125	13596.12109	850194.1875	0	0	1 // безымянный зомби-людоед
1184	255	50	230	677475.75	12874.07813	842194.875	0	0	1 // безымянный зомби-людоед
1184	255	50	230	676418.6875	12822.85742	842482.9375	0	0	1 // безымянный зомби-людоед
1184	255	50	230	692847.0625	12670.02832	890385.4375	0	0	1 // безымянный зомби-людоед
1184	255	50	230	690327.5625	11472.17188	884428.375	0	0	1 // безымянный зомби-людоед
1184	255	50	230	663976.125	15064.3584	899524	0	0	1 // безымянный зомби-людоед
1184	255	50	230	649588.875	12525.84375	885271	0	0	1 // безымянный зомби-людоед
1184	255	50	230	639529.5	12103.43848	892701.8125	0	0	1 // безымянный зомби-людоед
1184	255	50	230	630705.3125	14680.65625	879615.5	0	0	1 // безымянный зомби-людоед
1184	255	50	230	632871.0625	14981.02832	865332.5	0	0	1 // безымянный зомби-людоед
1184	255	50	230	636878.125	14929.87793	860890.875	0	0	1 // безымянный зомби-людоед
1184	255	50	230	702049.125	13001.44141	875705.5625	0	0	1 // безымянный зомби-людоед
1184	255	50	230	699304	11296.94727	839710.375	0	0	1 // безымянный зомби-людоед
1184	255	50	230	695505	11641.69043	844925.8125	0	0	1 // безымянный зомби-людоед
1184	255	50	230	694453.4375	11678.94043	926425.1875	0	0	1 // безымянный зомби-людоед
1184	255	50	230	692792.9375	11631.78516	920342.375	0	0	1 // безымянный зомби-людоед
1184	255	50	230	633511.625	12101.30762	838578.5	0	0	1 // безымянный зомби-людоед
1184	255	50	230	633611.3125	12101.8457	841566.4375	0	0	1 // безымянный зомби-людоед
1184	255	50	230	637832.8125	12101.70508	841755.75	0	0	1 // безымянный зомби-людоед
1184	255	50	230	694690.5625	11769.33106	839979.8125	0	0	1 // безымянный зомби-людоед
1184	255	50	230	699682.6875	11453.51367	842113	0	0	1 // безымянный зомби-людоед
1184	255	50	230	684923.75	12927.22852	845214.875	0	0	1 // безымянный зомби-людоед
1184	255	50	230	686407.75	13234.25391	845587.625	0	0	1 // безымянный зомби-людоед
1184	255	50	230	667205.3125	13655.35059	919438.0625	0	0	1 // безымянный зомби-людоед
1184	255	50	230	659786.0625	13629.80957	924177.875	0	0	1 // безымянный зомби-людоед
1184	255	50	230	661529.5	13670.5625	926643.1875	0	0	1 // безымянный зомби-людоед
1184	255	50	230	649383.5	12790.02539	920314.25	0	0	1 // безымянный зомби-людоед
1184	255	50	230	651575.5	12828.9668	919773.75	0	0	1 // безымянный зомби-людоед
1184	255	50	230	658796.3125	13119.08008	920653	0	0	1 // безымянный зомби-людоед
1184	255	50	230	639762.375	11867.98242	910308	0	0	1 // безымянный зомби-людоед
1184	255	50	230	643278.25	11681.19336	912435.375	0	0	1 // безымянный зомби-людоед
1184	255	50	230	640275.875	14450.85156	903089.6875	0	0	1 // безымянный зомби-людоед
1184	255	50	230	640491.5	13783.61328	905103.375	0	0	1 // безымянный зомби-людоед
1184	255	50	230	637913.25	12149.67188	892136.75	0	0	1 // безымянный зомби-людоед
1184	255	50	230	631304.375	14005.02246	884886.375	0	0	1 // безымянный зомби-людоед
1184	255	50	230	630343.8125	14059.69434	887539.75	0	0	1 // безымянный зомби-людоед
1184	255	50	230	645088.5	12567.89063	890900.6875	0	0	1 // безымянный зомби-людоед
1184	255	50	230	628394.5625	14685.29492	878301	0	0	1 // безымянный зомби-людоед
1184	255	50	230	646031.5	12371.21777	881354.125	0	0	1 // безымянный зомби-людоед
1184	255	50	230	649700.4375	12786.6416	887904.875	0	0	1 // безымянный зомби-людоед
1184	255	50	230	646349.125	12707.21973	888073.625	0	0	1 // безымянный зомби-людоед
1184	255	50	230	656179.1875	13255.25391	886976.1875	0	0	1 // безымянный зомби-людоед
1184	255	50	230	657021.5625	13200.05078	888191.0625	0	0	1 // безымянный зомби-людоед
1184	255	50	230	653349.3125	13594.60156	880630.375	0	0	1 // безымянный зомби-людоед
1184	255	50	230	695781.6875	11621.18359	859034.4375	0	0	1 // безымянный зомби-людоед
1184	255	50	230	693972.8125	11675.90332	857982.125	0	0	1 // безымянный зомби-людоед
1184	255	50	230	692070.8125	11745.08984	858426.9375	0	0	1 // безымянный зомби-людоед
1184	255	50	230	702509.75	11511.41211	861932.1875	0	0	1 // безымянный зомби-людоед
1184	255	50	230	700339.0625	11726.36719	861791.25	0	0	1 // безымянный зомби-людоед
1184	255	50	230	701003.0625	13540.12207	867441.625	0	0	1 // безымянный зомби-людоед
1184	255	50	230	700822.0625	13338.85059	869430.3125	0	0	1 // безымянный зомби-людоед
1184	255	50	230	644138.125	12344.77344	879832.4375	0	0	1 // безымянный зомби-людоед
1184	255	50	230	645587.125	12376.66406	882388.125	0	0	1 // безымянный зомби-людоед
1184	255	50	230	693629.75	14194.66406	877141.75	0	0	1 // безымянный зомби-людоед
1184	255	50	230	691039.375	13760.68555	874357.375	0	0	1 // безымянный зомби-людоед
1184	255	50	230	691659.25	13519.93457	872730.5	0	0	1 // безымянный зомби-людоед
1184	255	50	230	686259.5625	12697.77344	851989.5625	0	0	1 // безымянный зомби-людоед
1184	255	50	230	667394.5625	13571.44727	886577.1875	0	0	1 // безымянный зомби-людоед
1184	255	50	230	666601.375	13515.45801	885083.75	0	0	1 // безымянный зомби-людоед
1190	255	50	230	658288.9375	13764.25	854525.6875	0	0	1 // безымянный зомби-людоед
1190	255	50	230	651727.6875	12335.47754	846688.875	0	0	1 // безымянный зомби-людоед
1190	255	50	230	671526.125	13699.92871	847416.0625	0	0	1 // безымянный зомби-людоед
1190	255	50	230	671878.5	12266.48926	836410.25	0	0	1 // безымянный зомби-людоед
1190	255	50	230	687147.1875	12463.14844	849545.875	0	0	1 // безымянный зомби-людоед
1190	255	50	230	687877.4375	11583.05273	854845.5	0	0	1 // безымянный зомби-людоед
1190	255	50	230	681459.375	13905.2207	856801.3125	0	0	1 // безымянный зомби-людоед
1190	255	50	230	636013.9375	12102.19531	836971.4375	0	0	1 // безымянный зомби-людоед
1190	255	50	230	625824.9375	11334.92578	923300.875	0	0	1 // безымянный зомби-людоед
1190	255	50	230	636066.9375	12359.64258	910259.25	0	0	1 // безымянный зомби-людоед
1190	255	50	230	639460.3125	14547.89356	902889.0625	0	0	1 // безымянный зомби-людоед
1190	255	50	230	649926.75	12822.16504	921500.75	0	0	1 // безымянный зомби-людоед
1190	255	50	230	658213.5	13106.61328	919286.9375	0	0	1 // безымянный зомби-людоед
1190	255	50	230	660470.25	13622.95703	924952.6875	0	0	1 // безымянный зомби-людоед
1190	255	50	230	669748.8125	12916.04395	922943.5625	0	0	1 // безымянный зомби-людоед
1190	255	50	230	667008.125	13107.07422	915776.1875	0	0	1 // безымянный зомби-людоед
1190	255	50	230	694542.5	11343.91016	923460.25	0	0	1 // безымянный зомби-людоед
1190	255	50	230	697683.1875	11345.06934	925619.1875	0	0	1 // безымянный зомби-людоед
1190	255	50	230	695464.8125	12383.875	885732	0	0	1 // безымянный зомби-людоед
1190	255	50	230	686994.25	11370.10352	885287.9375	0	0	1 // безымянный зомби-людоед
1190	255	50	230	681891.4375	11970.04883	887978.4375	0	0	1 // безымянный зомби-людоед
1190	255	50	230	677233.25	12144.85449	886425.9375	0	0	1 // безымянный зомби-людоед
1190	255	50	230	674374	12068.14551	889851.125	0	0	1 // безымянный зомби-людоед
1190	255	50	230	664874.3125	14546.24512	897706.875	0	0	1 // безымянный зомби-людоед
1190	255	50	230	643286.375	12461.84277	888749.125	0	0	1 // безымянный зомби-людоед
1190	255	50	230	648326.5625	12801.06738	887886.1875	0	0	1 // безымянный зомби-людоед
1190	255	50	230	649656.25	12804.72363	881410.9375	0	0	1 // безымянный зомби-людоед
1190	255	50	230	654130	13749.67871	880152.4375	0	0	1 // безымянный зомби-людоед
1190	255	50	230	654559	13677.13965	887898.25	0	0	1 // безымянный зомби-людоед
1190	255	50	230	661487.875	13885.51953	875748.0625	0	0	1 // безымянный зомби-людоед
1190	255	50	230	672172.9375	13661.24316	876945.8125	0	0	1 // безымянный зомби-людоед
1190	255	50	230	679626	13652.125	871244.4375	0	0	1 // безымянный зомби-людоед
1190	255	50	230	665323	13271.3457	890818.75	0	0	1 // безымянный зомби-людоед
1190	255	50	230	676809.25	12205.96387	917793.25	0	0	1 // безымянный зомби-людоед
1190	255	50	230	642898.75	11541.41113	913665.1875	0	0	1 // безымянный зомби-людоед
1190	255	50	230	661588.875	13089.43164	849446.4375	0	0	1 // безымянный зомби-людоед
1190	255	50	230	669520.9375	13707.0791	847626.5625	0	0	1 // безымянный зомби-людоед
1190	255	50	230	668531.3125	12229.71484	841362	0	0	1 // безымянный зомби-людоед
1190	255	50	230	668091.3125	12102.32031	837456.0625	0	0	1 // безымянный зомби-людоед
1190	255	50	230	686005.5625	12630.80176	848473.5625	0	0	1 // безымянный зомби-людоед
1190	255	50	230	699492.6875	13371.97363	876389.1875	0	0	1 // безымянный зомби-людоед
1190	255	50	230	694145.75	12581.05566	884986.125	0	0	1 // безымянный зомби-людоед
1190	255	50	230	689990.6875	11454.92383	888660.6875	0	0	1 // безымянный зомби-людоед
1190	255	50	230	688018.4375	11257.81055	881779.3125	0	0	1 // безымянный зомби-людоед
1190	255	50	230	651155.0625	12732.87793	918769.25	0	0	1 // безымянный зомби-людоед
1190	255	50	230	676062.125	13651.99902	873251.0625	0	0	1 // безымянный зомби-людоед
1190	255	50	230	675317.5	13652.00098	875233.75	0	0	1 // безымянный зомби-людоед
1190	255	50	230	681610.625	12518.33984	876142.4375	0	0	1 // безымянный зомби-людоед
1190	255	50	230	680446.6875	12760.39258	877873.5625	0	0	1 // безымянный зомби-людоед
1190	255	50	230	676724	13654.60547	858100.3125	0	0	1 // безымянный зомби-людоед
1190	255	50	230	662863.375	15172.49316	899510.375	0	0	1 // безымянный зомби-людоед
1190	255	50	230	667353	13589.3457	884946.75	0	0	1 // безымянный зомби-людоед
1190	255	50	230	648511.125	12594.72754	883215.375	0	0	1 // безымянный зомби-людоед
1190	255	50	230	650798.0625	12718.81348	888341.25	0	0	1 // безымянный зомби-людоед
1190	255	50	230	638659.4375	13400.5	906547.875	0	0	1 // безымянный зомби-людоед
1190	255	50	230	630295.5	14860.66016	866997.875	0	0	1 // безымянный зомби-людоед
1190	255	50	230	700951.375	13346.00977	873127.75	0	0	1 // безымянный зомби-людоед
1190	255	50	230	692214.75	11648.8457	849229.875	0	0	1 // безымянный зомби-людоед
1190	255	50	230	702736.3125	11708.38867	923562.0625	0	0	1 // безымянный зомби-людоед
1190	255	50	230	697466.0625	11570.61035	928150	0	0	1 // безымянный зомби-людоед
1190	255	50	230	628239.625	11200.19727	923012.1875	0	0	1 // безымянный зомби-людоед
1190	255	50	230	628586	11200.19727	923743.5	0	0	1 // безымянный зомби-людоед
1190	255	50	230	629281	11200.19629	923009.75	0	0	1 // безымянный зомби-людоед
1190	255	50	230	632271.25	12453.99512	836716.9375	0	0	1 // безымянный зомби-людоед
1190	255	50	230	637410.9375	12488.57813	835316.75	0	0	1 // безымянный зомби-людоед
1190	255	50	230	640896.8125	12495.92969	840109.5625	0	0	1 // безымянный зомби-людоед
1190	255	50	230	633683.75	12559.96387	843963.125	0	0	1 // безымянный зомби-людоед
1190	255	50	230	638221.375	12101.53613	838633.5625	0	0	1 // безымянный зомби-людоед
1190	255	50	230	640808.125	12548.33984	843072.0625	0	0	1 // безымянный зомби-людоед
1190	255	50	230	697933.4375	11453.51367	839245.375	0	0	1 // безымянный зомби-людоед
1190	255	50	230	700981.875	11453.51367	841572.1875	0	0	1 // безымянный зомби-людоед
1190	255	50	230	704134	11746.52539	839635.4375	0	0	1 // безымянный зомби-людоед
1190	255	50	230	697492.3125	11748.30859	835594.375	0	0	1 // безымянный зомби-людоед
1190	255	50	230	694722.3125	11809.0918	841764.375	0	0	1 // безымянный зомби-людоед
1190	255	50	230	700005.1875	11727.2627	845015.3125	0	0	1 // безымянный зомби-людоед
1190	255	50	230	647066.125	12674.96777	887475.625	0	0	1 // безымянный зомби-людоед
1190	255	50	230	647757.75	12755.06348	890297.125	0	0	1 // безымянный зомби-людоед
1190	255	50	230	644405.3125	12509.16797	888340.9375	0	0	1 // безымянный зомби-людоед
1190	255	50	230	631279.1875	13832.11426	886031.125	0	0	1 // безымянный зомби-людоед
1190	255	50	230	636306.75	12272.01953	891488.6875	0	0	1 // безымянный зомби-людоед
1190	255	50	230	641555.875	12299.43555	891920.5	0	0	1 // безымянный зомби-людоед
1190	255	50	230	646514.875	12329.65039	880396.5625	0	0	1 // безымянный зомби-людоед
1190	255	50	230	647813.1875	12468.46875	880425.4375	0	0	1 // безымянный зомби-людоед
1190	255	50	230	655396.6875	13513.74316	887401.25	0	0	1 // безымянный зомби-людоед
1190	255	50	230	629485.1875	14642.00977	877253.875	0	0	1 // безымянный зомби-людоед
1190	255	50	230	630686.6875	14778.44727	878123.3125	0	0	1 // безымянный зомби-людоед
1190	255	50	230	629320.875	14644.80273	875957.9375	0	0	1 // безымянный зомби-людоед
1190	255	50	230	650962.375	13242.82617	880140.4375	0	0	1 // безымянный зомби-людоед
1190	255	50	230	647744.8125	12652.07031	850095.6875	0	0	1 // безымянный зомби-людоед
1190	255	50	230	650802.375	12334.29981	849385.9375	0	0	1 // безымянный зомби-людоед
1190	255	50	230	647074.0625	12605.89356	847569.5	0	0	1 // безымянный зомби-людоед
1190	255	50	230	656262.3125	12499.98731	848590.875	0	0	1 // безымянный зомби-людоед
1190	255	50	230	654904.375	12355.22266	847817.0625	0	0	1 // безымянный зомби-людоед
1190	255	50	230	658159.3125	11834.59668	839579.375	0	0	1 // безымянный зомби-людоед
1190	255	50	230	660142.4375	11830.8457	837729.9375	0	0	1 // безымянный зомби-людоед
1190	255	50	230	703460.5	11490.61914	859104	0	0	1 // безымянный зомби-людоед
1190	255	50	230	701429.5625	11468.15039	858547.625	0	0	1 // безымянный зомби-людоед
1190	255	50	230	702650.4375	11476	861087.875	0	0	1 // безымянный зомби-людоед
1190	255	50	230	703592.5	14364.5	868928.25	0	0	1 // безымянный зомби-людоед
1190	255	50	230	698503.75	12240.02246	880703.3125	0	0	1 // безымянный зомби-людоед
1190	255	50	230	695939.4375	12553.06836	880014.5625	0	0	1 // безымянный зомби-людоед
1190	255	50	230	640587.5625	12799.2627	882158.625	0	0	1 // безымянный зомби-людоед
1190	255	50	230	644882.6875	12404.80078	884051.25	0	0	1 // безымянный зомби-людоед
1190	255	50	230	666007	12459.68164	907117.3125	0	0	1 // безымянный зомби-людоед
1190	255	50	230	666330.6875	12598.01563	905198.6875	0	0	1 // безымянный зомби-людоед
1190	255	50	230	667277.4375	12725.15918	900825.8125	0	0	1 // безымянный зомби-людоед
1190	255	50	230	686680.4375	11634.10938	854698	0	0	1 // безымянный зомби-людоед
1190	255	50	230	691500.125	11731.64746	857375.1875	0	0	1 // безымянный зомби-людоед
1190	255	50	230	683657.0625	12877.16016	853036.3125	0	0	1 // безымянный зомби-людоед
1190	255	50	230	689190.75	11568.96484	855061.3125	0	0	1 // безымянный зомби-людоед
1190	255	50	230	696198.125	11622.55566	859743.5	0	0	1 // безымянный зомби-людоед
1190	255	50	230	695724.4375	14097.00391	877280.9375	0	0	1 // безымянный зомби-людоед
1190	255	50	230	695015.5625	13915.96094	875470.5	0	0	1 // безымянный зомби-людоед
1190	255	50	230	693982.5	12828.19336	888143.3125	0	0	1 // безымянный зомби-людоед
1190	255	50	230	695417.4375	12298.88379	887051.8125	0	0	1 // безымянный зомби-людоед
1190	255	50	230	682356.75	12010.60938	880090.0625	0	0	1 // безымянный зомби-людоед
1190	255	50	230	685210.9375	11262.64063	880607.375	0	0	1 // безымянный зомби-людоед
1190	255	50	230	677605.125	12266.57031	890450.625	0	0	1 // безымянный зомби-людоед
1190	255	50	230	674449.125	11665.10352	886596.4375	0	0	1 // безымянный зомби-людоед
1190	255	50	230	669731.375	12904.86719	897509.3125	0	0	1 // безымянный зомби-людоед
1190	255	50	230	678781	11796.03223	914677.875	0	0	1 // безымянный зомби-людоед
1190	255	50	230	677193.875	11600.64844	914466.6875	0	0	1 // безымянный зомби-людоед
1190	255	50	230	671789.4375	12703.84668	915263.375	0	0	1 // безымянный зомби-людоед
1190	255	50	230	668095.9375	13670.54688	919396.9375	0	0	1 // безымянный зомби-людоед
1190	255	50	230	669103.75	13626.12305	918771.75	0	0	1 // безымянный зомби-людоед
1190	255	50	230	667832.6875	13174.78516	924754.5	0	0	1 // безымянный зомби-людоед
1190	255	50	230	647141.875	12606.41406	921087.4375	0	0	1 // безымянный зомби-людоед
1190	255	50	230	660224.3125	13951.17871	876457.25	0	0	1 // безымянный зомби-людоед
1190	255	50	230	656568.125	13609.45703	878318.6875	0	0	1 // безымянный зомби-людоед
1190	255	50	230	655844.5625	13569.83203	880301.5	0	0	1 // безымянный зомби-людоед
1190	255	50	230	657192.125	13195.31641	883709.8125	0	0	1 // безымянный зомби-людоед
1190	255	50	230	659555.625	13771.44824	880832.9375	0	0	1 // безымянный зомби-людоед
1190	255	50	230	664254	13944.71191	881282.9375	0	0	1 // безымянный зомби-людоед
1190	255	50	230	667101.5625	13692.24023	880170.5	0	0	1 // безымянный зомби-людоед
1190	255	50	230	663842.6875	13718.3418	882566.0625	0	0	1 // безымянный зомби-людоед
1189	255	50	230	656976.25	12601.11133	850075.75	0	0	1 // Деревня Роден Зомби Гиена
1189	255	50	230	657030.4375	12563.95313	847078.4375	0	0	1 // Деревня Роден Зомби Гиена
1189	255	50	230	650318.8125	12535.44727	850290.8125	0	0	1 // Деревня Роден Зомби Гиена
1189	255	50	230	657518.4375	11841.08691	840930.9375	0	0	1 // Деревня Роден Зомби Гиена
1189	255	50	230	668627.125	13757.93164	850117.8125	0	0	1 // Деревня Роден Зомби Гиена
1189	255	50	230	666560.75	12187.32031	840505.8125	0	0	1 // Деревня Роден Зомби Гиена
1189	255	50	230	681851.375	13601.44043	859811.375	0	0	1 // Деревня Роден Зомби Гиена
1189	255	50	230	632968.9375	12102.35449	840533.125	0	0	1 // Деревня Роден Зомби Гиена
1189	255	50	230	628502.25	11334.54492	926008.125	0	0	1 // Деревня Роден Зомби Гиена
1189	255	50	230	641949.5625	13993.16797	904881.625	0	0	1 // Деревня Роден Зомби Гиена
1189	255	50	230	646891.4375	12758.47852	922718.3125	0	0	1 // Деревня Роден Зомби Гиена
1189	255	50	230	660672.8125	13537.40039	922679.9375	0	0	1 // Деревня Роден Зомби Гиена
1189	255	50	230	670058.6875	13600.41992	920719.625	0	0	1 // Деревня Роден Зомби Гиена
1189	255	50	230	669759.6875	13215.15918	916501.6875	0	0	1 // Деревня Роден Зомби Гиена
1189	255	50	230	696138.875	11343.86719	920121	0	0	1 // Деревня Роден Зомби Гиена
1189	255	50	230	699898	11344.23242	922331.625	0	0	1 // Деревня Роден Зомби Гиена
1189	255	50	230	694466	14234.55371	878131.0625	0	0	1 // Деревня Роден Зомби Гиена
1189	255	50	230	696175.75	12442.34473	884599	0	0	1 // Деревня Роден Зомби Гиена
1189	255	50	230	684826.625	11278.94629	883719.125	0	0	1 // Деревня Роден Зомби Гиена
1189	255	50	230	679339.5	12223.24219	889092.0625	0	0	1 // Деревня Роден Зомби Гиена
1189	255	50	230	673824.0625	12043.4375	892023.3125	0	0	1 // Деревня Роден Зомби Гиена
1189	255	50	230	644367.375	12363.3584	884309	0	0	1 // Деревня Роден Зомби Гиена
1189	255	50	230	654184.1875	13477.39063	883452.125	0	0	1 // Деревня Роден Зомби Гиена
1189	255	50	230	681181.5625	13656.08984	869959.5	0	0	1 // Деревня Роден Зомби Гиена
1189	255	50	230	681114.6875	13656.88086	873750	0	0	1 // Деревня Роден Зомби Гиена
1189	255	50	230	663556.125	13184.47852	889815.4375	0	0	1 // Деревня Роден Зомби Гиена
1189	255	50	230	668082.5	13606.98633	920679.8125	0	0	1 // Деревня Роден Зомби Гиена
1189	255	50	230	645848.1875	12644.62988	887158.3125	0	0	1 // Деревня Роден Зомби Гиена
1189	255	50	230	678593.0625	12262.68945	916329.8125	0	0	1 // Деревня Роден Зомби Гиена
1189	255	50	230	678773.25	12423.41797	918669	0	0	1 // Деревня Роден Зомби Гиена
1189	255	50	230	677761.4375	12221.79883	922965.875	0	0	1 // Деревня Роден Зомби Гиена
1189	255	50	230	640994	11660.69238	915235.25	0	0	1 // Деревня Роден Зомби Гиена
1189	255	50	230	643748.375	12180.57422	910018.375	0	0	1 // Деревня Роден Зомби Гиена
1189	255	50	230	664526.6875	13651.55273	847078.3125	0	0	1 // Деревня Роден Зомби Гиена
1189	255	50	230	684947.25	12680.62109	849942.4375	0	0	1 // Деревня Роден Зомби Гиена
1189	255	50	230	689480.5625	11643.22461	856492.625	0	0	1 // Деревня Роден Зомби Гиена
1189	255	50	230	695899.375	14023.48145	875974.5	0	0	1 // Деревня Роден Зомби Гиена
1189	255	50	230	673770.125	13958.4375	859146	0	0	1 // Деревня Роден Зомби Гиена
1189	255	50	230	669149	13661.16113	852235.9375	0	0	1 // Деревня Роден Зомби Гиена
1189	255	50	230	669121.6875	13663.47852	853497.6875	0	0	1 // Деревня Роден Зомби Гиена
1189	255	50	230	665508.75	14592.65625	898608.5625	0	0	1 // Деревня Роден Зомби Гиена
1189	255	50	230	669175.8125	13905.87695	890129.0625	0	0	1 // Деревня Роден Зомби Гиена
1189	255	50	230	633432.5625	15011.96777	867231.625	0	0	1 // Деревня Роден Зомби Гиена
1189	255	50	230	701587.25	13156.83398	874592.6875	0	0	1 // Деревня Роден Зомби Гиена
1189	255	50	230	694773.25	11717.67676	846388.625	0	0	1 // Деревня Роден Зомби Гиена
1189	255	50	230	697258.8125	11671.59961	918065.0625	0	0	1 // Деревня Роден Зомби Гиена
1189	255	50	230	702053.5	11622.03711	924960.5	0	0	1 // Деревня Роден Зомби Гиена
1189	255	50	230	692163	11700.60254	922585.6875	0	0	1 // Деревня Роден Зомби Гиена
1189	255	50	230	634286.0625	12497.84082	835399.25	0	0	1 // Деревня Роден Зомби Гиена
1189	255	50	230	631569.6875	12476.97461	842228	0	0	1 // Деревня Роден Зомби Гиена
1189	255	50	230	639727.375	12454.67871	842402.25	0	0	1 // Деревня Роден Зомби Гиена
1189	255	50	230	640346.3125	12520.11719	838364.5	0	0	1 // Деревня Роден Зомби Гиена
1189	255	50	230	697542.3125	11430.61231	842286.75	0	0	1 // Деревня Роден Зомби Гиена
1189	255	50	230	697111.875	11431.56934	838680.625	0	0	1 // Деревня Роден Зомби Гиена
1189	255	50	230	699979.5625	11430.76367	843039.8125	0	0	1 // Деревня Роден Зомби Гиена
1189	255	50	230	701853.625	11431.29981	839181.6875	0	0	1 // Деревня Роден Зомби Гиена
1189	255	50	230	703986.6875	11752.89941	841278.375	0	0	1 // Деревня Роден Зомби Гиена
1189	255	50	230	696403.9375	11681.58008	836354.25	0	0	1 // Деревня Роден Зомби Гиена
1189	255	50	230	697521.8125	11692.8418	845109.5	0	0	1 // Деревня Роден Зомби Гиена
1189	255	50	230	628699.3125	14663.08301	874874.9375	0	0	1 // Деревня Роден Зомби Гиена
1189	255	50	230	629648	14604.25586	878807.5625	0	0	1 // Деревня Роден Зомби Гиена
1189	255	50	230	632622.3125	14932.0625	866592.0625	0	0	1 // Деревня Роден Зомби Гиена
1189	255	50	230	627377.3125	15041.25586	874181.1875	0	0	1 // Деревня Роден Зомби Гиена
1189	255	50	230	662154.375	11850.86816	838435.875	0	0	1 // Деревня Роден Зомби Гиена
1189	255	50	230	660734.9375	11860.40039	838650.25	0	0	1 // Деревня Роден Зомби Гиена
1189	255	50	230	672160.8125	12167.52637	838505.0625	0	0	1 // Деревня Роден Зомби Гиена
1189	255	50	230	671871.4375	12232.61816	839874.9375	0	0	1 // Деревня Роден Зомби Гиена
1189	255	50	230	690201.4375	11740.7832	857909.375	0	0	1 // Деревня Роден Зомби Гиена
1189	255	50	230	686358.1875	11584.09766	856786.8125	0	0	1 // Деревня Роден Зомби Гиена
1189	255	50	230	678578.3125	13555.57031	854927.375	0	0	1 // Деревня Роден Зомби Гиена
1189	255	50	230	678563.375	13652.00098	874135	0	0	1 // Деревня Роден Зомби Гиена
1189	255	50	230	666948.0625	13652.84473	877708.3125	0	0	1 // Деревня Роден Зомби Гиена
1189	255	50	230	672124.9375	13648.22363	878407.625	0	0	1 // Деревня Роден Зомби Гиена
1189	255	50	230	662030.875	13892.61719	876641.125	0	0	1 // Деревня Роден Зомби Гиена
1189	255	50	230	662673.9375	13947.37793	878226.625	0	0	1 // Деревня Роден Зомби Гиена
1189	255	50	230	658915.375	13843.3584	877920.0625	0	0	1 // Деревня Роден Зомби Гиена
1189	255	50	230	649591.6875	12853.6084	889174.25	0	0	1 // Деревня Роден Зомби Гиена
1189	255	50	230	653518.3125	13622.30859	887943.3125	0	0	1 // Деревня Роден Зомби Гиена
1189	255	50	230	648725.3125	12768.47852	881522	0	0	1 // Деревня Роден Зомби Гиена
1189	255	50	230	646136.875	12734.98047	890405.8125	0	0	1 // Деревня Роден Зомби Гиена
1189	255	50	230	637386.125	12228.05273	893231.8125	0	0	1 // Деревня Роден Зомби Гиена
1189	255	50	230	640478.0625	12155.05078	892347.5625	0	0	1 // Деревня Роден Зомби Гиена
1189	255	50	230	632155.25	13641.2666	886303.6875	0	0	1 // Деревня Роден Зомби Гиена
1189	255	50	230	630171.625	13047.43359	889562.125	0	0	1 // Деревня Роден Зомби Гиена
1189	255	50	230	652275.5625	12219.76563	847199.625	0	0	1 // Деревня Роден Зомби Гиена
1189	255	50	230	672183.3125	13644.78223	848846.875	0	0	1 // Деревня Роден Зомби Гиена
1189	255	50	230	676226.875	12858.29688	843676.6875	0	0	1 // Деревня Роден Зомби Гиена
1189	255	50	230	674521.4375	12506.00977	841952.375	0	0	1 // Деревня Роден Зомби Гиена
1189	255	50	230	686025.75	12669.77734	850179.625	0	0	1 // Деревня Роден Зомби Гиена
1189	255	50	230	700568.125	11434.43555	859742.5625	0	0	1 // Деревня Роден Зомби Гиена
1189	255	50	230	699559.9375	11526.54102	859491	0	0	1 // Деревня Роден Зомби Гиена
1189	255	50	230	703871.125	11495.78516	861033.5	0	0	1 // Деревня Роден Зомби Гиена
1189	255	50	230	703578.375	14261.46387	868171.3125	0	0	1 // Деревня Роден Зомби Гиена
1189	255	50	230	704170.625	14183.67188	867643.375	0	0	1 // Деревня Роден Зомби Гиена
1189	255	50	230	697016.5	12129.32129	880616.4375	0	0	1 // Деревня Роден Зомби Гиена
1189	255	50	230	697594.4375	12285.33887	883202.1875	0	0	1 // Деревня Роден Зомби Гиена
1189	255	50	230	657286.8125	13030.20606	917390.8125	0	0	1 // Деревня Роден Зомби Гиена
1189	255	50	230	659489.4375	13237.36621	916874.8125	0	0	1 // Деревня Роден Зомби Гиена
1189	255	50	230	656214.75	13184.69531	922514.125	0	0	1 // Деревня Роден Зомби Гиена
1189	255	50	230	651712.375	12840.10254	921318.0625	0	0	1 // Деревня Роден Зомби Гиена
1189	255	50	230	648195.5	12758.36035	919416.875	0	0	1 // Деревня Роден Зомби Гиена
1189	255	50	230	666520.625	13165.14844	899974.5	0	0	1 // Деревня Роден Зомби Гиена
1189	255	50	230	667960.1875	12785.56152	899814.5625	0	0	1 // Деревня Роден Зомби Гиена
1189	255	50	230	666517.6875	12688.19336	903022.875	0	0	1 // Деревня Роден Зомби Гиена
1189	255	50	230	690567.1875	13544.75195	873132.125	0	0	1 // Деревня Роден Зомби Гиена
1189	255	50	230	690145.625	14047.87598	875004.75	0	0	1 // Деревня Роден Зомби Гиена
1189	255	50	230	692392.8125	14014.64453	874774.5	0	0	1 // Деревня Роден Зомби Гиена
1189	255	50	230	693011.875	13577.45898	872986	0	0	1 // Деревня Роден Зомби Гиена
1189	255	50	230	694598.5625	12684.01758	886394.6875	0	0	1 // Деревня Роден Зомби Гиена
1189	255	50	230	690582.375	11495.52051	889787.625	0	0	1 // Деревня Роден Зомби Гиена
1189	255	50	230	688780.125	11473.65918	888793.8125	0	0	1 // Деревня Роден Зомби Гиена
1189	255	50	230	658846.8125	13795.61328	881074.6875	0	0	1 // Деревня Роден Зомби Гиена
1189	255	50	230	692633.625	12313.44531	859403.25	0	0	1 // Деревня Роден Зомби Гиена
1189	255	50	230	696643.8125	11581.40039	857844.6875	0	0	1 // Деревня Роден Зомби Гиена
1187	255	50	230	658912.5	11800.93848	838562.9375	0	0	1 // Безымянный оттенок
1187	255	50	230	669966.625	12203.91309	839650.125	0	0	1 // Безымянный оттенок
1187	255	50	230	641397.0625	14352.12402	903610.9375	0	0	1 // Безымянный оттенок
1187	255	50	230	648205.25	12694.00586	920896.5	0	0	1 // Безымянный оттенок
1187	255	50	230	660979.0625	13605.07422	924240.875	0	0	1 // Безымянный оттенок
1187	255	50	230	668191.5	13366.86231	921936.625	0	0	1 // Безымянный оттенок
1187	255	50	230	668210.1875	13419.75293	916896.375	0	0	1 // Безымянный оттенок
1187	255	50	230	685134.5625	11391.62402	885020.875	0	0	1 // Безымянный оттенок
1187	255	50	230	680436.875	12139.03516	887950.4375	0	0	1 // Безымянный оттенок
1187	255	50	230	645543.5625	12714.1084	889513	0	0	1 // Безымянный оттенок
1187	255	50	230	653006.5	13232.74316	881738.625	0	0	1 // Безымянный оттенок
1187	255	50	230	663491.875	13812.12793	877169.75	0	0	1 // Безымянный оттенок
1187	255	50	230	674140.625	13651.27344	876808	0	0	1 // Безымянный оттенок
1187	255	50	230	680168.375	13670.73926	872042.4375	0	0	1 // Безымянный оттенок
1187	255	50	230	665837.0625	13352.36719	889533.9375	0	0	1 // Безымянный оттенок
1187	255	50	230	684751.6875	13067.8291	848385.5625	0	0	1 // Безымянный оттенок
1187	255	50	230	655991.5625	13471.04785	888587.125	0	0	1 // Безымянный оттенок
1187	255	50	230	692380.125	12152.80371	886311.4375	0	0	1 // Безымянный оттенок
1187	255	50	230	696730.5	13713.30078	875524.3125	0	0	1 // Безымянный оттенок
1187	255	50	230	668379	13696.00098	848389.8125	0	0	1 // Безымянный оттенок
1187	255	50	230	701392.625	11477.80566	860855.625	0	0	1 // Безымянный оттенок
1187	255	50	230	642124.6875	12480.61328	891240.3125	0	0	1 // Безымянный оттенок
1187	255	50	230	677765.625	12169.51172	887073.0625	0	0	1 // Безымянный оттенок
1187	255	50	230	629686.125	14085.13086	887335.75	0	0	1 // Безымянный оттенок
1187	255	50	230	650252.1875	12300.26465	848615.9375	0	0	1 // Безымянный оттенок
1187	255	50	230	688134.8125	11606.16602	855806.125	0	0	1 // Безымянный оттенок
1191	255	50	230	628757.5625	11166	923205.8125	0	0	1 //безымянный дурахан
1192	255	50	230	697118.75	11165	922659.5625	0	0	1 //безымянный лич
1193	255	50	230	635841.0625	11925	839870.5	0	0	1 //безымянная кость
1194	255	50	230	699381.3125	11286	840411.375	0	0	1 // безымянный зомби-людоед
1688	255	50	230	654739.5	14266.95313	915475.3125	1	0	1 //без имени <сила
1208	255	50	210	655107	18756.93555	868811.0625	1	0	1 //безымянный <боугард>/nmai
1206	255	50	210	655006.625	18756.93555	866972.8125	1	0	1 //Безымянный <защитник лука>/nАнна
1207	255	50	210	655051.25	18756.93555	866085.5	1	0	1 //Безымянный <защитник лука>/nНаоми
1209	255	50	210	655020.75	18756.93359	864329.5625	1	0	1 //Безымянный <боугард>/nScylla
1594	255	50	220	687621.375	16586.29297	868045.5625	1	0	1 //безымянный <bowguard>/ntina
1595	255	50	220	686790.25	16586.29297	868041	1	0	1 //Безымянный <защитник лука>/nAyane
1596	255	50	220	687624	16586.29297	865815.25	1	0	1 //Безымянный <защитник лука>/nHelena
1603	255	50	220	686766	16586.29297	865813.3125	1	0	1 //Безымянный <Легкий Страж>/нСяоюй
1605	255	50	220	688393.5	16586.29297	866950.1875	1	0	//Безымянный <Легкий Страж>/nЛеона
1608	255	50	220	686412.8125	16586.29297	866953.125	1	0	1 //Безымянный <защитник лука>/nSulli
1125	255	50	230	625056.5	14879.54492	867769.25	1	0	1 //Безымянный <телепорт возвращается в лагерь>/nДженнифер
1371	255	50	230	650894.0625	13037.53906	892171.25	1	0	1 //Безымянный <Руководитель охоты>/n Белдорф
1375	255	50	230	692268.9375	11524.42481	884492.625	1	0	1 //безымянный <охотничий проводник>/н диорабин
1131	255	255	5	188307.2031	23480.74219	105385.9375	1	0	1 //Безымянный <Лоден>/nChaos Battle Manager
1130	10	255	10	427327.875	21132.94531	141670.9688	1	0	1 //Безымянный <Вирон>/nChaos Battle Manager
1129	10	10	255	201414.4375	12563.00293	221685.2969	1	0	1 //Безымянный <Черная земля>/nChaos Battle Manager
1128	255	10	10	350900.4063	16043.68848	297442.9063	1	0	1 //Безымянный <Эшберн>/nChaos Battle Manager
1135	255	255	5	188624.9531	23480.75195	106170.3203	1	0	1 //Без имени <Магазин очков чести>/n Кака
1134	10	255	10	427047.6563	21132.64453	141670.2188	1	0	1 //Безымянный <Магазин очков чести>/nСтив
1133	10	10	255	201565.2656	12563.33887	221910.3125	1	0	1 //Безымянный <Магазин очков чести>/nAlex
1132	255	10	10	351296.5938	16043.34082	297467.7188	1	0	1 // Без имени <Магазин очков чести>/nNani
1350	255	10	10	351773.9375	16040.2666	297534.6875	1	0	1 //Деревня Эшберн <Эшберн>/nChaos
1351	255	10	10	352089.6563	16041.93555	297731.9688	0	0	1 //Деревня Эшберн <Эшберн>/nChaos Point Merchant
1416	255	10	10	352361.1875	16040.45117	298068.125	1	0	1 //Деревня Эшберн <Группа по исследованию реликвий>/nRahead
1348	10	10	255	201928.25	12563.9668	222406.25	1	0	//Блэкленд <Блэкленд>/nChaos
1349	10	10	255	201757.6563	12563.0293	222134.6875	0	0	1 //Черная земля <Земля Блан>/nChaos Point Merchant
1346	10	255	10	427762.0625	21134.1875	141293.7188	1	0	1 //Деревня Байронов <Байрон>/nChaos
1347	10	255	10	427779.9688	21133.77148	140907.25	0	0	1 //Деревня Байронов <Байрон>/nChaos Point Merchant
1344	255	255	5	189072.8438	23479.27344	106499.6797	1	0	1 //Безымянный <Лоден>/nChaos
1345	255	255	5	189841.0781	23480.5	106492.4922	0	0	1 //Безымянный <Лоден>/nChaos Point Торговец
1343	255	10	10	364416.7188	15777.38672	291617.375	1	0	1 // Колыбель в деревне Эшберн
1822	255	10	10	363646.5313	15777.73926	290194.625	1	0	1 //безымянный <хаос
107479	255	10	10	364343.4688	15777.53125	291513.5313	1	0	1 //безымянный <сержант снабжения>/ncradle
107480	255	10	10	364458.5938	15777.5332	291724.0625	1	0	1 //безымянный <сержант снабжения>/ncradle
726	255	255	115	1023565.125	12304.09668	1117804.25	0	0	1 //Деревня Байронов <Зона боя
2161	255	255	115	1025044.813	11671.79981	1117722.375	0	0	1 //Деревня Байронов <Зона боя>/nLoop
726	255	255	115	1023234.625	12304.09668	1119399.25	0	0	1 //Деревня Байронов <Зона боя
2162	255	255	115	1021658.938	11671.79883	1119544.875	0	0	1 //Деревня Байронов <Зона боя>/nLoop
1717	255	5	1	836961.4375	14276.16602	44097.08984	1	0	1 //Безымянное поле битвы
1717	255	5	1	864212.4375	14301.56641	19013.94727	1	0	1 //Безымянное поле битвы
1718	255	5	1	838468.375	14282.83594	45960.16797	1	0	1 // безымянная интеграция
1718	255	5	1	862618.875	14289.91602	17113.92188	1	0	1 // безымянная интеграция
1660	255	5	1	856272.125	12237.67773	27040.54883	1	0	1 // безымянного солнца
1674	255	5	1	844941.6875	12248.11621	35988.55469	1	0	1 // про без имени
1896	255	5	1	864751	14287.95508	18667.60352	0	0	1 // безымянного солнца
1910	255	5	1	836538.8125	14287.04199	44415.64844	0	0	1 // про без имени
1717	255	5	2	45097.78125	14287.77832	649137.3125	1	0	1 //Безымянное поле битвы
1717	255	5	2	17758.38672	14285.80859	674167.6875	1	0	1 //Безымянное поле битвы
1718	255	5	2	43503.46484	14279.29395	647253.6875	1	0	1 // безымянная интеграция
1718	255	5	2	19255.71875	14291.51563	676039.875	1	0	1 // безымянная интеграция
1661	255	5	2	37026.58594	12232.74414	657136.3125	1	0	1 // безымянного солнца
1675	255	5	2	25692.83984	12237.1416	666210.0625	1	0	1 // про без имени
1897	255	5	2	45570.17969	14287.95508	648760.0625	0	0	1 // безымянного солнца
1911	255	5	2	17214.17773	14287.04199	674590.0625	0	0	1 // про без имени
1717	255	5	3	139367.2188	14291.51563	649290.5	1	0	1 //Безымянное поле битвы
1717	255	5	3	112256.2969	14286.82813	674164.25	1	0	1 //Безымянное поле битвы
1718	255	5	3	137966.5625	14279.94824	647366.8125	1	0	1 // безымянная интеграция
1718	255	5	3	113850.5703	14293.3584	676066.6875	1	0	1 // безымянная интеграция
1676	255	5	3	120264.25	12248.91895	666155.375	1	0	1 // про без имени
1662	255	5	3	131624.7813	12238.6875	657204.8125	1	0	1 // безымянного солнца
1898	255	5	3	139932.9688	14287.95508	648835.0625	0	0	1 // безымянного солнца
1912	255	5	3	111764.1875	14287.04199	674541.6875	0	0	1 // про без имени
1717	255	5	4	234057.6406	14288.57422	649168.875	1	0	1 //Безымянное поле битвы
1717	255	5	4	206766.0625	14285.875	674216	1	0	1 //Безымянное поле битвы
1718	255	5	4	232546.8281	14277.42969	647210.375	1	0	1 // безымянная интеграция
1718	255	5	4	208307.8438	14294.09375	676183.5625	1	0	1 // безымянная интеграция
1663	255	5	4	226241.4688	12232.50781	657122.625	1	0	1 // безымянного солнца
1677	255	5	4	214796.8281	12246.05273	666215.8125	1	0	1 // про без имени
1899	255	5	4	234572.7656	14287.95508	648758.1875	0	0	1 // безымянного солнца
1913	255	5	4	206283.1875	14287.04199	674606.9375	0	0	1 // про без имени
1717	255	5	5	328553.375	14287.83398	649221.3125	1	0	1 //Безымянное поле битвы
1717	255	5	5	301381.7188	14279.33398	674082.1875	1	0	1 //Безымянное поле битвы
1718	255	5	5	327045.9688	14286.14063	647351.0625	1	0	1 // безымянная интеграция
1718	255	5	5	303025.4063	14296.38965	676031.3125	1	0	1 // безымянная интеграция
1664	255	5	5	320658.0625	12237.03418	657185.25	1	0	1 // безымянного солнца
1678	255	5	5	309306	12243.92383	666214.3125	1	0	1 // про без имени
1900	255	5	5	329054.125	14287.95508	648804.125	0	0	1 // безымянного солнца
1914	255	5	5	300818.25	14287.04199	674538.8125	0	0	1 // про без имени
1717	255	5	6	422934.625	14288.77246	649309.5625	1	0	1 //Безымянное поле битвы
1717	255	5	6	395929.9063	14286.62695	674162.0625	1	0	1 //Безымянное поле битвы
1718	255	5	6	421546.4375	14286.20703	647333.375	1	0	1 // безымянная интеграция
1718	255	5	6	397527.9375	14288.48633	675998.125	1	0	1 // безымянная интеграция
1665	255	5	6	415253.0313	12234.88281	657154.125	1	0	1 // безымянного солнца
1679	255	5	6	403841.4063	12249.54199	666164.5	1	0	1 // про без имени
1901	255	5	6	423488.7188	14287.95508	648872.9375	0	0	1 // безымянного солнца
1915	255	5	6	395412.625	14287.04199	674599.6875	0	0	1 // про без имени
1717	255	5	7	517557.25	14288.2334	649187.3125	1	0	1 //Безымянное поле битвы
1717	255	5	7	490370.6563	14283.46387	674214.75	1	0	1 //Безымянное поле битвы
1718	255	5	7	516088.9063	14286.36231	647350.9375	1	0	1 // безымянная интеграция
1718	255	5	7	491924.75	14289.04883	676133.75	1	0	1 // безымянная интеграция
1666	255	5	7	509904.1563	12234.19043	657137.4375	1	0	1 // безымянного солнца
1680	255	5	7	498266.1875	12233.50195	666167.1875	1	0	1 // про без имени
1902	255	5	7	518101.7813	14287.95508	648850.875	0	0	1 // безымянного солнца
1916	255	5	7	489875.7188	14287.04199	674631.9375	0	0	1 // про без имени
1717	255	5	8	612162.125	14290.19434	649165.5625	1	0	1 //Безымянное поле битвы
1717	255	5	8	584950.125	14285.84473	674250.8125	1	0	1 //Безымянное поле битвы
1718	255	5	8	610618.25	14288.78125	647287.9375	1	0	1 // безымянная интеграция
1718	255	5	8	586417.25	14286.68652	676038.5	1	0	1 // безымянная интеграция
1667	255	5	8	604277.5625	12234.94434	657156.25	1	0	1 // безымянного солнца
1681	255	5	8	592908.5	12254.65918	666140.75	1	0	1 // про без имени
1903	255	5	8	612645.25	14287.95508	648755.375	0	0	1 // безымянного солнца
1917	255	5	8	584411.0625	14287.04199	674643.5	0	0	1 // про без имени
1717	255	5	9	45029.58984	14285.31348	743599.1875	1	0	1 //Безымянное поле битвы
1717	255	5	9	17831.60742	14289.52344	768765.375	1	0	1 //Безымянное поле битвы
1718	255	5	9	43493.23828	14284.48828	741829.25	1	0	1 // безымянная интеграция
1718	255	5	9	19216.44141	14290.51074	770627.6875	1	0	1 // безымянная интеграция
1668	255	5	9	37084.1875	12239.18359	751735.1875	1	0	1 // безымянного солнца
1682	255	5	9	25783.54492	12258.41602	760641.8125	1	0	1 // про без имени
1904	255	5	9	45517.51172	14287.95508	743302.0625	0	0	1 // безымянного солнца
1918	255	5	9	17253.29297	14287.04199	769135.625	0	0	1 // про без имени
1717	255	5	10	139658.4844	14286.70215	743613.0625	1	0	1 //Безымянное поле битвы
1717	255	5	10	112275.2891	14287.65527	768746.0625	1	0	1 //Безымянное поле битвы
1718	255	5	10	137976.2969	14285.29981	741916.9375	1	0	1 // безымянная интеграция
1718	255	5	10	113802.75	14297.85645	770665.8125	1	0	1 // безымянная интеграция
1669	255	5	10	131619.875	12237.0918	751708.5625	1	0	1 // безымянного солнца
1683	255	5	10	120262.9453	12248.6582	760679.125	1	0	1 // про без имени
1905	255	5	10	140088.0313	14287.95508	743246.3125	0	0	1 // безымянного солнца
1919	255	5	10	111781.1719	14287.04199	769126.375	0	0	1 // про без имени
1717	255	5	11	233993.4531	14289.06934	743765.5625	1	0	1 //Безымянное поле битвы
1717	255	5	11	206820.9063	14289.20508	768748.5	1	0	1 //Безымянное поле битвы
1718	255	5	11	232473.4688	14281.98731	741880	1	0	1 // безымянная интеграция
1718	255	5	11	208311.8594	14291.40723	770602.75	1	0	1 // безымянная интеграция
1670	255	5	11	226211.7969	12225.30664	751667.3125	1	0	1 // безымянного солнца
1684	255	5	11	214736.5469	12237.49902	760722.875	1	0	1 // про без имени
1906	255	5	11	234524.125	14287.95508	743336.75	0	0	1 // безымянного солнца
1920	255	5	11	206349.8438	14287.04199	769124.5	0	0	1 // про без имени
1717	255	5	12	328505.625	14288.86621	743689.3125	1	0	1 //Безымянное поле битвы
1717	255	5	12	301348.125	14289.41895	768754.0625	1	0	1 //Безымянное поле битвы
1718	255	5	12	327038.2188	14286.56836	741884.125	1	0	1 // безымянная интеграция
1718	255	5	12	302820.1563	14293.06641	770678.8125	1	0	1 // безымянная интеграция
1671	255	5	12	320647.625	12238.95898	751732.75	1	0	1 // безымянного солнца
1685	255	5	12	309273.8125	12244.04981	760664.4375	1	0	1 // про без имени
1907	255	5	12	329063.1875	14287.95508	743303.125	0	0	1 // безымянного солнца
1921	255	5	12	300825.2188	14287.04199	769158.1875	0	0	1 // про без имени
1717	255	5	13	423086.1875	14291.08594	743692.3125	1	0	1 //Безымянное поле битвы
1717	255	5	13	395850.4063	14278.0166	768682.9375	1	0	1 //Безымянное поле битвы
1718	255	5	13	421553.1875	14287.63477	741891.9375	1	0	1 // безымянная интеграция
1718	255	5	13	397508.25	14296.1377	770603.875	1	0	1 // безымянная интеграция
1672	255	5	13	415249.5313	12236.65527	751699.3125	1	0	1 // безымянного солнца
1686	255	5	13	403776.3125	12239.02539	760687.9375	1	0	1 // про без имени
1908	255	5	13	423601.3438	14287.95508	743286.0625	0	0	1 // безымянного солнца
1922	255	5	13	395325.3438	14287.04199	769103.25	0	0	1 // про без имени
1717	255	5	14	517587.7813	14292.83398	743720.5625	1	0	1 //Безымянное поле битвы
1717	255	5	14	490363.7188	14285.2832	768751.9375	1	0	1 //Безымянное поле битвы
1718	255	5	14	516156.5313	14286.57227	741772.0625	1	0	1 // безымянная интеграция
1718	255	5	14	491821.1563	14288.87109	770648.5	1	0	1 // безымянная интеграция
1673	255	5	14	509734.2188	12233.37402	751661.25	1	0	1 // безымянного солнца
1687	255	5	14	498303.9063	12239.56445	760690.4375	1	0	1 // про без имени
1909	255	5	14	518081.5313	14287.95508	743312.875	0	0	1 // безымянного солнца
1923	255	5	14	489901.8438	14287.04199	769134.125	0	0	1 // про без имени
2367	255	10	10	352577.6875	15610.00879	297736.4375	1	0	1 //Деревня Эшберн <Эшберн>/nintegration
2368	10	10	255	203584.1563	12497.22266	226217.0781	1	0	1 //Блэкленд <Блэкленд>/nintegration
2369	10	255	10	423220.3438	21557.36328	140410.7188	1	0	1 //Деревня Байронов <Байрон>/nintegration
2370	255	255	5	191768.7188	23559.62695	105209.0078	1	0	1 //безымянный <loden>/nintegrate
1728	255	5	20	835370	14726.55469	14167.62988	1	0	1 //Безымянный Колизей
1728	255	5	21	16216.40234	14715.47461	644257.5625	1	0	1 //Безымянный Колизей
1728	255	5	22	110739.6719	14721.38086	644307.875	1	0	1 //Безымянный Колизей
1728	255	5	23	205228.5781	14712.7666	644223.6875	1	0	1 //Безымянный Колизей
1728	255	5	24	299651.125	14698.27246	644164.75	1	0	1 //Безымянный Колизей
1728	255	5	25	394179.8438	14704.30078	644190.8125	1	0	1 //Безымянный Колизей
1728	255	5	26	488674.8125	14700.25293	644180.75	1	0	1 //Безымянный Колизей
1728	255	5	27	583346.5625	14698.97266	644192.1875	1	0	1 //Безымянный Колизей
1728	255	5	29	110575.8594	14694.07422	738680	1	0	1 //Безымянный Колизей
1728	255	5	28	16163.61426	14709.51758	738746.375	1	0	1 //Безымянный Колизей
1728	255	5	30	205158.7188	14695.95313	738752.9375	1	0	1 //Безымянный Колизей
1728	255	5	31	299646.3125	14692.0752	738611.25	1	0	1 //Безымянный Колизей
1728	255	5	32	394138.6875	14695.90234	738700.3125	1	0	1 //Безымянный Колизей
1728	255	5	33	488707.4688	14709.09766	738778.125	1	0	1 //Безымянный Колизей
1728	255	5	20	838246.375	14705.47852	14271.64356	1	0	1 //Безымянный Колизей
1728	255	5	21	19138.68555	14702.02148	644389.5	1	0	1 //Безымянный Колизей
1728	255	5	22	113648.4375	14702.84961	644389.0625	1	0	1 //Безымянный Колизей
1728	255	5	23	208156.5938	14701.88477	644399.6875	1	0	1 //Безымянный Колизей
1728	255	5	24	302680.7813	14702.25977	644402.8125	1	0	1 //Безымянный Колизей
1728	255	5	25	397187.75	14702.19824	644376.5	1	0	1 //Безымянный Колизей
1728	255	5	26	491703.2813	14702.41309	644432.25	1	0	1 //Безымянный Колизей
1728	255	5	27	586233.75	14702.88086	644430.4375	1	0	1 //Безымянный Колизей
1728	255	5	29	113626.8438	14700.88086	738912.9375	1	0	1 //Безымянный Колизей
1728	255	5	28	19098.39648	14701.01367	738921.1875	1	0	1 //Безымянный Колизей
1728	255	5	30	208146.8906	14701.21875	738929.6875	1	0	1 //Безымянный Колизей
1728	255	5	31	302713.0313	14702.10449	738893.75	1	0	1 //Безымянный Колизей
1728	255	5	32	397183.5313	14701.87598	738910.375	1	0	1 //Безымянный Колизей
1728	255	5	33	491716.7813	14702.22461	738932.8125	1	0	1 //Безымянный Колизей
1728	255	5	20	836389.625	14711.5752	19508.30469	1	0	1 //Безымянный Колизей
1728	255	5	21	17069.46875	14705.53809	649745	1	0	1 //Безымянный Колизей
1728	255	5	22	111568.3594	14705.47363	649740.5625	1	0	1 //Безымянный Колизей
1728	255	5	23	206103.9531	14722.56836	649612.625	1	0	1 //Безымянный Колизей
1728	255	5	24	300704.7813	14708.06836	649701.9375	1	0	1 //Безымянный Колизей
1728	255	5	25	395100.8125	14705.625	649766	1	0	1 //Безымянный Колизей
1728	255	5	26	489702.5625	14714.41602	649690.5	1	0	1 //Безымянный Колизей
1728	255	5	27	584132.375	14723.54883	649632.875	1	0	1 //Безымянный Колизей
1728	255	5	29	111644.3359	14698.31543	744306	1	0	1 //Безымянный Колизей
1728	255	5	28	17108.81836	14704.81055	744271.5	1	0	1 //Безымянный Колизей
1728	255	5	30	206195.5781	14706.31152	744255.75	1	0	1 //Безымянный Колизей
1728	255	5	31	300732.5	14708.00293	744236.6875	1	0	1 //Безымянный Колизей
1728	255	5	32	395233.75	14696.2207	744323.0625	1	0	1 //Безымянный Колизей
1728	255	5	33	489811.1563	14716.22266	744207.3125	1	0	1 //Безымянный Колизей
1728	255	5	20	833311.875	14698.15332	19302.50781	1	0	1 //Безымянный Колизей
1728	255	5	21	14107.10742	14704.48633	649469.5625	1	0	1 //Безымянный Колизей
1728	255	5	22	108594.9375	14703.17871	649462.5	1	0	1 //Безымянный Колизей
1728	255	5	23	203154.7031	14703.16016	649468	1	0	1 //Безымянный Колизей
1728	255	5	24	297711.4063	14704.45215	649497.5	1	0	1 //Безымянный Колизей
1728	255	5	25	392202.1875	14703.20313	649457.75	1	0	1 //Безымянный Колизей
1728	255	5	26	486718.4063	14702.58887	649429.375	1	0	1 //Безымянный Колизей
1728	255	5	27	581237.5625	14703.13965	649495.8125	1	0	1 //Безымянный Колизей
1728	255	5	29	108604.0078	14704.22363	744019.25	1	0	1 //Безымянный Колизей
1728	255	5	28	14125.2207	14702.86328	743977.4375	1	0	1 //Безымянный Колизей
1728	255	5	30	203163.6719	14703.92676	744006.125	1	0	1 //Безымянный Колизей
1728	255	5	31	297666.375	14703.68652	743997.125	1	0	1 //Безымянный Колизей
1728	255	5	32	392234.2188	14703.51758	744002.375	1	0	1 //Безымянный Колизей
1728	255	5	33	486776.7813	14704.74805	744024.3125	1	0	1 //Безымянный Колизей
1729	255	5	1	865193.8125	14295.03613	18213.43359	0	0	1 // безымянного солнца
1729	255	5	1	864933.5625	14293.05762	17899.00781	0	0	1 // безымянного солнца
1729	255	5	1	864637.875	14290.56152	17567.26758	0	0	1 // безымянного солнца
1729	255	5	1	863689.5625	14282.86231	16415.43164	0	0	1 // безымянного солнца
1729	255	5	1	863969.625	14284.91602	16743.35938	0	0	1 // безымянного солнца
1729	255	5	1	864262.3125	14287.33984	17081.28711	0	0	1 // безымянного солнца
1729	255	5	2	45984.02734	14286.67285	648361.125	0	0	1 // безымянного солнца
1729	255	5	2	45713.14844	14284.54492	648027.25	0	0	1 // безымянного солнца
1729	255	5	2	45434.88281	14284.56934	647705.375	0	0	1 // безымянного солнца
1729	255	5	2	44499.08594	14283.2168	646576	0	0	1 // безымянного солнца
1729	255	5	2	44771.97656	14285.15527	646898.4375	0	0	1 // безымянного солнца
1729	255	5	2	45055.95313	14287.24902	647219.4375	0	0	1 // безымянного солнца
1729	255	5	3	140510.5781	14290.74609	648371.5	0	0	1 // безымянного солнца
1729	255	5	3	140257.4531	14288.44043	648043.125	0	0	1 // безымянного солнца
1729	255	5	3	139971.1094	14286.05469	647727.3125	0	0	1 // безымянного солнца
1729	255	5	3	139014.1719	14284.25	646587	0	0	1 // безымянного солнца
1729	255	5	3	139284.5781	14286.50293	646897.1875	0	0	1 // безымянного солнца
1729	255	5	3	139564.3281	14288.92676	647225.125	0	0	1 // безымянного солнца
1729	255	5	4	235041.0156	14292.01172	648366.5	0	0	1 // безымянного солнца
1729	255	5	4	234768.4531	14289.49609	648049.6875	0	0	1 // безымянного солнца
1729	255	5	4	234478.9219	14286.69824	647718.375	0	0	1 // безымянного солнца
1729	255	5	4	233551.1719	14285.08301	646568.0625	0	0	1 // безымянного солнца
1729	255	5	4	233816.7031	14287.71191	646889.0625	0	0	1 // безымянного солнца
1729	255	5	4	234087.4531	14290.42285	647216	0	0	1 // безымянного солнца
1729	255	5	5	329562.875	14291.6377	648376.5	0	0	1 // безымянного солнца
1729	255	5	5	329300.0938	14288.66602	648050.75	0	0	1 // безымянного солнца
1729	255	5	5	329005.6875	14285.47266	647709.4375	0	0	1 // безымянного солнца
1729	255	5	5	328055.25	14284.97852	646563.375	0	0	1 // безымянного солнца
1729	255	5	5	328320.875	14287.87402	646891.4375	0	0	1 // безымянного солнца
1729	255	5	5	328611.5	14290.875	647219.625	0	0	1 // безымянного солнца
1729	255	5	6	424085.3125	14290.46289	648372.75	0	0	1 // безымянного солнца
1729	255	5	6	423819.0313	14287.32715	648060.25	0	0	1 // безымянного солнца
1729	255	5	6	423536	14284.12305	647732.625	0	0	1 // безымянного солнца
1729	255	5	6	422569.625	14284.31543	646582.125	0	0	1 // безымянного солнца
1729	255	5	6	422857.8438	14287.50293	646902.4375	0	0	1 // безымянного солнца
1729	255	5	6	423147.1875	14290.8125	647229.125	0	0	1 // безымянного солнца
1729	255	5	7	518614.4688	14292.35742	648374.875	0	0	1 // безымянного солнца
1729	255	5	7	518339.6563	14288.9668	648056.25	0	0	1 // безымянного солнца
1729	255	5	7	518069.2188	14285.50293	647733.0625	0	0	1 // безымянного солнца
1729	255	5	7	517102.0625	14284.98145	646578.4375	0	0	1 // безымянного солнца
1729	255	5	7	517372.7813	14288.39941	646898.5625	0	0	1 // безымянного солнца
1729	255	5	7	517663.6563	14292.00391	647235.125	0	0	1 // безымянного солнца
1729	255	5	8	613113.1875	14293.12598	648366.8125	0	0	1 // безымянного солнца
1729	255	5	8	612836.9375	14289.76465	648057.1875	0	0	1 // безымянного солнца
1729	255	5	8	612574.25	14286.04199	647724.75	0	0	1 // безымянного солнца
1729	255	5	8	611627.6875	14284.13867	646590.125	0	0	1 // безымянного солнца
1729	255	5	8	611885.4375	14287.44434	646889.8125	0	0	1 // безымянного солнца
1729	255	5	8	612171.125	14291.21484	647217.1875	0	0	1 // безымянного солнца
1729	255	5	9	45982.98438	14288.95508	742887.25	0	0	1 // безымянного солнца
1729	255	5	9	45720.14453	14286.61133	742569.375	0	0	1 // безымянного солнца
1729	255	5	9	45447.28516	14284.21094	742234.875	0	0	1 // безымянного солнца
1729	255	5	9	44488.96094	14283.90332	741104.0625	0	0	1 // безымянного солнца
1729	255	5	9	44759.26563	14286.09863	741416.8125	0	0	1 // безымянного солнца
1729	255	5	9	45024.875	14285.63086	741737.75	0	0	1 // безымянного солнца
1729	255	5	10	140497.2656	14291.65137	742878.25	0	0	1 // безымянного солнца
1729	255	5	10	140233.9375	14289.15332	742575.25	0	0	1 // безымянного солнца
1729	255	5	10	139967.1563	14286.34082	742244.0625	0	0	1 // безымянного солнца
1729	255	5	10	139010.8438	14283.94043	741103.875	0	0	1 // безымянного солнца
1729	255	5	10	139297.8281	14286.51563	741411.0625	0	0	1 // безымянного солнца
1729	255	5	10	139559.5625	14289.33008	741744.875	0	0	1 // безымянного солнца
1729	255	5	11	235030.2813	14291.23828	742888	0	0	1 // безымянного солнца
1729	255	5	11	234756.8906	14289.84668	742558.75	0	0	1 // безымянного солнца
1729	255	5	11	234491.6875	14286.93164	742250.5625	0	0	1 // безымянного солнца
1729	255	5	11	233529.5156	14286.03809	741097.0625	0	0	1 // безымянного солнца
1729	255	5	11	233806.6875	14288.97656	741408.625	0	0	1 // безымянного солнца
1729	255	5	11	234070.0469	14291.94336	741740.875	0	0	1 // безымянного солнца
1729	255	5	12	329542.8438	14291.16309	742880.5625	0	0	1 // безымянного солнца
1729	255	5	12	329280.7188	14288.08203	742576.9375	0	0	1 // безымянного солнца
1729	255	5	12	329006.1563	14284.82617	742243.4375	0	0	1 // безымянного солнца
1729	255	5	12	328049.0938	14283.90234	741095	0	0	1 // безымянного солнца
1729	255	5	12	328322	14286.88867	741415.1875	0	0	1 // безымянного солнца
1729	255	5	12	328588.875	14290.16309	741746.125	0	0	1 // безымянного солнца
1729	255	5	13	424069.3438	14292.60156	742880.6875	0	0	1 // безымянного солнца
1729	255	5	13	423836.375	14289.43164	742565.8125	0	0	1 // безымянного солнца
1729	255	5	13	423551.9688	14285.8252	742232.9375	0	0	1 // безымянного солнца
1729	255	5	13	422575.5938	14284.52539	741082.9375	0	0	1 // безымянного солнца
1729	255	5	13	422853.0625	14287.89258	741392	0	0	1 // безымянного солнца
1729	255	5	13	423131.625	14291.36523	741716.875	0	0	1 // безымянного солнца
1729	255	5	14	518599.0625	14289.57617	742898.1875	0	0	1 // безымянного солнца
1729	255	5	14	518324.25	14285.7832	742552.0625	0	0	1 // безымянного солнца
1729	255	5	14	518049.7188	14282.31055	742221.375	0	0	1 // безымянного солнца
1729	255	5	14	517101.125	14282.5	741100.6875	0	0	1 // безымянного солнца
1729	255	5	14	517378.9375	14285.94922	741424.625	0	0	1 // безымянного солнца
1729	255	5	14	517655.1563	14289.5752	741748.5625	0	0	1 // безымянного солнца
1730	255	5	1	835948.9375	14280.48828	44891.23828	0	0	1 // про без имени
1730	255	5	1	836230.5625	14282.51953	45211.94531	0	0	1 // про без имени
1730	255	5	1	836489.625	14284.70508	45531.50391	0	0	1 // про без имени
1730	255	5	1	837456.4375	14289.48438	46686.30859	0	0	1 // про без имени
1730	255	5	1	837184.1875	14287.11719	46350.14453	0	0	1 // про без имени
1730	255	5	1	836892.6875	14284.55273	46027.72266	0	0	1 // про без имени
1730	255	5	2	16760.44727	14285.98438	675039.125	0	0	1 // про без имени
1730	255	5	2	17033.875	14288.14746	675366.875	0	0	1 // про без имени
1730	255	5	2	17318.1543	14290.23633	675674.3125	0	0	1 // про без имени
1730	255	5	2	18265.33594	14290.82813	676829.9375	0	0	1 // про без имени
1730	255	5	2	17997.1875	14288.7168	676504.3125	0	0	1 // про без имени
1730	255	5	2	17705.17773	14286.64258	676180.625	0	0	1 // про без имени
1730	255	5	3	111292.1641	14284.85059	675043	0	0	1 // про без имени
1730	255	5	3	111555.8438	14287.07422	675362.5625	0	0	1 // про без имени
1730	255	5	3	111815.5234	14289.42285	675678.8125	0	0	1 // про без имени
1730	255	5	3	112789.8516	14290.80273	676831.6875	0	0	1 // про без имени
1730	255	5	3	112517.3125	14288.49414	676519.6875	0	0	1 // про без имени
1730	255	5	3	112237.6406	14286.12109	676202.8125	0	0	1 // про без имени
1730	255	5	4	205822.8125	14283.47363	675036.1875	0	0	1 // про без имени
1730	255	5	4	206082.4219	14285.86719	675338.3125	0	0	1 // про без имени
1730	255	5	4	206362.75	14288.71582	675675.1875	0	0	1 // про без имени
1730	255	5	4	207313.4531	14291.70313	676832.5625	0	0	1 // про без имени
1730	255	5	4	207045.8281	14289.26367	676526.9375	0	0	1 // про без имени
1730	255	5	4	206766.1406	14286.45898	676193.8125	0	0	1 // про без имени
1730	255	5	5	300345.7188	14284.42969	675064.375	0	0	1 // про без имени
1730	255	5	5	300603	14287.00391	675370	0	0	1 // про без имени
1730	255	5	5	300876.625	14289.80566	675686.25	0	0	1 // про без имени
1730	255	5	5	301835.5938	14290.08398	676823.6875	0	0	1 // про без имени
1730	255	5	5	301545.9688	14287.32031	676515.625	0	0	1 // про без имени
1730	255	5	5	301272.5625	14284.65625	676198.5	0	0	1 // про без имени
1730	255	5	6	394866.2188	14283.07813	675053.8125	0	0	1 // про без имени
1730	255	5	6	395132.1875	14285.91699	675357.3125	0	0	1 // про без имени
1730	255	5	6	395422.2813	14289.35645	675702.375	0	0	1 // про без имени
1730	255	5	6	396366.0313	14289.23047	676832	0	0	1 // про без имени
1730	255	5	6	396088.8438	14286.04688	676518.6875	0	0	1 // про без имени
1730	255	5	6	395813.4063	14283.03223	676191.875	0	0	1 // про без имени
1730	255	5	7	489389.0938	14282.16406	675047.3125	0	0	1 // про без имени
1730	255	5	7	489651.0313	14285.16504	675345.0625	0	0	1 // про без имени
1730	255	5	7	489935.5625	14288.82813	675689.1875	0	0	1 // про без имени
1730	255	5	7	490873.9688	14293.58789	676834	0	0	1 // про без имени
1730	255	5	7	490611.8125	14290.60645	676518.4375	0	0	1 // про без имени
1730	255	5	7	490325.25	14287.01172	676180.4375	0	0	1 // про без имени
1730	255	5	8	583909	14283.20313	675040.625	0	0	1 // про без имени
1730	255	5	8	584164.125	14286.62109	675359.6875	0	0	1 // про без имени
1730	255	5	8	584441.5	14290.28809	675687.375	0	0	1 // про без имени
1730	255	5	8	585399.875	14293.13574	676837.9375	0	0	1 // про без имени
1730	255	5	8	585143.8125	14289.79883	676520.9375	0	0	1 // про без имени
1730	255	5	8	584863.625	14286.06543	676191.625	0	0	1 // про без имени
1730	255	5	9	16771.80859	14287.24805	769565.0625	0	0	1 // про без имени
1730	255	5	9	17037.58008	14289.61035	769886.5625	0	0	1 // про без имени
1730	255	5	9	17315.5293	14291.94922	770217.8125	0	0	1 // про без имени
1730	255	5	9	18269.83594	14290.71094	771350.625	0	0	1 // про без имени
1730	255	5	9	17992.27734	14288.48145	771046.9375	0	0	1 // про без имени
1730	255	5	9	17717.20117	14289.29004	770705.4375	0	0	1 // про без имени
1730	255	5	10	111291.9531	14283.94727	769572.5	0	0	1 // про без имени
1730	255	5	10	111554.8828	14286.50781	769886.75	0	0	1 // про без имени
1730	255	5	10	111819.625	14289.29297	770212.6875	0	0	1 // про без имени
1730	255	5	10	112788.5469	14290.04102	771373.5	0	0	1 // про без имени
1730	255	5	10	112515.1094	14287.15723	771046	0	0	1 // про без имени
1730	255	5	10	112245.5547	14284.20313	770713.875	0	0	1 // про без имени
1730	255	5	11	205822.3594	14283.64844	769575.4375	0	0	1 // про без имени
1730	255	5	11	206089.6719	14286.51563	769890.875	0	0	1 // про без имени
1730	255	5	11	206356.625	14289.60645	770223.4375	0	0	1 // про без имени
1730	255	5	11	207302.6563	14289.60742	771355.6875	0	0	1 // про без имени
1730	255	5	11	207037.7031	14286.66992	771043.5625	0	0	1 // про без имени
1730	255	5	11	206760.9063	14283.69336	770716.8125	0	0	1 // про без имени
1730	255	5	12	300343.5313	14285.39063	769568.5625	0	0	1 // про без имени
1730	255	5	12	300616.4063	14288.62695	769886.25	0	0	1 // про без имени
1730	255	5	12	300890	14291.69727	770218	0	0	1 // про без имени
1730	255	5	12	301832.875	14289.99512	771355.625	0	0	1 // про без имени
1730	255	5	12	301566.0313	14286.86914	771046.3125	0	0	1 // про без имени
1730	255	5	12	301280.5625	14287.0918	770699.875	0	0	1 // про без имени
1730	255	5	13	394857.3438	14283.15918	769568.1875	0	0	1 // про без имени
1730	255	5	13	395127.0938	14286.48242	769879.5625	0	0	1 // про без имени
1730	255	5	13	395405.4688	14286.99805	770205.875	0	0	1 // про без имени
1730	255	5	13	396361.6563	14289.10938	771345.5	0	0	1 // про без имени
1730	255	5	13	396087.0625	14285.59277	771027.875	0	0	1 // про без имени
1730	255	5	13	395812.1563	14288.64453	770707.8125	0	0	1 // про без имени
1730	255	5	14	489394.9375	14283.94629	769564.625	0	0	1 // про без имени
1730	255	5	14	489667.875	14287.7168	769892.9375	0	0	1 // про без имени
1730	255	5	14	489932.2813	14291.3252	770213.0625	0	0	1 // про без имени
1730	255	5	14	490878.4688	14290.61621	771350	0	0	1 // про без имени
1730	255	5	14	490615.6875	14286.98438	771034.875	0	0	1 // про без имени
1730	255	5	14	490335.7188	14283.25293	770706.3125	0	0	1 // про без имени
1655	255	10	10	352822.5	15610.00879	298110.7813	1	0	1 //Деревня Эшберн <Эшберн>/n команда
1656	10	10	255	203222.7031	12497.22266	226441.625	1	0	1 //Черная земля <Черная земля>/n team
1658	10	255	10	423225.4063	21557.36328	140757.6406	1	0	1 //Деревня Байронов <Байрон>/n команда
1657	255	255	5	191761.2031	23560.61133	105553.7813	1	0	//Безымянный <Лоден>/nTeam
1751	255	10	10	358205.9063	15611.59961	301324.0625	1	0	1 // Без имени <Hendelium
1754	255	10	10	357722.625	15759.29297	303103.4375	1	0	1 // Без имени <Hendelium
1774	255	10	10	357345.4688	15757.41211	303099.5938	1	0	1 // без имени <icron
1781	40	40	255	257316.0625	20496.08594	297405.2813	0	0	1 // Сила Эшбернарда
1781	40	40	255	256026.1719	20602.75	297790.4063	0	0	1 // Сила Эшбернарда
1781	40	40	255	254994.5	20483.42969	299009.9688	0	0	1 // Сила Эшбернарда
1781	40	40	255	254828.6875	20215.34961	300653.0313	0	0	1 // Сила Эшбернарда
1781	40	40	255	260741.9531	20273.71875	305223.8438	0	0	1 // Сила Эшбернарда
1781	40	40	255	262191.4063	20505.53125	304630.875	0	0	1 // Сила Эшбернарда
1781	40	40	255	263090	20411.63867	303301.9375	0	0	1 // Сила Эшбернарда
1781	40	40	255	263012.5625	20248.22852	301382.3125	0	0	1 // Сила Эшбернарда
1752	255	80	80	420987.125	18598.4668	275324.3125	1	0	1 // Без имени <Hendelium
1753	255	110	110	315715.0313	12381.60547	261501.875	1	0	1 // Без имени <Hendelium
1773	255	10	10	356999.0938	15759.13379	303063.2813	0	0	1 // без имени <icron
1755	10	10	255	215920.4063	11538.40723	235284.25	1	0	1 // без имени <icron
1758	0	0	255	149120.3281	15550.9502	190977.25	1	0	1 // без имени <icron
1777	70	70	255	263464.3438	20302.41797	221472.7969	1	0	1 // без имени <icron
1756	70	70	255	266296.2813	20446.37695	221469.4063	1	0	1 // без имени <icron
1759	80	80	255	163895.75	17506	311992	1	0	1 // без имени <icron
1776	80	80	255	163691.8281	17506	311991.9375	1	0	1 // без имени <icron
1761	80	80	255	163467.8594	17534.06836	325209.75	1	0	1 //безымянный древний
1760	20	250	20	1092060.75	14390.45898	218898.875	1	0	1 // безымянный старый
1757	60	60	255	88744.89063	11375.23242	270366.6875	1	0	1 // без имени <icron
1778	240	240	240	1025371.625	12856.84766	847928.0625	1	0	1 // безымянный старый
1762	10	255	10	424336.1563	21130.24219	143294.5469	1	0	1 // без имени <icron
1765	10	255	10	424341.6875	21132.19727	143094.6719	1	0	1 // без имени <icron
1764	40	255	40	343814.5625	11320.40137	148465.0781	1	0	//Без имени <Отправка
1763	0	255	0	441125.8438	18879.78711	191313.5938	1	0	1 // без имени <icron
1767	70	255	70	464371.3438	21995.88086	132539.8594	0	0	1 // безымянный великий
1766	255	255	85	202154.3125	24591	95000.75781	1	0	1 // без имени <icron
1769	255	255	85	201903.5938	24591	95011.03906	1	0	1 // без имени <icron
1771	255	255	85	202276.625	24591	94698.03906	1	0	1 // без имени <icron
1770	255	255	40	99793.82031	19871.08594	165601.9219	1	0	1 // безымянный забытый
1772	255	255	90	225899.8125	21074.22852	76914.28125	1	0	1 //Безымянная книга
1775	255	255	50	87731.50781	20610.16797	214070.7031	1	0	1 //Безымянный <Темный жрец>/nPaulton
1813	255	255	70	1072763.5	20291.50977	469068.5625	1	0	1 //безымянный <мститель>/нлейб
1814	255	25	25	972559.5	13349.69824	1075066.25	1	0	1 //Безымянный <Рыцарь>/nБаррод
1815	210	240	220	12306.80371	14094.30176	490904.625	1	0	1 //безымянный <мститель>/logea
1450	255	10	10	363839.7188	15625.5957	297659.5938	1	0	1 //Безымянный следователь/n<Кервим>
1451	255	80	80	420770.4375	18569.84961	274382.0313	1	0	1 //Безымянный отправленный следователь/n<Нарцисс>
1452	20	20	20	951507.5625	14533.13672	89066.39844	1	0	1 //Безымянный отправленный следователь/n<Ers>
1453	30	30	30	960911.125	15821.71973	331503.3438	1	0	1 //Безымянный диспетчер/n<Mars>
1454	40	40	40	971409	18907.48828	382224.2813	1	0	1 //Безымянный диспетчер/n<Harnes>
1456	70	70	255	266140.9063	20446.48047	221174.3125	1	0	1 //Безымянный исследователь/n<Urne>
1455	40	40	40	965130.375	19538.95117	384281.9063	0	0	1 //безымянный кровавый
1455	40	40	40	954420.6875	19526.26172	401609.7813	0	0	1 //безымянный кровавый
1455	40	40	40	953198.5	16336.78418	393491.4375	0	0	1 //безымянный кровавый
1455	40	40	40	958557.75	16341.22168	389577.0313	0	0	1 //безымянный кровавый
1457	90	90	90	955981.5625	16808.62109	720975.0625	1	0	1 //Безымянная Огненная Башня
1458	100	100	100	972182.1875	16950.52148	949722.75	1	0	1 //Безымянная Огненная Башня
1459	110	110	110	953303.125	16783.94141	1023997.375	1	0	1 //Безымянная Огненная Башня
1460	10	10	255	205832.5625	12496.68457	228741.5469	1	0	1 //Группа по исследованию безымянных артефактов/n<Stratos>
1461	90	90	255	207735.6094	11339.80469	295501.75	1	0	//Группа по исследованию безымянных артефактов/n<Барриос>
1462	170	170	170	1010278.375	14024.96875	93791.29688	1	0	1 //Группа по исследованию безымянных артефактов/n<Антиос>
1463	190	190	190	1025976.063	15973.2168	407769.8125	1	0	1 //Группа по Исследованию Безымянных Артефактов/n<Саблезубый Тигр>
1464	230	230	230	1023404.5	12854.88672	777903.125	1	0	1 //Группа по исследованию безымянных артефактов/n<Deep Stroke>
1465	240	240	240	1029334.875	12852.95117	831137.75	1	0	1 //Группа по исследованию безымянных артефактов/n<G-Part>
1466	250	250	250	1025229.188	12853.16602	897829.875	1	0	1 //Группа по исследованию безымянных артефактов/n<Cretaris>
1468	90	250	90	1094982.25	13401.20703	846153.875	1	0	1 //Группа по исследованию безымянных артефактов/n<Дайзенга>
1469	70	255	70	470955.5313	22630.65234	133526.2813	0	0	1 //безымянный странный
1469	70	255	70	465761.9063	22047.88672	132067.8125	0	0	1 //безымянный странный
1469	70	255	70	466078.5938	22037.71289	137296.2344	0	0	1 //безымянный странный
1469	70	255	70	465647.4688	21706.34961	144946.6094	0	0	1 //безымянный странный
1469	70	255	70	460872.5938	21387.71875	146096.3906	0	0	1 //безымянный странный
1469	70	255	70	459496.9375	21725.2793	127106.8828	0	0	1 //безымянный странный
1470	90	255	90	331330.0313	23153.74219	87405.46875	1	0	1 //Группа по исследованию безымянных артефактов/n<Dartus>
1471	50	255	50	251071.9219	11267.18555	118981.5156	1	0	1 //Группа по Исследованию Безымянных Артефактов/n<Синанджу>
1472	50	255	50	255579.7656	11526.20606	122070.4688	0	0	1 //Безымянный Наруто
1472	0	255	0	265411.25	11333.00098	122581.8047	0	0	1 //Безымянный Наруто
1472	0	255	0	275597.0625	11655.6582	121375.6484	0	0	1 //Безымянный Наруто
1472	0	255	0	285452.3438	11311.8252	113209.5625	0	0	1 //Безымянный Наруто
1472	0	255	0	278825.4375	11828.75977	113060.7188	0	0	1 //Безымянный Наруто
1472	0	255	0	271591.75	12290.10352	107135.1641	0	0	1 //Безымянный Наруто
1472	50	255	50	250670.4219	16570.89063	108902.25	0	0	1 //Безымянный Наруто
1473	255	255	90	224458.2031	22037.9043	83015.47656	0	0	1 //Безымянный заброшенный
1473	255	255	90	222287.6563	22136.39258	82150.10938	0	0	1 //Безымянный заброшенный
1473	255	255	90	228965.3594	21075.44727	79844.04688	0	0	1 //Безымянный заброшенный
1473	255	255	90	230372.9375	21200.29688	72888.78906	0	0	1 //Безымянный заброшенный
1473	255	255	90	231624.9219	21696.48438	86029.02344	0	0	1 //Безымянный заброшенный
1473	255	255	90	230641.5469	21994.88086	86041.03125	0	0	1 //Безымянный заброшенный
1473	255	255	90	226188.5938	21072.3125	77171.50781	0	0	1 //Безымянный заброшенный
1474	255	255	45	46071.15625	16594.55469	165490.1719	1	0	1 //Группа по Исследованию Безымянных Артефактов/n<Sorestian>
1475	255	255	45	41299.19922	16595	161480.9063	0	0	1 //Безымянный Темный Жрец/n<Баркуш>
1475	255	255	45	34860.27734	16594.04883	162276.4063	0	0	1 //Безымянный Темный Жрец/n<Баркуш>
1475	255	255	45	34874.70703	16612.59961	165419.6406	0	0	1 //Безымянный Темный Жрец/n<Баркуш>
1475	255	255	45	38452.92188	16682.97852	167065.9531	0	0	1 //Безымянный Темный Жрец/n<Баркуш>
1475	255	255	45	39808.28516	16594	164227.0469	0	0	1 //Безымянный Темный Жрец/n<Баркуш>
1475	255	255	45	49628.29688	16525.53516	167171.4688	0	0	1 //Безымянный Темный Жрец/n<Баркуш>
1475	255	255	0	55888.94531	18989.73828	173688.7188	0	0	1 //Безымянный Темный Жрец/n<Баркуш>
1475	255	255	0	58396.54297	18998.15625	164888.8281	0	0	1 //Безымянный Темный Жрец/n<Баркуш>
1475	255	255	45	53594.375	18888.71094	160835.3438	0	0	1 //Безымянный Темный Жрец/n<Баркуш>
1475	255	255	0	49206.36719	18973.17383	157160.9531	0	0	1 //Безымянный Темный Жрец/n<Баркуш>
1475	255	255	45	40473.60547	20546.69531	151008.8125	0	0	1 //Безымянный Темный Жрец/n<Баркуш>
1475	255	255	45	38073.66406	20258.85938	154906.0781	0	0	1 //Безымянный Темный Жрец/n<Баркуш>
1475	255	255	45	37346.61719	20790.27344	145581.8438	0	0	1 //Безымянный Темный Жрец/n<Баркуш>
1476	255	255	50	80832.52344	21076.89844	216026.625	0	0	1 //Группа по исследованию безымянных артефактов/n<Bionet>
1477	255	255	50	81420.96875	21081.08594	214890.9375	0	0	1 //Безымянные темные жрецы
1478	255	255	50	79910.83594	21070.9082	215562.9063	0	0	1 //Безымянные темные жрецы
1478	255	255	50	80302.375	21077.81836	216755.0781	0	0	1 //Безымянные темные жрецы
1478	255	255	50	81715.96875	21080.87305	216378.125	0	0	1 //Безымянные темные жрецы
1478	255	255	50	81196.71094	21071.93555	215351.7656	0	0	1 //Безымянные темные жрецы
1478	255	255	50	81041.09375	21076.12109	216654.0625	0	0	1 //Безымянные темные жрецы
1478	255	255	50	81496.07031	21072.30664	215847.0938	0	0	1 //Безымянные темные жрецы
1478	255	255	50	80103.8125	21079.07227	216212.2813	0	0	1 //Безымянные темные жрецы
1478	255	255	50	80604.39063	21078.45703	215447.2188	0	0	1 //Безымянные темные жрецы
1479	255	255	60	661814.8125	11709.15625	219521.0625	1	0	1 //Безымянный Темный Жрец/n<Daimos>
1480	255	255	65	804707.8125	11341.43848	217046.9219	0	0	1 // безымянного тюленя
1480	255	255	65	807865.625	11269.0293	222584.2813	0	0	1 // безымянного тюленя
1480	255	255	65	819701.3125	11431.85938	241189.6875	0	0	1 // безымянного тюленя
1480	255	255	65	816380.625	12102.63574	250686.2813	0	0	1 // безымянного тюленя
1480	255	255	65	830388.5	11311.03809	232777.2344	0	0	1 // безымянного тюленя
1481	255	255	70	1076054.375	20303.83594	467518.4375	1	0	//Группа по Исследованию Безымянных Артефактов/n<Чернос>
1482	255	255	75	1076001.875	20305.5	530200	1	0	1 //Группа по исследованию безымянных артефактов/n<миллиард>
1483	255	255	80	1072987.5	14643.32813	587779.25	1	0	1 //Группа по Исследованию Безымянных Артефактов/n<Одесса>
1484	210	240	220	15126.4502	14233.59766	487257.0313	0	0	1 //Группа по Исследованию Безымянных Артефактов/n<Киссирия>
1485	210	240	220	15564.80469	14235.4541	487637.0313	0	0	1 // безымянный эльф
1486	200	240	220	54455.50391	15438.82617	501898.0938	0	0	1 //безымянного воина
1486	200	240	220	45207.23047	20021.72852	517257	0	0	1 //безымянного воина
1486	200	240	220	47260.53516	20015.60156	518217.1563	0	0	1 //безымянного воина
1486	200	240	220	38664.99609	20000	515864.9688	0	0	1 //безымянного воина
1486	200	240	220	35006.71875	20121.14258	524597.625	0	0	1 //безымянного воина
1486	200	240	220	35531.76563	24968.20508	533131.8125	0	0	1 //безымянного воина
1487	200	240	220	50047.02344	22221.39258	537000.9375	0	0	1 //Группа по исследованию безымянных артефактов/n<Karnos>
1488	200	240	220	51575	21955.63867	536063.125	0	0	1 // безымянный эльф
1489	220	240	220	193955.0313	20733.76367	485861.9375	0	0	1 //Группа по исследованию безымянных артефактов/n<Teranoa>
1490	220	240	220	194472.9531	20733.76563	485655.0313	0	0	1 // безымянный эльф
1491	220	240	220	221607.0313	11493.06445	515213.6875	0	0	1 //безымянная магия
1696	255	120	120	307431.5313	13568.02539	317401.875	1	0	1 //безымянный <мститель>/nLowe
1698	60	60	255	93387.90625	12201.11231	268640.9688	1	0	1 //безымянный <мститель>/npsyche
1699	255	255	50	65553.33594	20455.75977	230442.2344	1	0	1 //безымянный <линчеватель>/nAssad
1700	50	50	255	120790.5781	16685.08594	186277.2031	1	0	1 //безымянный <мститель>/nсиний дракон
1701	0	0	255	149682.4219	15623.45117	191683.3906	1	0	1 //Безымянный <Мститель>/nMash
1702	0	0	255	178068.0625	16343.92383	145077.1094	1	0	1 //безымянный <мститель>/нстроян
1703	0	255	0	403078.1875	22702.53906	174125.9375	1	0	1 //безымянный <мститель>/nLoike
1704	0	255	0	453604.9688	23113.6543	142718.2031	1	0	1 //Безымянный <мститель>/nCamillus
1705	90	255	90	327984.75	19529.2207	112305.5859	1	0	1 //безымянный <мститель>/нмадхаба
1706	50	255	50	251502.8906	11281.40918	117828.4375	1	0	1 //Безымянный <Мститель>/nBob Shop
1707	255	255	90	229933.3594	21949.88281	93752.27344	1	0	//безымянный <мститель>/nPuppy
1708	255	255	25	175050.2656	25972.35742	95035.64063	1	0	1 //безымянный <мститель>/nfirezero
1709	255	255	35	123146.5	21208.88672	151551.4219	1	0	1 //безымянный <мститель>/нИори
1722	10	10	255	216235.0313	11566.23731	235176.0469	1	0	1 //Блэкленд <Икрон
1723	10	10	255	216487.875	11575.99609	235044.3906	1	0	1 //Блэкленд <Икрон
1720	255	10	10	357656.3125	15611.24902	301450.3125	1	0	1 //Деревня Эшберн <Икрон
1721	255	10	10	357322.9688	15610.08984	301457.9375	1	0	1 //Деревня Эшберн <Икрон
1741	255	255	70	1097848.125	20269	443658.3125	1	0	1 //безымянный <мститель>/nMiguel
1742	255	255	70	1098210.625	20275.00977	443667.4375	1	0	1 //безымянный <мститель>/нрас
1743	255	255	75	1075817.5	20307.50781	533379.25	1	0	1 //безымянный <мститель>/nraven
1744	255	255	75	1075440.875	20303.54102	533365.6875	1	0	1 //безымянный <мститель>/nМердок
1745	255	255	80	1076688.75	14643.2002	589420.6875	1	0	1 //безымянный <линчеватель>/недди
1746	255	255	80	1076295.5	14641.54102	589407.125	1	0	1 //безымянный <мститель>/нкрис
1749	255	25	25	967845.3125	13913.8418	1079789.375	1	0	1 //безымянный плач
1750	35	255	35	963882.75	14905.34082	1222067.625	1	0	1 // безымянный жалкий
1747	200	240	220	25868.39844	15646.49023	495891.4063	1	0	1 //Безымянный <Мститель>/nДрагнов
1748	200	240	220	25614.54102	15648.12207	496138.4688	1	0	1 // безымянный <эльф
1782	255	255	70	1075616.375	20275.58789	470533.625	1	0	1 //безымянный <разведчик>/нвинта
1783	255	255	70	1098585.625	20276.05664	443662.1563	1	0	1 //безымянный <разведчик>/nSota
1786	255	25	25	971955.5	13143.41504	1073973.125	1	0	1 //безымянный <тамплиер>/nroncle
1787	255	25	25	947952.3125	13147.54981	1075849.75	1	0	1 //безымянный <темплар>/nlone run
1788	255	25	25	949827.25	13144.62891	1100213.875	1	0	1 //Безымянный <Храмовник>/nЛонвин
1789	255	25	25	973824.6875	13145.28906	1098317	1	0	1 //безымянный <тамплиер>/nlonz
1790	210	240	220	12760.91602	14150.07813	485012.4688	1	0	//безымянный <сторож>/ндакурад
1791	200	240	220	48237.10156	15450.77539	494073.25	1	0	1 //Безымянный <Дозорный>/nYakrito
1792	200	240	220	72247.16406	22114.86719	531723	1	0	1 //безымянный <сторож>/нчжон рикуто
1796	25	255	25	953797.3125	21359.11523	1160393.625	1	0	1 //безымянный <коллектор>/ntokon
1797	35	255	35	974405.8125	12638.62305	1204962.25	1	0	1 //безымянный <коллекционер>/нканконг
1784	255	255	75	1073200.25	20312.06445	533395.375	1	0	1 //без имени <торговец
1785	255	255	75	1098417	20279.64063	508043.5625	1	0	1 //без имени <торговец
1793	220	240	220	207062.8906	20408.71484	498240.5938	0	0	1 //безымянный <разведчик>/nhetox
1794	220	240	220	241347.9063	12996.68359	504702.6563	0	0	1 //безымянный <разведчик>/nremarox
1795	220	240	220	250866.4844	13193.25586	541910.9375	0	0	1 //безымянный <разведчик>/npakutax
1491	220	240	220	220162.8906	17980.59375	487259.5625	0	0	1 //безымянная магия
2133	30	250	30	1073710.125	13430.46582	343552.375	1	0	1 // Блэкленд Хайян
2134	90	90	90	949093	16896.59766	720976	1	0	1 // Нуиян, деревня Эшберн
2135	240	240	240	1013575.625	12852.41797	848597.625	1	0	1 // Блэкленд Пайян
2012	220	240	220	192653.6875	20733.04492	487240.125	0	0	1 // Блэклендская гвардия сдалась
2013	25	255	25	967172.4375	16976.36719	1151926.5	0	0	1 //Имя не учитывается
2014	35	255	35	974688.125	12639.93457	1204687.5	0	0	1 //безымянное сердце
2136	150	250	150	1140196.125	15098.31934	91575.90625	1	0	1 //Деревня Байронов <Группа по исследованию реликвий>/nBrain
2137	160	250	160	1139403.5	14806.71387	281355.4375	1	0	1 //Деревня Байронов <Группа по исследованию реликвий>/n Аско
2138	255	255	60	658708.375	11499.61035	221303.2813	1	0	1 //Безымянный <Группа по исследованию реликвий>/nharnouveau
2139	255	255	65	808623.375	12450	203588.1875	1	0	1 //Безымянный <Группа по исследованию реликвий>/nЛагондас
120430	255	255	65	828205.3125	12317.03711	262070.5	1	0	1 //Безымянный <Команда по исследованию реликвий>/nФендро
953	0	255	0	312014.5938	20572.88672	132017.0625	1	0	1 //Деревня Байронов <Великий Магистр>/nGod
845	10	10	255	203594.2031	12497.01856	228057.0625	0	0	1 //безымянный <ученик>/nmanager
845	10	255	10	422142.375	20475.25195	147124.6406	0	0	1 //безымянный <ученик>/nmanager
845	255	255	5	184481.4844	23780.57813	104571.1563	0	0	1 //безымянный <ученик>/nmanager
845	255	10	10	357551.9688	15759.42676	304040.8125	0	0	1 //безымянный <ученик>/nmanager
813	10	10	255	206352.0313	11463.14551	231167.5781	0	0	1 //безымянный <охранник>/нСкалли
813	10	255	10	425639.625	21132.05859	141707.0313	0	0	1 //безымянный <охранник>/нСкалли
813	255	255	5	190754.3438	23440.02344	106146.3125	0	0	1 //безымянный <охранник>/нСкалли
813	255	10	10	356974.1875	15759.07422	303979.9375	0	0	1 //безымянный <охранник>/нСкалли
137	10	10	255	202325.0313	12442.00098	224857.7813	0	0	//безымянное <событие>/nPollonia
137	10	255	10	426448.2188	21131.71289	139239.4375	0	0	//безымянное <событие>/nPollonia
137	255	255	5	189821.3125	23421.00781	103817.9141	0	0	//безымянное <событие>/nPollonia
137	255	10	10	353147.375	15984.20898	304540.5938	0	0	//безымянное <событие>/nPollonia
284	10	10	255	202325.0313	12442.00098	224857.7813	0	0	1 //безымянное <событие>/nmarina
284	10	255	10	426448.2188	21131.71289	139239.4375	0	0	1 //безымянное <событие>/nmarina
284	255	255	5	189821.3125	23421.00781	103817.9141	0	0	1 //безымянное <событие>/nmarina
284	255	10	10	353896.0313	15987.44629	304848.4688	0	0	1 //безымянное <событие>/nmarina
912	10	10	255	202325.0313	12442.00098	224857.7813	0	0	1 //безымянное <событие>/nСильвия
912	10	255	10	426448.2188	21131.71289	139239.4375	0	0	1 //безымянное <событие>/nСильвия
912	255	255	5	189821.3125	23421.00781	103817.9141	0	0	1 //безымянное <событие>/nСильвия
912	255	10	10	354709.5313	15990.83789	305100.5	0	0	1 //безымянное <событие>/nСильвия
910	10	10	255	202325.0313	12442.00098	224857.7813	0	0	1 //безымянное <событие>/nlinia
910	10	255	10	426448.2188	21131.71289	139239.4375	0	0	1 //безымянное <событие>/nlinia
910	255	255	5	189821.3125	23421.00781	103817.9141	0	0	1 //безымянное <событие>/nlinia
910	255	10	10	355413.4375	15991.28906	305265.3125	0	0	1 //безымянное <событие>/nlinia
1179	255	255	5	184760.8281	23784.39844	106752.4063	0	0	1 //Безымянный <Официальный>/n Bullcarters
1178	10	255	10	425831	21133.06445	138213.125	0	0	1 //Безымянный <Официальный>/наирада
1177	10	10	255	199640.2031	12515.33789	226360.875	0	0	1 //Безымянный <Официальный>/nCyberv
1176	255	10	10	353283.625	15918.51465	291334.5625	0	0	1 //Безымянный <Официальный>/nArcana
1183	255	255	5	184848.1094	23785.84766	107032.4141	0	0	1 //Безымянный <Премиум>/nShaurin
1182	10	255	10	425487.6875	21131.67188	138221.0313	0	0	1 //Без названия <Премиум>/н Кунча
1181	10	10	255	200085.3125	12515.0293	227343.2813	0	0	1 //безымянный <премиум>/ншадра
1180	255	10	10	353392.0625	15918.02246	291062.375	0	0	1 //безымянный <премиум>/nspired
1250	170	250	170	1161051.125	13575.46484	2689.525879	1	0	1 //без имени <премиум
1251	0	250	0	1012969.875	12852.63281	720950.8125	1	0	1 //без имени <премиум
1250	170	250	170	1137933.375	15067.69238	28021.42188	1	0	1 //без имени <премиум
1251	0	250	0	1034536	12852.96484	697077.8125	1	0	1 //без имени <премиум
2578	255	10	10	348966.625	15919.44336	292295.5313	0	0	1 //Безымянный <Изумрудный Ключ> Открывалка
2578	10	10	255	200526.9063	12515.16309	229188.9844	0	0	1 //Безымянный <Изумрудный Ключ> Открывалка
2578	10	255	10	431030.7813	20678.32227	143991.1094	0	0	1 //Безымянный <Изумрудный Ключ> Открывалка
2578	255	255	5	184274.5781	23773.20313	105068.6094	0	0	1 //Безымянный <Изумрудный Ключ> Открывалка
1270	255	10	10	363613.0313	15777.6582	291940.375	0	0	1 //безымянное <событие>/nherina
2671	255	10	10	350658.9688	15919.43457	292671.0313	0	0	1 //безымянный <бродячий торговец>/n arc
2671	10	10	255	200464.3594	12515.16309	229256.0625	0	0	1 //безымянный <бродячий торговец>/n arc
2671	10	255	10	431061.2813	20679.93945	143855.375	0	0	1 //безымянный <бродячий торговец>/n arc
2671	255	255	5	184695.7969	23759.27148	105254.8828	0	0	1 //безымянный <бродячий торговец>/n arc
101958	255	10	10	350566.9375	15919.43359	292974.2188	0	0	1 //безымянный <бродячий торговец>/n arc
101959	255	10	10	350894.2188	15919.43164	292778.9375	0	0	1 //безымянный <бродячий торговец>/n arc
101960	255	10	10	350771.375	15919.43066	293069.125	0	0	1 //безымянный <бродячий торговец>/n arc
101958	10	10	255	200356.6875	12515.16309	229315.2188	0	0	1 //безымянный <бродячий торговец>/n arc
101959	10	10	255	200548.0938	12515.16309	229200.0938	0	0	1 //безымянный <бродячий торговец>/n arc
101960	10	10	255	200810.6719	12515.16309	229049.5625	0	0	1 //безымянный <бродячий торговец>/n arc
101958	10	255	10	431078.1875	20679.9707	143988.2813	0	0	1 //безымянный <бродячий торговец>/n arc
101959	10	255	10	431060.6563	20677.42969	144454.5313	0	0	1 //безымянный <бродячий торговец>/n arc
101960	10	255	10	431045.9063	20677.50586	144313.2344	0	0	1 //безымянный <бродячий торговец>/n arc
101958	255	255	5	184860.4531	23754.31641	105403.3906	0	0	1 //безымянный <бродячий торговец>/n arc
101959	255	255	5	184810.1563	23758.55469	105150.6328	0	0	1 //безымянный <бродячий торговец>/n arc
101960	255	255	5	184978.6406	23751.67969	105283.1953	0	0	1 //безымянный <бродячий торговец>/n arc
2733	255	30	100	1159990.875	17511.65039	1034678.875	1	0	1 //Безымянная крепость Абеллиона
2734	255	30	100	1137905.375	17511.41016	1013466.563	1	0	1 //Безымянный <привратник экзамена>/nalin
2810	255	35	100	515086.0313	14322.5166	1277191.5	0	0	1 //Безымянный <Арена>/nBattle Разное Поставщик
2810	255	45	100	578047.25	14322.5166	1277170.5	0	0	1 //Безымянный <Арена>/nBattle Разное Поставщик
2810	255	55	100	641048.5	14322.5166	1277195.5	0	0	1 //Безымянный <Арена>/nBattle Разное Поставщик
2810	255	65	100	704077.6875	14322.5166	1277194.125	0	0	1 //Безымянный <Арена>/nBattle Разное Поставщик
2810	255	75	100	767087	14322.5166	1277165.5	0	0	1 //Безымянный <Арена>/nBattle Разное Поставщик
2810	255	85	100	830173.875	14322.5166	1277203.125	0	0	1 //Безымянный <Арена>/nBattle Разное Поставщик
2811	255	110	100	897266.625	26522.30664	108639.2266	0	0	1 //Безымянный <Арена>/nBoss War Разное Поставщик
2811	255	60	100	897266.875	26522.30664	171659.5938	0	0	1 //Безымянный <Арена>/nBoss War Разное Поставщик
2811	255	70	100	897253.625	26522.30664	234715.7344	0	0	1 //Безымянный <Арена>/nBoss War Разное Поставщик
2811	255	80	100	897245.5	26522.30664	297719.5	0	0	1 //Безымянный <Арена>/nBoss War Разное Поставщик
2811	255	90	100	897269.0625	26522.30664	360727.875	0	0	1 //Безымянный <Арена>/nBoss War Разное Поставщик
2811	255	95	100	897262.6875	26522.30664	423760.2813	0	0	1 //Безымянный <Арена>/nBoss War Разное Поставщик
2988	250	10	10	519151	17732.375	1310511.125	0	0	//Безымянный <Арена>/nSupreme War General Goods Supplier
2988	250	20	10	582167.125	17730.65039	1310499.25	0	0	//Безымянный <Арена>/nSupreme War General Goods Supplier
2988	250	30	10	645184.4375	17730.65039	1310508.5	0	0	//Безымянный <Арена>/nSupreme War General Goods Supplier
2988	250	40	10	708196.5	17730.65039	1310501.125	0	0	//Безымянный <Арена>/nSupreme War General Goods Supplier
2988	250	50	10	771214.4375	17730.65039	1310508.875	0	0	//Безымянный <Арена>/nSupreme War General Goods Supplier
2988	250	60	10	834226.875	17730.65039	1310497.125	0	0	//Безымянный <Арена>/nSupreme War General Goods Supplier
2810	255	35	100	524464.125	14322.5166	1277239.625	0	0	1 //Безымянный <Арена>/nBattle Разное Поставщик
2810	255	45	100	587479.375	14322.5166	1277232.25	0	0	1 //Безымянный <Арена>/nBattle Разное Поставщик
2810	255	55	100	650476.0625	14322.5166	1277236.25	0	0	1 //Безымянный <Арена>/nBattle Разное Поставщик
2810	255	65	100	713480.75	14322.5166	1277233	0	0	1 //Безымянный <Арена>/nBattle Разное Поставщик
2810	255	75	100	776497.875	14322.5166	1277179.625	0	0	1 //Безымянный <Арена>/nBattle Разное Поставщик
2810	255	85	100	839511.3125	14322.5166	1277206.875	0	0	1 //Безымянный <Арена>/nBattle Разное Поставщик
2946	255	101	100	136925.2656	27402.76367	64522.44531	1	0	1 //Храм Безымянного Темного Жреца
2870	255	102	100	1136836.75	13031.27441	1148861.5	1	0	1 //Безымянный <Темный жрец>/nDark
2871	255	102	100	1136354.5	13031.27441	1149588.25	1	0	1 //безымянный <темная сторона>/n дерево
109143	255	103	100	1165215.75	13344.65234	1199558.375	1	0	1 //Безымянный <Убийца>/нХайд
112488	255	103	100	1165217.75	13344.65234	1201305.125	1	0	1 // Безымянный Храм Жреца Тени - Внешний Выход
112489	255	103	100	1134804.625	13344.65234	1225080.625	1	0	1 //Храм Анонимного Жреца Тени - Уровень 2 Вход
112490	255	104	100	1164971.875	13283.64453	1263706.375	1	0	1 //Храм Безымянного Жреца Тени - Уровень 1 Выход
2947	255	104	100	1164396.75	13283.64453	1261581.5	1	0	1 //Безымянный <Убийца>/nMori
3062	100	15	100	302653.2813	15559.31152	1028914.25	1	0	1 //Безымянный <Коммерсант-мститель>/нДейл
680	100	15	100	300710.4063	15557.81641	1024988.25	1	0	1 //Безымянный <Комната ПК>/nHelper
1057	100	15	100	300988.8438	15557.81543	1025632.438	1	0	1 //Без имени <Премиум-сервис>/nHelper
3065	100	15	100	306694.875	15509.02832	1023734.938	1	0	1 //Безымянный <Изменитель Измерений>/нХафен
3066	100	15	100	312898.1563	15557.81543	1023089.438	1	0	1 //Безымянный <Древний исследователь>/nHailun
120877	100	15	100	302463.7813	15557.81445	1028176.625	1	0	1 //Безымянный <Деревня Коконов>/nТорговец Пунктом Демоджар
123716	100	15	100	302804.5313	15557.81445	1029197.313	1	0	1 //Безымянный <торговец доспехами>/nLuden
123717	100	15	100	303454.9063	15557.81543	1029056.375	1	0	1 //Безымянный <Индивидуальный торговец>/n Черный
123730	100	15	100	311645.2813	15557.81543	1020902.438	0	0	1 //Безымянный <Проповедник Аида>/nRelish
123730	100	15	100	306149.8125	15557.81543	1029828.5	0	0	1 //Безымянный <Проповедник Аида>/nRelish
3071	100	15	100	311626.4375	15557.81543	1027183.875	1	0	//Безымянный <Бдительный Кокон>/nArgad
3072	100	0	0	307021	16558.41211	1065791.25	1	0	1 //безымянный <мститель>/nраненый Бриггс
3073	100	20	100	304036.4063	13901.32324	1113638.625	1	0	1 //безымянный <линчеватель>/nCasey
3074	100	0	0	331925.4063	15261.86719	1152885.625	1	0	1 //Безымянный <Научный сотрудник-линчеватель>/nГарри
3075	100	40	100	381766.0313	16399.21094	1152069.875	1	0	1 //Безымянный <главный исследователь-мститель>/nMamon
3067	100	15	100	300954.8438	15557.81543	1021852.75	1	0	1 //безымянный <мститель>/nhuell
3068	100	15	100	305225.9375	15557.81543	1018679.375	1	0	1 //Безымянный <Мститель>/nНортон
3069	100	15	100	310366.25	15557.81543	1018767.688	1	0	1 //безымянный <мститель>/n Энвер
3070	100	15	100	310791.25	15557.81641	1028041.25	1	0	1 //безымянный <мститель>/ншиома
3063	255	10	10	355187.5	15609.90527	291547.875	1	0	1 //безымянный <слушатель>/nalto
3064	255	140	140	309805.8125	14607.16895	190601.7344	1	0	1 //Безымянная подозрительная тень
101320	240	10	10	245299.7344	16216.57617	1023088.938	1	0	1 //Безымянный <торговец линчевателями>/n Из
101321	240	150	20	249859.4219	19092.38672	1054272.5	1	0	1 //Безымянный, потерявший память ребенок
101322	240	10	30	261453.1406	18407	1081956.75	1	0	1 // Безымянный странствующий авантюрист Теро
101323	240	10	60	170996.9531	15283.70801	1078181.375	1	0	1 //Безымянный <Мститель>/nWilliam
101324	240	150	70	175481.1094	18404.73242	1136848.375	1	0	1 //Безымянный охотник за сокровищами Ханс
101870	170	100	220	1589248	13031.57617	697865.75	0	0	1 //Безымянный <Офицер снабжения турнира>/nCanel
101871	160	100	220	1578667	13031.57617	697675.75	0	0	1 //Безымянный <Офицер снабжения турнира>/nKael
101974	170	100	220	1589606.375	12929.8252	698386.125	0	0	1 // Безымянная турнирная боксерская груша
101974	170	100	220	1589593.5	12929.8252	697312.1875	0	0	1 // Безымянная турнирная боксерская груша
101974	160	100	220	1578996.75	12929.8252	697148.25	0	0	1 // Безымянная турнирная боксерская груша
101974	160	100	220	1579012	12929.8252	698244.5625	0	0	1 // Безымянная турнирная боксерская груша
105789	100	15	100	311480.875	15557.81543	1020594.188	0	0	//Безымянный <Осадный телемант Демозар>/nReady
105789	100	15	100	304851.6875	15557.82031	1030124.688	0	0	//Безымянный <Осадный телемант Демозар>/nReady
105790	100	90	100	396233.4375	16564.49219	1162213.875	0	0	1 //Безымянный <Портал движения замка Данеке>/n за пределами замка
105791	100	90	100	397483.6875	16570.05078	1171676.375	0	0	1 //Безымянный <Портал движения замка Данеке>/nВнешний мост
105792	100	90	100	395267.6563	16572.27734	1180174.25	0	0	1 //Безымянный <Портал движения замка Данеке>/nВнутри замка
105793	100	90	100	401148.0625	18471.47266	1182995.25	0	0	1 //Безымянный <Портал перемещения замка Данеке>/nТочка возрождения
105794	100	90	100	398841.8438	18471.20703	1184365.5	0	0	1 //Безымянный <Начальник замка Данеке>/nКеннис
105795	100	90	100	396548.7813	18489.90039	1184403.875	0	0	1 //Магазин NPC <Daneke Castle>/nChief
107134	100	90	100	398895.2813	16573.69141	1161563.875	0	0	1 //Магазин NPC Danke Castle Wandering Merchant
107134	100	90	100	397858.4375	16435.71484	1154470.5	0	0	1 //Магазин NPC Danke Castle Wandering Merchant
107134	100	90	100	392622.0625	16503.23438	1156120.75	0	0	1 //Магазин NPC Danke Castle Wandering Merchant
107156	100	90	100	393756.4063	18471.46289	1183507.75	0	0	1 //Магазин NPC <Только для гильдии торговцев в замке Данеке>/n Странствующий торговец
110275	100	90	100	398442.3125	18471.15625	1184416.375	0	0	1 //Безымянный <Мастерская мастера замка Данеке>/nBent
112131	55	150	50	267728.25	11748.9502	972674.8125	1	0	1 //Безымянный <Аналитик Цивилизации>/nСевита
112132	55	30	50	225945.3438	21920.50977	934211.875	1	0	1 //безымянный <мститель>/нзанд
112133	55	70	50	189329.5469	23520.14648	953962.4375	1	0	1 //безымянный <древний историк>/nroho
112134	55	130	50	135777.3594	20361.46094	996571.4375	1	0	1 //Безымянный Сека рушится
112135	55	50	50	137706.2344	27442.90234	914973.75	1	0	1 //Безымянный <Жрец Тьмы>/n Дункель
112136	55	110	50	117448.7813	28571	948941.4375	1	0	1 //Безымянный Брикко напуган
112137	55	10	50	57342.64453	19212.79492	1019482.25	1	0	1 //безымянный <археолог>/nliz
112138	55	90	50	78235.53906	20504.69922	1050904.125	1	0	//безымянный <мститель>/nbeamus
118203	75	50	200	361688.0938	18566.79688	1124428	0	0	1 //Shop NPC <Daneke>/nBase Camp Merchant
118204	75	55	200	151522.0625	15753.90234	1063665.375	0	0	1 //Магазин NPC <Motona>/торговец в базовом лагере
118205	75	60	200	119229.3047	25406.99414	971421.3125	0	0	1 //Магазин NPC <Ренабе>/nBase Camp Merchant
118786	100	0	0	364540.9688	18552.95313	1120472.625	0	0	1 //безымянный <управляющий особняком>/ndel
118787	75	55	200	156912.2969	15569.40234	1065066.125	0	0	1 //безымянный <управляющий особняком>/нмори
118788	100	0	100	120468.2031	25525.56445	974286.125	0	0	1 //Безымянный <управляющий особняком>/nLusen
118789	55	35	55	1275742.25	13356.86426	582195	0	0	1 //Безымянный <Управляющий Особняком>/nSate
118790	55	35	55	1275788.5	13356.86426	584069.8125	0	0	1 //Магазин NPC <Продавец зелий>/nAren
120937	100	15	100	307136.4688	15557.81543	1029670.75	1	0	1 //Безымянный <Телемантер базы движения>/nZero
120938	175	90	175	265677.25	22495.51367	1011812.063	0	0	1 //Безымянный <Телемантер базы движения>/nMain
120938	175	50	175	215756.7188	13357.50391	1086160.625	0	0	1 //Безымянный <Телемантер базы движения>/nMain
120938	175	10	175	369260.3125	17868.56055	1089489.625	0	0	1 //Безымянный <Телемантер базы движения>/nMain
120939	175	100	175	219649.4063	23663.50195	897966.5625	0	0	1 //Безымянный <Телемантер базы движения>/nsub
120939	175	110	175	55250.66406	30084.4707	955187.3125	0	0	1 //Безымянный <Телемантер базы движения>/nsub
120939	175	120	175	67246.55469	20819.81445	1051993.75	0	0	1 //Безымянный <Телемантер базы движения>/nsub
120939	175	60	175	196301.9688	11691.37109	1147260.5	0	0	1 //Безымянный <Телемантер базы движения>/nsub
120939	175	70	175	179996.8281	17281.61133	1009063.125	0	0	1 //Безымянный <Телемантер базы движения>/nsub
120939	175	80	175	106615.8281	18572.25195	1099037.625	0	0	1 //Безымянный <Телемантер базы движения>/nsub
120939	175	20	175	434331.9063	23573.50977	1119543.125	0	0	1 //Безымянный <Телемантер базы движения>/nsub
120939	175	30	175	294850.2813	12190.04981	1159980.25	0	0	1 //Безымянный <Телемантер базы движения>/nsub
120939	175	40	175	383178.0938	16471.50195	1159605.125	0	0	1 //Безымянный <Телемантер базы движения>/nsub
120943	175	90	175	264444.9688	22527.25391	1011157.5	0	0	1 //Без имени <Внутренний портал базы движения>
120943	175	100	175	219578.0313	23565.02539	899942.5	0	0	1 //Без имени <Внутренний портал базы движения>
120943	175	110	175	55430.86328	29984.29297	957153.875	0	0	1 //Без имени <Внутренний портал базы движения>
120943	175	120	175	68643.125	20722.3457	1050671.875	0	0	1 //Без имени <Внутренний портал базы движения>
120943	175	50	175	221694.3906	13286.08789	1085692.875	0	0	1 //Без имени <Внутренний портал базы движения>
120943	175	60	175	196285.75	11595.04883	1149034.625	0	0	1 //Без имени <Внутренний портал базы движения>
120943	175	70	175	180122.7031	17202.97461	1010962.813	0	0	1 //Без имени <Внутренний портал базы движения>
120943	175	80	175	106710.2031	18481.49023	1100876.5	0	0	1 //Без имени <Внутренний портал базы движения>
120943	175	10	175	368327.0313	17788.74414	1089366.625	0	0	1 //Без имени <Внутренний портал базы движения>
120943	175	20	175	434094.7188	23472.04883	1121396.25	0	0	1 //Без имени <Внутренний портал базы движения>
120943	175	30	175	294930.9063	12088.66992	1161831.5	0	0	1 //Без имени <Внутренний портал базы движения>
120943	175	40	175	382969.8438	16370	1161360.875	0	0	1 //Без имени <Внутренний портал базы движения>
123214	175	90	175	270759.125	22424.54492	1013360.875	0	0	1 //Без имени <Внутренний портал базы движения>
123214	175	100	175	219947.2188	23565.39844	896065.875	0	0	1 //Без имени <Внутренний портал базы движения>
123214	175	110	175	55562.57813	29983	953297.625	0	0	1 //Без имени <Внутренний портал базы движения>
123214	175	120	175	65671.92188	20735.45703	1053060.375	0	0	1 //Без имени <Внутренний портал базы движения>
123214	175	10	175	375454.6563	17770.28906	1087005.625	0	0	1 //Без имени <Внутренний портал базы движения>
123214	175	20	175	434416.5313	23472.87891	1117775.5	0	0	1 //Без имени <Внутренний портал базы движения>
123214	175	30	175	295202.9063	12097.23535	1158153.625	0	0	1 //Без имени <Внутренний портал базы движения>
123214	175	40	175	383494.7188	16389.875	1157734	0	0	1 //Без имени <Внутренний портал базы движения>
123214	175	50	175	215978.875	13255.99512	1081540.625	0	0	1 //Без имени <Внутренний портал базы движения>
123214	175	60	175	196136.25	11593.68945	1145332.75	0	0	1 //Без имени <Внутренний портал базы движения>
123214	175	70	175	179880.0625	17171.76172	1007262.438	0	0	1 //Без имени <Внутренний портал базы движения>
123214	175	80	175	106586.3438	18474.99805	1097080.875	0	0	1 //Без имени <Внутренний портал базы движения>
120944	175	90	175	265394.75	22495.51367	1011010.125	0	0	1 //Без названия <Внешний портал базы движения>
120944	175	110	175	55278.82813	30084.4707	956353.875	0	0	1 //Без названия <Внешний портал базы движения>
120944	175	120	175	68036.15625	20819.81445	1051150	0	0	1 //Без названия <Внешний портал базы движения>
120944	175	50	175	220905.8438	13357.50293	1085396.25	0	0	1 //Без названия <Внешний портал базы движения>
120944	175	60	175	196273.2813	11691.37012	1148457.875	0	0	1 //Без названия <Внешний портал базы движения>
120944	175	70	175	180031.9375	17281.61133	1010281.125	0	0	1 //Без названия <Внешний портал базы движения>
120944	175	80	175	106666.2813	18572.25195	1100194	0	0	1 //Без названия <Внешний портал базы движения>
120944	175	10	175	369082.1875	17868.56055	1089155.25	0	0	1 //Без названия <Внешний портал базы движения>
120944	175	20	175	434154.75	23573.50977	1120822.5	0	0	1 //Без названия <Внешний портал базы движения>
120944	175	30	175	294889.9063	12190.04981	1161167.625	0	0	1 //Без названия <Внешний портал базы движения>
120944	175	40	175	383028.25	16471.50195	1160792.75	0	0	1 //Без названия <Внешний портал базы движения>
120944	175	100	175	219509.6563	23663.50195	899063.3125	0	0	1 //Без названия <Внешний портал базы движения>
120945	175	90	175	270112.8438	22495.51367	1012789.625	0	0	1 //Без названия <Внешний портал базы движения>
120945	175	100	175	219885.7969	23663.50195	896730.6875	0	0	1 //Без названия <Внешний портал базы движения>
120945	175	110	175	55463.92578	30084.47266	954025.75	0	0	1 //Без названия <Внешний портал базы движения>
120945	175	120	175	66213.95313	20819.81445	1052556.375	0	0	1 //Без названия <Внешний портал базы движения>
120945	175	50	175	216480.5156	13357.50293	1082140.25	0	0	1 //Без названия <Внешний портал базы движения>
120945	175	60	175	196217.1563	11691.37012	1145979.25	0	0	1 //Без названия <Внешний портал базы движения>
120945	175	70	175	179921.75	17281.61133	1007917.5	0	0	1 //Без названия <Внешний портал базы движения>
120945	175	80	175	106577.9141	18572.25195	1097788.5	0	0	1 //Без названия <Внешний портал базы движения>
120945	175	10	175	374729.125	17868.56055	1087275.25	0	0	1 //Без названия <Внешний портал базы движения>
120945	175	20	175	434463.375	23573.50977	1118346	0	0	1 //Без названия <Внешний портал базы движения>
120945	175	30	175	295079.1563	12190.04981	1158735.5	0	0	1 //Без названия <Внешний портал базы движения>
120945	175	40	175	383395.0938	16471.50195	1158380.75	0	0	1 //Без названия <Внешний портал базы движения>
125089	255	10	10	348577.4063	16411.21094	300460.1875	1	0	1 //Безымянный <Приказ пробуждения>/nАнна
125090	255	101	100	138598.375	27449	64597.79688	1	0	1 //Безымянный <Великий Мастер>/n карт
